1,2,3,4,5
-1.1208,-1.6034,0.3597,2.1941,1.2371
0.3640,-1.2722,-0.1075,-0.3579,-2.0972
0.2163,-1.6692,-1.1629,-2.3243,-0.3349
0.6438,-1.8790,0.1956,-1.6750,-1.7243
0.7634,-2.9741,-2.0297,2.4759,-0.0322
1.2293,-0.1788,0.3482,-1.1651,-0.3867
1.3481,0.3102,-2.8190,-0.8032,-1.7687
0.1794,-2.5456,-0.1681,-1.7455,-3.0885
1.3510,0.5892,0.5313,2.8306,-1.8031
2.0919,0.6053,-0.2891,-1.5670,-0.9491
-2.4658,-1.2080,0.7891,0.0891,0.0390
1.8342,-1.9507,-0.0796,-0.6675,3.7299
1.2714,0.7029,-3.9406,-3.3757,-2.0956
-2.5334,-1.9039,0.5694,0.9846,2.3977
1.2327,-0.6337,2.0426,0.0651,-1.1689
-0.8020,-0.5928,1.6507,-0.0875,1.8026
-2.7557,0.6698,3.1221,-1.0693,-0.0187
-0.8996,-1.4926,0.7927,-1.1138,2.6132
0.7244,3.2367,-2.0418,-4.2933,-0.8577
-1.0004,-2.1008,0.0026,1.7845,2.3632
-0.0857,-2.2513,0.1640,-0.9420,-1.7144
-0.0295,-2.6499,0.3087,-1.0196,-2.6044
-1.2825,-1.3078,0.7908,1.1216,1.5403
-1.1796,-1.8338,0.3566,3.5815,2.5232
-0.8820,0.1701,1.6999,1.3457,-1.8054
1.4259,0.0732,1.9244,-0.7956,-0.1131
0.2923,0.5304,0.1183,0.3930,-0.0223
2.6185,0.8023,4.4796,-1.1106,-0.6264
1.5221,2.1293,-0.5644,-1.4751,1.0149
0.5629,-1.2955,0.3667,2.2287,1.2401
-0.3775,-0.6097,1.2465,0.4005,0.5425
-0.2901,0.7900,-1.0877,-0.7241,-0.7915
0.8740,-0.5822,0.7063,-1.3120,1.3585
2.2322,0.7161,-4.7386,-4.5803,-4.3127
0.9786,1.6528,2.2594,-0.4794,0.1242
-0.7442,1.4730,-0.9859,-1.2701,-1.9291
-1.9898,-0.0910,2.6258,1.9805,2.3166
0.5590,-1.7790,0.1190,-1.1167,-1.3002
2.9419,0.5514,-2.0775,-0.5873,-3.2990
0.8596,-1.8450,-0.1864,1.2038,1.8416
1.1137,0.3024,1.4811,-0.3754,1.8036
-3.2280,-0.3349,2.3048,-1.1452,1.1059
0.9300,-1.3801,-0.0417,1.7691,0.1863
0.5927,0.9676,-0.7244,-0.3761,-1.4455
0.6605,-2.2733,-0.7750,0.5929,1.5652
1.3396,-0.9038,1.1883,-0.6183,-0.9556
-0.9088,-0.7501,1.5714,-0.7146,2.1338
2.6587,-0.4404,-2.2139,-1.0979,-2.7507
1.5468,1.3957,-1.9193,-2.5724,-1.4463
3.2057,-1.9005,-1.2242,1.4346,-0.0727
1.5181,0.2893,1.7003,-0.7546,0.6548
0.2375,-2.3002,-1.0195,0.2992,0.3076
1.1059,1.4281,-0.1418,0.4797,-1.2651
0.7321,-1.5893,1.3284,-0.1999,-1.5613
-1.6124,-0.4341,1.7479,0.0744,0.7282
0.4723,-0.3173,0.5124,-0.1949,2.2906
-0.5460,-3.9081,-0.8164,-1.7328,-2.2223
-0.5005,1.8972,-0.0893,-2.3040,0.3714
0.7296,-1.3227,0.8025,-0.8594,-0.0250
-2.1247,0.7562,3.4177,0.1661,1.0978
0.4219,-2.2437,-1.3491,1.0332,-1.1323
0.7769,-1.6163,0.3322,-0.9043,-1.7945
-1.1955,-1.2273,1.0962,3.9168,2.2742
-2.5138,-0.8618,1.7317,-0.7135,2.1337
2.3543,1.7821,2.1145,0.6498,-0.8748
-3.1030,-1.1152,1.4563,2.2545,1.6284
-0.4065,2.2726,-1.5871,-2.4743,-1.0320
-1.8475,-0.2979,2.1202,-1.5821,1.3586
0.4926,1.5472,0.7966,0.6562,-0.1130
0.5530,1.9829,-0.4016,-1.4874,1.3441
-2.2487,0.4850,3.2833,-2.0012,1.8483
2.5463,-0.2219,2.9200,-1.4134,-3.3617
-1.1277,-1.3700,0.3070,1.1312,-0.1828
-0.1756,-1.0574,0.9742,-0.7058,1.7961
-0.2140,0.1625,0.0405,0.2671,-0.6008
-0.1064,-2.0721,-0.2806,1.7862,1.9769
1.1150,-1.1426,1.8888,-1.1478,-2.3608
1.9959,0.9188,0.3251,-1.0972,-2.2883
0.4898,-2.2699,-0.5560,-1.1899,-4.7282
-2.0199,-0.7100,1.4156,2.4818,0.3291
2.1052,-2.3918,-1.7374,2.0925,-0.6548
1.4072,-1.2016,1.4541,-1.3998,-2.6286
1.3853,0.2470,0.5255,-1.3835,0.9706
-1.8065,2.5432,-2.0116,-2.2394,-0.2955
1.7780,0.1778,1.2644,1.8415,-0.8802
1.6615,-0.9891,2.3257,-0.7703,-1.5454
0.7192,-2.5069,2.1616,-0.3449,-3.1897
-0.5361,-0.1811,1.8470,0.2952,0.6850
-0.7447,-1.0246,1.2813,1.1391,2.4557
-2.5179,-0.7782,1.6266,1.4771,1.2009
-1.4948,-0.4418,1.1664,1.3415,-1.7048
0.7208,-2.0860,0.8590,-0.5591,-2.7778
2.3548,-0.0660,-0.6088,-0.1821,-2.1214
1.2385,-0.5214,0.3867,-1.7001,0.8898
0.9872,-0.5031,-3.9252,-0.7164,-2.2608
-1.2919,-2.0760,-1.0059,3.8493,-2.0477
0.7192,0.2333,0.0276,1.4428,-0.4364
-0.2849,-1.4068,0.0301,0.7495,-0.3395
2.4132,0.5900,3.5991,-0.2688,-1.4201
0.3711,-1.9958,-0.5350,-1.2381,-0.4848
0.0663,-2.1046,0.5080,-1.6206,-1.8940
2.0563,0.2329,-2.4496,-2.7030,-2.1696
0.5900,-1.9318,0.4664,-0.7857,-1.5855
3.6816,-0.0186,-2.3220,0.0946,-3.5988
-1.5740,-1.9213,0.2885,1.3912,2.2484
0.2526,-1.8475,-0.7111,1.6031,-0.6435
0.2357,-0.8672,1.3774,-0.3608,2.8064
-0.7956,-0.6171,1.1905,1.8763,0.2024
-2.5007,0.0541,2.1683,0.4625,-0.8285
1.2086,-1.2830,1.9214,-0.8585,-3.6299
1.4298,0.2819,2.4511,-0.4655,1.7464
0.7112,0.6586,-1.0020,-1.5318,0.1899
0.3973,1.2153,-0.7225,-1.2836,-2.8987
-1.6281,-0.1183,1.5920,2.6976,-1.5170
-0.4254,-0.3148,1.4091,1.2153,-0.3301
1.2822,-0.9598,1.1727,-0.8151,-1.5171
0.7380,2.3618,-1.1811,-2.8003,-1.5732
0.8508,-1.3876,1.0033,-0.3109,-0.8981
-0.9257,-0.3974,1.3962,1.3461,-0.4391
0.6687,-2.2203,-0.0463,-1.7466,-2.4701
1.1669,1.9716,0.6023,0.7068,-1.0588
-3.1899,0.6578,3.3993,-0.8539,0.5978
2.8537,1.2809,4.0824,-1.1420,-1.8361
0.7040,-1.0796,0.0267,2.3693,-1.2761
1.9879,0.2141,1.1346,-0.6595,-2.4361
-1.3047,-1.4359,0.3098,2.3759,0.0955
-3.8408,1.1355,4.6293,-1.0634,2.7752
0.7418,2.4933,0.2060,-1.8203,1.0533
-1.1935,-4.1098,-3.4455,-1.6934,-2.5138
-1.0313,-2.1068,-0.5637,2.1581,0.0530
1.4907,-0.9664,1.9709,-1.7011,-1.0071
-0.4300,-0.9751,1.5386,-0.5556,3.5984
1.7064,1.2960,0.5340,1.6877,0.3464
-0.4065,-1.1410,0.3218,1.6295,-0.6610
2.3422,-0.1231,-0.6801,-1.9047,-0.7480
-0.1095,-2.4743,-0.0465,-0.3870,-1.8188
-0.8036,2.6450,-1.6834,-0.7484,-1.8851
-1.3178,-1.5293,0.7433,1.0216,2.4686
-0.5731,-2.6204,-0.3061,-0.7443,-2.0284
0.6653,1.5632,1.2446,0.7085,0.0538
0.6247,0.6389,-0.1356,-0.1011,1.0488
1.2150,0.6914,-0.0801,1.2111,-0.5785
2.6450,2.0701,4.3949,-0.7548,3.4441
-3.9363,-0.1158,3.1041,1.1299,2.7849
-0.9351,-1.1965,0.6805,-0.5167,0.7337
1.5508,-0.2045,2.3708,-0.1820,-2.0065
0.0905,-1.8432,-0.0581,0.7076,1.6791
-1.4283,-0.5098,1.2647,-0.1525,-0.7839
1.2911,0.8297,-2.0905,-1.9102,-2.1695
-0.8314,-3.9930,-1.5988,-0.7212,-4.0440
1.3077,1.4351,-2.6078,-2.3307,-0.5844
-2.8190,-0.7369,1.3255,2.1983,-0.5769
-1.6763,-0.5176,2.3793,-0.4220,3.5252
-1.4702,-0.6873,1.1077,1.8092,-0.5114
0.9113,-1.1569,0.4631,-1.2358,-0.9780
2.3123,-0.1499,2.1048,-2.0724,-1.4523
0.6940,0.7862,-2.2680,-1.4407,-2.9120
1.7440,-0.1254,3.1114,-0.6667,-0.6551
3.3527,0.7158,2.1264,0.6657,-0.3118
-1.7514,-0.6504,1.4312,0.3402,0.3146
-0.0999,-0.7817,1.2216,0.3139,1.5734
1.4372,-0.7496,1.6118,-0.2475,-2.5240
0.1852,1.2527,-0.9020,-2.2394,-0.2782
-2.7292,-1.1788,1.6120,3.2898,2.9502
-0.6628,-0.5821,1.5694,1.2240,1.5828
-0.0170,-1.9813,-0.4321,1.3361,0.6715
2.2396,1.0738,0.5209,-1.2584,0.3442
0.2991,-0.6984,-2.3890,-0.5503,-2.0895
0.5001,-1.5893,0.1061,2.2055,1.4555
2.4505,0.8819,2.3046,-1.6641,2.2917
3.3126,1.2515,-0.4017,-2.8002,0.3943
1.1126,1.3166,0.8516,-0.6467,1.0739
-0.1330,0.6028,-1.3186,0.6301,-2.6466
2.1337,0.2454,2.4608,-0.6589,-1.7971
-2.3166,-1.2565,1.0692,0.3122,1.5846
-0.9506,-1.6412,0.6375,0.9059,2.6477
-0.6131,0.8578,2.3246,1.9011,-2.3940
1.2845,0.2537,-2.5839,-1.2522,-2.9877
2.6760,0.3620,-1.9209,-1.3998,-1.3009
1.2957,-0.5214,1.1177,-1.5823,0.8614
-0.6728,2.1192,-1.1359,-0.8268,-0.9973
1.1488,-2.1178,0.6527,-1.6244,-4.2123
0.2826,-1.5117,-0.0535,0.3159,0.2487
1.7216,-0.3513,-1.8917,-1.2106,-1.4550
-0.0309,-1.7260,0.9653,-0.8788,2.0785
-1.2935,1.9008,-0.5063,-0.1194,-1.0346
-0.8822,-1.3281,0.3700,2.1296,0.0584
0.9113,-0.8666,1.7746,-1.6665,1.3535
-1.4745,-1.1477,0.7100,2.9523,0.2452
0.2584,-0.8631,-0.8562,-1.1376,1.3053
-1.8775,0.6888,3.5920,-0.8273,2.4401
-2.3268,0.2223,2.8213,2.5723,1.2666
2.3494,1.5932,2.6978,-0.8242,1.9425
-2.1892,1.1175,3.6128,-1.1975,0.1788
-2.1918,-0.0870,2.2525,1.4971,0.5367
-0.6158,-0.9712,1.1871,-0.9616,1.8316
-3.3686,0.3172,3.5905,-0.1737,2.8870
1.9062,0.1783,-1.3966,-0.3312,-1.5593
0.4844,0.5135,0.6080,2.8774,-0.6723
1.6656,0.5306,-1.1448,0.5224,-1.4465
-0.5853,3.0818,-3.3511,-1.3008,-1.0483
0.1017,0.3798,-3.3949,-3.2044,-1.8282
-0.5615,-2.8431,0.2134,-0.6365,-0.9528
-2.9681,0.2165,2.6470,1.8487,-0.1114
0.1665,-1.5256,0.2124,0.7197,1.5874
0.7131,-1.0425,0.1683,-0.7950,-0.6344
1.2291,1.7890,-2.9670,-0.5691,-1.1388
0.2638,0.4907,0.4539,2.3356,-0.3725
0.1002,-3.1582,-0.4328,-1.2301,-3.5742
0.6816,-2.1920,1.0246,-0.5482,-3.8810
-2.5777,-0.0068,2.9962,-0.7114,2.7268
-0.2571,-1.1077,0.4416,0.4963,-0.0649
2.4366,1.1262,-0.5100,-0.1184,0.7444
1.5573,0.1555,3.0370,-0.2926,0.4457
1.1715,0.2442,-3.8703,-3.6705,-0.9210
1.2558,0.2634,1.0599,0.1073,-0.7378
0.2355,-2.3856,0.4194,-1.1135,-0.4821
2.1237,-0.0553,-0.5724,-1.4113,0.0773
1.2381,-1.9912,0.8658,-0.5680,-5.4941
-0.9147,-2.6562,-2.1503,-1.0296,-0.8823
2.1718,0.2911,2.6190,-0.3821,-1.8172
1.5027,0.2286,-0.6400,1.2833,-0.3230
1.3000,0.4675,-0.3441,-1.9501,-0.6149
1.7992,0.0433,1.9501,-2.0842,-0.1222
-0.8897,-0.0931,2.1382,0.6022,1.0676
0.4538,2.7675,-1.8029,-2.5625,-0.6327
-0.0265,2.1120,-1.7637,-1.7939,-0.1156
-2.4893,-1.2688,1.1673,1.2036,1.8709
-0.2638,-1.3506,0.0180,-0.0004,1.4404
1.0092,0.3415,0.1863,1.2860,-1.3538
0.8235,-0.8761,1.9752,-0.5028,-2.3687
1.4900,-0.7898,-2.0722,-0.4084,-1.6903
-1.2397,-2.7030,-1.8471,-1.4981,1.3759
1.4332,-0.2205,-3.3901,-3.3574,-1.6276
1.8278,0.4276,1.5282,-1.2488,0.2818
1.4193,-0.1327,-1.4262,0.9516,-3.2673
1.0027,-2.2431,1.1730,-1.6513,-4.0426
0.2237,-1.1195,0.5333,-0.2338,0.6181
2.0115,-3.2475,-2.3883,5.7411,0.9397
-3.3348,-0.0940,2.9599,0.3857,2.5363
2.4502,-2.7916,-1.7514,3.7342,1.8097
0.7320,-2.5759,1.1409,-0.5443,-3.7937
-0.7551,-0.3377,1.8383,-0.5688,1.3647
1.2689,-1.1881,2.2534,-0.2512,-0.9994
-1.4215,2.1301,-1.0254,-1.0604,-2.5504
1.0473,-1.5099,0.3303,-1.3741,-4.1918
-1.3162,-0.6785,1.7354,-0.0554,2.0746
0.4112,2.1147,-0.8863,-2.2587,0.3908
2.9974,-1.4596,1.6345,1.0252,1.9561
1.1044,-1.3159,0.2543,-1.6834,-1.3696
0.6299,-1.6984,1.2701,-1.2224,-1.0019
-0.8473,1.0922,-2.5139,-0.0693,-2.0997
1.1416,0.1268,1.1429,-0.3008,0.4159
-1.3621,-0.0439,2.7515,-2.9094,2.9209
2.3036,-0.0500,0.6148,-1.2987,-1.1157
0.9647,-1.3230,-0.4931,2.2005,-1.6328
1.4733,1.0430,-0.6485,-1.5260,-0.7461
-2.1277,-1.6580,0.4951,1.3084,1.2557
1.1889,-0.5040,-0.3901,0.2749,-1.0902
2.5268,-0.6250,0.5117,1.4317,-1.0115
-1.0823,-1.2611,0.2470,1.0329,-0.8467
1.0010,-0.7880,0.4408,-1.0515,-1.9413
1.4050,-0.8586,1.3921,-1.3330,-1.7515
3.7237,-0.7327,-0.5471,-0.6357,-1.6342
-1.0844,-1.1019,0.5092,0.4079,-0.6547
1.2669,1.3423,1.0696,-0.2843,0.1616
2.5543,-1.9008,-1.2123,2.6763,-0.3553
0.2891,1.1326,-0.5073,0.1071,-1.3970
1.7646,1.1178,0.1994,-1.2476,-0.8204
1.3084,-0.4564,1.8963,-0.1990,-0.6199
-0.1568,-2.2117,-1.1239,2.8962,-0.8668
0.2571,0.0621,-0.3107,-0.8556,3.1965
1.5530,1.5203,0.4038,0.1232,0.1949
-0.8961,-3.3871,-1.2992,-0.6704,0.7510
0.4375,-1.4917,1.2934,-1.2550,-1.0784
0.7373,1.0306,0.1130,-1.7048,-0.0265
-1.9756,-1.1718,0.8927,0.4794,0.5984
2.5652,-0.3186,0.0035,-0.6060,-1.5700
1.9826,-0.9193,4.1264,-0.4348,-4.2558
-3.0175,-0.1583,2.2597,4.0984,0.0695
-1.5048,-0.0917,2.6914,1.0824,2.8520
2.3616,1.2206,-5.4519,-4.6809,-3.3086
0.4025,-1.0946,0.5351,-0.4222,0.6110
1.0568,-2.5645,-1.7002,2.1751,-0.6531
1.3382,-0.3038,1.3972,-1.4129,-0.1976
2.4512,-0.0741,2.0314,-0.0366,1.4233
-1.4547,-0.4380,1.0689,1.1148,-2.0190
-0.5617,-2.2851,-1.8704,-1.9100,-0.0379
1.2186,2.6790,-1.9403,-4.2237,-0.9784
0.7801,-0.6667,1.4415,-0.8578,1.1239
-1.1259,-1.3195,0.0883,2.6354,-1.0825
0.9960,0.4547,-1.1584,0.3046,-1.3317
1.2936,-0.1029,0.3461,-1.2053,-0.0152
-1.2568,-1.2734,0.5915,0.8943,0.3989
0.1025,-0.0354,-3.0759,-0.3053,-1.9720
0.2606,-1.7413,-0.0426,2.8350,1.5819
1.6578,0.3681,-2.5325,-2.5518,-1.2999
0.2328,-2.6183,-0.8374,-1.3180,-1.9017
-0.3739,0.9307,-0.1193,-0.5327,-0.4801
0.7061,-0.8703,0.1330,-0.6548,0.7669
1.0148,-1.0988,1.1441,0.3863,-0.7208
1.4877,-0.2166,1.1309,-2.1106,0.6369
2.3303,1.0006,0.5495,0.8463,0.1048
0.2471,1.8297,-2.8488,-1.2004,-1.5387
1.2863,-0.0810,1.9752,-1.5784,1.1819
0.4519,-1.5028,0.5083,-0.9602,0.6182
-0.0603,1.7964,1.0396,-1.4096,-0.8827
0.1533,1.9252,-0.9193,-3.5496,-0.0506
-0.6539,0.9615,-2.0949,-1.8683,-1.0062
1.0606,-1.6462,1.0557,-1.8872,-2.9527
0.3055,1.2404,-3.4250,-2.4570,-1.7661
0.8084,-2.0216,1.7145,-0.7725,-2.7853
-2.4977,-0.4274,2.1402,-0.0095,1.4396
0.3622,-2.2842,-0.6497,0.8086,1.7448
-0.0995,-2.3721,-0.5596,0.1579,2.5319
1.4660,-0.5772,2.2720,-0.5645,-2.9696
2.4256,0.6063,3.9330,-0.6673,-0.1220
1.6150,0.5021,-1.6051,-1.4850,-1.0624
0.3752,-0.3913,-1.4651,0.0637,-2.7867
0.9258,-1.6078,-0.3895,-0.0681,-0.0979
2.5479,1.1689,3.2187,-0.1345,-0.0706
0.4326,-1.4535,0.6609,-0.0570,-1.1999
-0.3625,-1.6626,-0.5165,3.1254,-1.3560
0.1255,-1.8419,-0.3316,-1.2083,0.4352
0.1857,-1.5175,0.2095,-0.7450,-2.3260
1.2000,2.0154,1.1511,-0.6413,0.9566
-0.0713,-1.3113,0.3148,-0.5805,0.9994
-0.1454,-0.5498,0.2818,1.3103,0.0690
-2.5959,-0.8430,1.6771,4.1440,1.6019
0.3609,-1.6107,-0.0286,0.1217,1.1741
-0.6815,-0.9541,1.1882,-0.1632,1.7596
1.3588,-0.2947,1.8749,-0.5122,-0.7177
-0.3561,-2.5278,-2.1299,-0.6838,-1.5829
1.3759,-0.5546,-2.7472,-0.6659,-2.1547
0.5792,-1.3337,-0.8186,-1.3199,-0.9438
1.1021,1.8357,-0.3015,-0.8942,-0.3464
1.5654,-2.7400,-1.7986,1.0030,0.4386
0.7653,-1.7388,-0.5758,0.4176,-0.1682
1.4650,0.4598,-0.0779,-0.1873,-1.0434
-1.6881,-1.4143,0.4942,1.7475,0.4128
1.3565,0.3312,1.3199,-0.6735,1.7754
-2.9727,-0.2501,2.4113,0.6118,1.2798
-0.7038,3.8307,0.8229,-2.7176,2.9657
-1.7394,0.5486,3.6804,-0.6358,3.5568
2.6085,0.2791,1.9045,-1.5709,-1.6198
-0.3708,2.0486,-5.4673,-3.9329,-1.7833
-1.7220,-0.3157,2.1881,-0.3055,1.8125
1.1374,0.0948,-1.1316,-0.7187,-0.6238
2.1853,0.6656,-3.5045,-3.4444,-1.2293
0.5788,-1.1091,0.8716,-1.4847,-2.3460
0.2595,1.3431,-0.4608,-1.9818,-1.4057
-0.3084,-1.0030,1.2302,-0.0225,2.5642
-2.0007,-0.9180,1.1487,2.8774,0.2774
-0.5083,-2.1749,-0.2552,1.5680,2.0383
0.7559,1.4322,-2.5770,-1.4424,-1.3543
0.2517,1.6367,-2.0289,-3.2056,0.4212
-1.9253,-0.6390,2.1700,-0.5781,3.2173
2.3478,0.7019,2.9066,-0.1979,-2.1207
0.0636,-2.4645,-1.4653,-2.6728,-1.4154
1.3244,2.3095,0.3087,-1.1550,-0.4165
-1.2704,0.3309,2.6031,-2.2938,0.6355
0.5291,-2.1379,0.1240,-2.2461,-1.6345
1.4481,2.3826,0.7363,-2.5959,0.7923
1.7538,-0.9472,1.2626,-0.6367,-4.0393
1.2961,-1.7618,-0.4932,-0.0026,0.6862
-3.0985,-0.0212,2.5830,1.4544,0.8378
0.5340,1.2341,-0.9465,1.1002,-1.6170
0.4404,2.0401,-0.4501,-2.1402,-0.7685
1.7488,-0.3417,0.3484,-1.6865,-1.9924
-1.9153,-0.7300,1.3169,2.7974,0.2337
-0.4735,1.1794,-1.9835,-0.5442,-2.7826
-0.4264,-0.1070,1.7637,0.5091,0.2495
1.6842,0.4449,-1.0408,0.1197,-2.8246
0.7269,-1.4787,0.3835,-2.2721,-1.0856
0.4659,-2.3742,0.4159,-1.1923,-2.2411
-2.0719,0.3172,2.5424,0.9863,-0.1300
2.2849,0.1284,-0.6204,-0.8459,-1.7005
0.6423,0.2196,1.8013,0.5072,2.8326
-0.4537,-1.7662,0.3664,1.2322,2.7790
-1.8104,-3.9914,-1.6082,-1.0434,0.1205
0.7904,1.8500,-2.3108,-3.3508,-1.4169
0.5782,0.5596,1.4222,-0.2548,0.1116
0.4298,-1.2504,0.6041,-0.9953,-0.4155
-0.8754,-2.2925,-0.5989,5.3754,1.0673
1.6949,1.3073,-3.9828,-1.7235,-3.5004
1.6461,1.9268,-0.1464,-2.3946,-1.4088
-0.7862,2.1786,-2.3505,-1.4058,-2.1903
-0.2406,0.4512,-2.9071,-2.8623,-4.5081
0.1625,-1.9470,-0.2475,2.2308,1.4903
-1.3209,-0.5115,1.2894,-0.0915,-0.3859
1.6063,0.9191,0.4107,-0.6713,-1.6172
0.4111,1.4863,-0.6428,-1.2120,-0.7517
-0.8334,-1.9718,-0.0655,1.2598,1.5921
2.0088,-0.7057,1.1842,3.0865,-1.5565
-0.1433,1.0022,0.8475,-1.1497,-1.4999
0.7869,-1.5246,1.2942,-0.5231,-3.0168
1.2193,0.9869,2.4023,0.9991,1.0398
1.0769,2.2585,-0.0752,-2.2377,1.6036
0.3988,-1.8001,-0.9540,-0.7934,-0.9090
0.8667,-0.8972,0.5609,-1.1876,-0.7956
-1.1148,-2.9505,-1.7817,-1.6181,0.6944
-1.2567,1.6969,-1.5172,-2.0065,-0.7430
1.7437,1.3597,0.6817,-1.8528,0.9246
0.8929,-2.2198,-1.0736,2.9808,0.1003
-0.5377,2.3577,-0.0677,-2.5152,2.2854
1.4846,0.6838,0.7704,1.1874,-0.8247
0.2739,-1.6144,0.3692,0.9582,2.6159
1.0548,-1.9046,0.2031,-2.4314,-2.0308
0.3086,2.1350,-1.2558,-3.1014,-0.1107
0.4482,-2.2522,-0.0134,-1.4133,-3.2740
-2.3455,-1.4808,1.2951,1.4486,3.5488
-1.8981,-0.1453,1.7869,0.5548,-0.6434
-0.5421,1.6568,-3.4817,-1.5924,-3.0264
-1.2541,0.4693,2.9101,-1.2591,1.1464
0.8164,-1.5484,0.9859,-0.5024,-2.0395
0.9086,-1.1624,-1.4966,1.2889,-0.7338
0.5950,1.4335,-0.4808,-0.3188,-0.8491
0.2628,2.0268,-0.7993,-1.3907,-1.5615
1.8247,0.4839,1.6021,-1.0736,-0.3447
-2.0793,0.0103,2.8405,-0.8390,2.4892
0.8097,0.6611,-2.6517,-0.7583,-2.0062
0.3974,0.7085,-3.8838,-2.6044,-2.4390
2.4164,1.6911,2.5612,-1.2143,2.2059
1.6452,-1.1929,0.8777,-2.1278,-1.2304
0.6293,1.0534,-0.4534,-0.8972,-0.9442
-0.5744,-4.0359,-1.9864,-2.0480,-2.9919
-2.7703,-2.2216,-0.5959,5.1182,-0.8558
0.6669,0.3442,-1.8177,-0.4136,-1.2336
0.5342,-0.4028,0.2062,-0.3585,-1.0689
1.9750,0.0725,0.5796,-0.0391,-0.9241
0.0381,-1.0328,0.9663,1.5616,1.8554
1.4883,1.8216,-0.2773,-2.6742,-0.9774
0.9866,-0.0537,-3.5725,-1.9797,-1.8841
1.0894,0.4504,-1.2655,0.0251,-2.6345
-2.4185,-0.9960,1.5210,3.5537,1.8762
1.4227,1.6920,-0.0092,-1.2329,-1.3977
-0.3011,-0.6658,0.7620,2.1486,-0.9700
0.1451,1.3677,0.0986,-0.1437,0.8358
1.4880,0.1905,-0.8335,-0.2291,-1.7736
1.3442,0.4792,-1.0748,-1.9293,-1.7728
-0.5991,-3.2974,-0.5865,-1.2068,-1.9087
-2.9676,0.2116,2.2656,1.4135,-1.3147
0.6808,1.2627,-0.3589,-0.0617,-0.1867
0.6586,-0.3349,0.9640,-0.8774,1.4512
-0.4023,0.9276,-2.0183,-1.6294,-1.2043
1.6384,0.7624,2.9281,3.3207,1.2609
-2.2333,-1.4402,0.9793,3.4292,1.9886
1.4991,-1.8055,-0.6038,0.6104,0.5991
0.5850,-0.9497,0.7708,0.9458,1.2808
0.8512,-0.9121,-0.0926,-0.5559,-2.3468
-0.5301,-0.7295,1.1035,0.5522,0.4027
-2.8748,0.4003,3.1501,-1.6973,1.1495
-2.0615,-0.5093,2.2250,0.6515,2.5341
-2.5805,0.3130,2.9413,-0.4143,0.9876
1.2978,0.9188,-2.4884,-2.3500,-2.1340
-3.0837,0.3624,3.4584,0.7082,2.4876
-0.9828,-1.4639,0.0832,1.0893,-0.4798
1.5460,-1.1156,1.2145,-1.6302,-1.9046
0.4636,-2.3036,1.5545,-0.7708,-2.1373
-2.6236,-0.5081,1.5064,2.5038,-0.6641
-3.3034,-0.6399,2.1556,0.5459,1.8854
1.4048,-0.2110,0.7278,1.1491,-0.7261
-2.3062,-0.2040,2.8632,-0.0097,3.5717
0.4186,-2.7236,-0.3924,-1.6836,-4.8628
0.7755,0.7562,-0.2299,0.8713,-1.4517
-1.4601,0.4538,2.8397,-1.9197,0.9136
2.2351,-1.3251,-0.7402,0.7364,-1.7300
-0.0628,-0.9088,0.9989,-0.7251,1.4907
-0.7812,1.8848,-2.0410,-2.7921,-1.8477
1.5592,-2.0104,-0.6718,0.3797,1.4163
-1.4137,-1.4884,0.1898,3.0017,-0.2582
-0.5373,1.1158,-2.2248,-2.4331,-1.0465
2.5484,-0.3794,1.1219,1.6779,-1.0770
2.3947,0.2684,2.7016,-1.0835,-2.3248
2.1020,1.1058,-0.6160,-0.3843,-1.2601
2.5497,0.1589,3.2213,-0.7457,-1.7822
2.3258,0.5826,3.1180,-0.5624,-0.2139
-1.7433,-1.3960,0.4673,2.3936,0.2000
0.4723,1.1426,-2.6514,-2.0840,-1.8823
2.2655,-0.4755,2.1965,-1.7065,-2.7074
-0.6944,1.3467,-2.3658,-1.0391,-1.0728
0.1306,2.0054,-1.3254,-2.2769,-2.1969
-1.5549,-1.2564,0.4537,1.1786,-0.3820
-0.0964,-3.2042,0.3647,-0.6016,-4.5689
1.2202,-2.3739,-1.1697,1.6033,1.0334
0.8032,-1.8657,2.0812,-0.3096,-2.3949
-1.8358,-0.9961,0.7047,3.7764,-0.8946
0.2833,-1.5480,-0.9512,-2.1609,-1.4685
3.6092,-1.9944,-5.4316,-5.4256,-3.3053
-1.0883,-1.0419,0.5157,0.6105,-0.9608
0.1716,-1.9787,-0.1527,-0.9672,-1.4879
-0.3398,-0.8457,0.8132,0.2389,0.0942
-0.2299,2.1920,-1.9590,-2.1083,-2.5268
-0.4611,0.0768,2.1300,-2.7386,0.7739
0.9889,1.4593,-0.8111,0.4885,-0.7328
2.0879,1.4094,-2.1342,-2.7507,-1.4212
0.2431,1.7819,2.1017,-0.0476,-1.7483
0.6809,1.5823,-1.2549,-0.5240,-2.0247
0.3691,-1.4515,-0.7326,-0.5196,-0.5507
-1.5833,-1.4452,0.8823,2.8239,2.2449
0.8602,3.1268,-1.2975,-2.5064,-1.1810
0.7644,-0.2559,0.1505,-0.2929,1.0131
-1.5170,0.2318,2.4181,-0.2223,0.0907
1.0361,-1.6579,0.4800,-1.4692,-2.6363
-0.1738,-1.3681,0.6125,-0.9242,1.8513
0.5976,-1.5653,1.5892,-0.1291,-3.5479
-0.6454,2.7876,-1.1702,-0.0748,-1.8061
1.8889,0.1605,3.4639,-0.8687,-1.3057
2.1067,-0.3901,2.2711,-1.0448,-1.5295
0.0032,1.2211,-1.0498,-0.7718,-1.1792
1.1252,-2.1383,-0.4733,-2.2363,2.4326
0.4041,-3.4357,-0.0168,-2.3339,-4.4509
0.1875,-0.9039,0.4148,-0.8915,3.1281
-0.8743,-0.8849,1.5288,-0.2408,2.6562
1.2610,1.2017,-0.1972,-0.5710,-0.6630
1.9212,-0.8258,0.7927,-1.8290,-4.5247
-0.6074,2.0531,2.2250,1.1157,2.1070
0.6726,0.7649,-2.4153,-0.2061,-2.6851
-1.7492,-0.0698,2.0475,-0.0503,0.1013
0.1475,-1.9053,-0.5128,-0.2442,-1.8416
2.5594,0.8794,2.9475,-0.3138,-1.7094
-0.1743,-1.6735,0.4793,-1.8795,2.8852
-0.1787,-1.7710,-0.6644,-1.7103,-0.5588
1.1574,2.2060,0.7296,-1.6865,0.9270
-3.0449,-0.2808,2.9034,-1.1427,3.2873
1.0116,0.9690,-3.4512,-3.0776,-3.2777
-0.1460,2.2465,1.1136,0.2923,0.1258
0.5044,-1.6142,-0.0094,0.4803,1.3096
2.3601,0.7571,2.5039,-0.1738,-0.5785
1.5066,-1.0119,1.7634,-0.9274,-2.4481
-0.9872,0.1411,2.6936,-1.3929,2.1907
0.7217,1.0445,-0.5490,-0.5970,-1.8651
2.2096,0.1999,2.6452,-0.3104,-1.9032
0.1868,-2.4734,-1.0326,2.2745,1.0630
-2.4627,3.5751,-0.9722,-2.2071,-2.2680
-0.6502,2.5331,-2.3391,-0.3540,-2.8319
0.8359,-0.5830,2.1962,-0.6122,-1.5960
1.4610,1.6168,-1.3718,-2.4014,-0.0388
-1.7309,-1.2325,0.3828,3.6959,-1.1315
1.2904,0.4489,-2.7357,-2.2821,-2.7553
-4.0658,-0.0582,3.0953,-1.2629,2.0976
0.7470,-1.5842,0.4536,-1.2524,-2.0935
-0.5636,-0.9953,0.7734,-0.2900,0.3949
0.8692,-2.0325,1.0450,-1.6930,-1.2820
-0.1542,1.3999,-1.5043,-2.1591,-1.0023
-0.1448,-1.8322,-0.1628,-0.3962,0.1209
1.5079,-0.4226,1.9355,-1.7480,0.4035
0.5296,-0.0224,2.1732,-0.7170,2.1200
2.3547,0.1264,2.3083,-1.0876,-1.1910
0.0300,-0.6324,1.4613,0.7911,1.9272
-1.3073,-2.0093,0.0299,2.1241,1.8314
0.6432,2.9755,1.8754,-1.0196,0.0537
1.3809,1.2191,-3.4209,-2.4362,-1.7199
-0.8096,2.5523,-2.4441,-4.1647,-2.4175
-0.1052,-3.0785,0.5224,0.0766,-2.2950
1.5113,1.3659,-0.4026,-1.6846,-0.1972
-0.8650,-0.7988,1.0060,0.6090,0.2448
1.2613,-0.4046,1.0770,-0.9419,-1.3404
-1.1516,-1.1183,0.5231,1.0835,-0.2921
1.9782,0.2298,-1.6175,-1.0167,-1.1161
0.1703,-1.4759,-0.1304,-0.6873,0.1955
0.6792,-2.7983,-0.3965,-2.2604,-3.5365
-2.7138,-0.0048,3.0454,-0.1967,2.7652
-0.3439,-1.8860,-1.2448,-1.3197,-1.2168
0.8481,-0.8169,1.4936,-0.2875,-1.3039
-0.5679,-2.8564,-0.8273,-0.6508,-1.2183
-0.5968,1.6940,-2.5495,-0.2004,-3.2911
2.4158,0.3950,2.5112,-1.0221,-1.6920
0.4453,1.4575,-1.1253,-1.9718,-0.8036
0.9354,1.0274,-0.9105,-1.2522,-0.8348
-0.4420,-0.8837,1.1153,1.5544,1.3753
1.8947,1.0850,-3.9313,-3.7342,-2.7162
1.2122,0.1047,-3.5113,-0.4500,-1.4098
-0.0174,-1.3432,0.2482,1.6524,0.5705
0.9142,0.9705,-0.2797,-0.6465,-2.6842
2.5473,1.4154,-1.2800,-2.2939,-1.1077
2.2742,0.9739,0.8678,0.1028,-0.7216
1.9566,-1.0818,3.5231,0.5766,-2.2123
0.9529,-0.2124,1.5218,-0.6018,-0.0840
1.0585,-0.9753,1.3729,-0.1771,-1.0658
-0.1022,1.3692,1.0537,1.8667,1.0834
-0.5779,0.4554,-0.5844,-1.4819,0.2797
-4.1941,0.7284,3.9290,1.6572,1.6026
2.2559,-0.5823,0.6205,-1.8892,-1.0765
2.1601,-0.5989,2.7658,-1.4797,-3.3507
-4.0959,-0.0269,2.9835,2.2797,1.4019
-1.9867,0.0047,2.5903,0.2548,1.7218
1.1315,-0.6703,0.8816,-1.3268,-1.0304
0.0843,1.4345,-3.0537,-2.1683,-2.3202
-0.6484,-1.4384,0.3002,1.9631,0.6343
-1.1219,1.8624,0.3293,0.2936,0.6359
0.9333,-2.0175,-1.2508,2.4993,-1.5080
-1.6687,-1.8366,0.4289,1.5831,2.1871
0.5702,0.9780,1.0132,1.7148,-1.5026
1.3411,0.7204,-0.7531,-3.2436,0.1079
1.2256,-0.1815,1.2087,-1.8045,0.7796
-0.2219,-2.5207,0.4111,0.0572,-0.5258
-2.0099,-0.9619,1.4789,1.2266,1.9815
-1.2002,-2.9947,-0.8012,-0.1356,0.3662
-1.3647,-0.0783,1.9620,0.6695,-0.0003
-0.0659,-3.2542,0.1647,-0.0224,-5.2266
2.4856,0.8891,2.9959,-1.0845,-0.0109
-0.3164,-1.4572,-0.3498,1.3569,-1.6153
1.4231,0.0602,2.3395,-1.0802,-0.2243
-1.9158,-0.8588,1.1231,0.0392,-0.0125
1.0357,-2.6494,1.0550,-1.7000,-2.7252
0.9540,-0.2814,2.0673,-1.2142,-0.1925
-1.8357,-0.2273,2.1461,-0.6916,1.1433
-0.7457,-1.3753,0.4499,2.2961,0.8562
0.6050,-1.7941,0.7593,-1.4904,-0.3085
-0.7425,-0.9980,1.5407,-0.6427,3.3512
1.6995,-0.7358,1.4963,-2.3936,-1.3962
-0.3514,-1.8392,0.0225,2.0666,1.6837
1.4024,1.4032,1.3383,0.2611,0.8800
2.3437,-0.2266,-1.7099,-0.6551,-2.1620
2.3949,-1.3219,-0.4562,0.1662,-0.6624
-2.6796,-0.3616,2.3236,1.3501,1.8935
0.5060,2.3468,-1.9755,-3.1475,-0.3766
1.9282,-0.1251,2.2560,-0.4946,-1.3260
1.4319,-0.5537,0.5660,-0.9431,-0.3905
0.9794,-1.2060,0.7564,-0.8732,-2.4884
1.4973,1.5707,-1.5007,-2.0548,1.2640
-1.1248,-2.0009,-0.2673,1.4167,0.7530
0.5760,0.3407,-0.0906,-0.1602,-0.5210
-2.0178,-0.2640,1.9766,0.6579,0.4234
-0.3757,-1.8344,-0.0027,0.9038,1.4859
1.4852,1.7684,0.3385,-0.7078,0.3857
0.7524,-0.8448,1.1842,0.7003,-0.3946
1.7449,1.3018,-0.8681,-0.6182,-2.7513
2.3719,-0.6765,2.5256,-0.1928,-3.6115
0.5990,-1.8752,-0.5475,1.7212,0.4486
-1.8825,-1.2088,1.1069,3.1416,1.6932
-1.9932,-0.9946,0.7997,3.6793,-0.7190
1.2980,-2.1912,0.9347,-1.6571,-4.5543
1.2104,2.0466,-2.7871,-2.7437,-1.4180
-1.3032,-0.7898,1.2761,2.1687,0.8028
-0.8422,-0.2727,1.8210,-0.4545,0.8070
2.5904,-1.0736,-4.4701,-1.3373,-3.0567
-0.5529,-2.3953,-0.4798,2.2454,2.2572
1.8434,0.3827,2.1636,-0.9677,-0.6517
-2.1535,0.0693,2.5854,-0.4827,1.1947
-0.9337,-0.7946,1.1888,1.2664,0.7081
0.4457,2.6198,-1.7348,-2.7553,-0.1564
0.8428,-1.8715,-0.0902,-1.4523,-3.6230
1.3369,0.6186,-3.0384,-1.5304,-1.6653
1.3324,-0.4568,0.4452,-0.7775,1.0702
-1.0653,-1.1288,1.2408,-0.6350,2.4409
-2.6481,0.2097,3.0505,0.0625,2.0429
-2.7120,-1.0180,1.6491,3.0905,2.2641
0.7953,-1.7368,0.5310,-0.9987,-3.3970
-0.7737,-0.2993,2.1757,-1.9472,2.3830
-1.5409,-0.9973,1.2905,1.2760,1.8021
0.9843,-2.3603,-1.4685,4.4264,-0.5344
2.0061,-1.0791,2.3665,-1.6216,-4.4949
1.9161,-0.4807,2.4720,-1.5807,-1.0485
1.7220,0.8197,2.9221,-0.2094,1.8212
1.2294,0.8831,1.3220,-0.6512,3.8197
-0.8105,3.7796,1.9438,-0.6036,0.6859
0.8807,-0.1645,1.8454,-1.4130,-0.2455
0.5217,-2.0245,0.7432,-0.8913,-0.4884
0.6729,-1.1341,0.1450,1.5014,-0.3537
0.7775,-2.6496,0.5120,-1.3817,-2.9465
1.3732,0.6181,-2.2304,-0.5917,-2.5356
0.7120,0.8605,-0.7635,0.2972,-1.2983
-1.6269,-0.8635,1.5053,-0.3731,2.0213
0.7225,1.6864,-0.5450,-0.2486,-0.8085
-2.0991,-1.3111,0.9876,-0.1262,1.6388
2.9378,0.1601,-4.5425,-3.2002,-2.1096
3.3850,1.8645,4.9902,0.2950,-1.7370
3.0020,0.0263,-2.3414,-1.7974,-1.0317
-0.0764,2.1933,-0.7063,-1.5800,0.3043
-1.8696,-0.5418,1.9813,-0.8918,2.0123
1.1880,0.0036,0.5643,-0.2400,-1.0284
1.3238,-0.5999,0.7657,-1.8717,-1.1288
-0.3453,-1.7456,-0.4176,-0.8340,0.5236
-1.5552,-0.1842,1.5230,0.4110,-1.5887
0.6192,-2.3964,-1.0801,0.5265,0.8242
1.4406,-0.3861,2.0451,-0.9788,-0.7478
-0.7831,1.8773,-3.3192,-0.8263,-1.7853
0.8420,0.3635,-1.3482,-2.7781,-0.1790
-0.2745,1.4467,-2.5848,-3.0222,0.5236
-1.4186,0.2565,2.8626,0.6340,1.8983
-0.2851,-1.3525,0.1616,2.4171,-0.0203
1.6730,0.9784,-0.4900,0.3042,0.0631
1.4963,0.2893,-0.4170,1.7006,-2.1840
2.4886,0.3646,-1.1238,-1.1519,-2.0999
0.8381,-2.3295,-0.5990,1.5775,2.7511
1.6320,0.0031,1.9056,-0.8966,0.6409
1.7106,1.3350,-3.0306,-0.6355,-3.1432
1.3084,0.9059,-5.6385,-4.9077,-2.6645
0.0980,-2.1969,-0.4471,-0.7012,-0.9810
-1.4560,0.5748,2.7685,-0.2062,-0.0760
-0.9060,-0.7990,1.5721,-0.2866,2.4571
0.1313,-1.9161,-0.3516,1.2442,1.1434
2.4822,-0.4041,3.3344,-0.3686,-3.6575
-0.2964,-0.5223,0.6753,1.9508,-2.0169
1.7167,-0.3015,2.7770,-1.0758,1.0178
-0.2339,-2.5422,-0.7326,-1.9213,-0.4547
0.2183,2.4519,-1.0651,-1.6742,-0.0767
2.0083,0.7216,2.6886,-1.3695,-0.0831
0.5245,-2.9210,-1.9121,2.5937,-0.0391
2.8144,0.3162,-2.2825,-0.7131,-2.2686
-1.6109,-0.4685,2.2085,-0.2851,2.6788
1.5464,1.4925,-1.2463,-2.3919,-0.8334
0.8796,-0.0737,1.0263,-0.4780,1.6424
0.5177,-0.7569,-0.1759,-0.9905,-0.5162
1.2179,-0.9200,1.4520,-0.7884,-1.6684
-0.7472,-1.7942,0.3671,0.9277,2.4739
2.6464,-0.1889,-4.3172,-3.2062,-2.1166
0.3183,-0.8350,1.6681,-0.1448,0.2054
0.1080,-1.2913,0.1264,1.3460,-0.2122
-0.6339,-2.5209,-0.7141,-0.0396,-1.1289
-1.4196,-0.7871,0.9810,2.8893,-0.4811
0.9322,-1.6827,2.2227,-0.3238,-1.6003
2.2465,-0.4718,2.5741,-1.3758,-3.4323
1.3014,0.8704,-1.0574,-0.3330,-1.1421
-1.9026,-0.7523,1.6524,-0.3521,1.7073
2.1513,0.3532,-2.9207,-1.6823,-4.0234
-0.5255,-1.4608,0.5097,-0.3818,1.6512
2.0061,0.1704,1.6290,-0.9713,-4.0726
0.1273,1.2939,-2.0832,-1.9917,-0.7591
-2.5601,-1.5654,1.1599,0.7005,3.1425
0.1999,-2.5042,-0.3478,-0.6324,-2.6307
0.0160,-1.4732,0.1024,1.4814,0.3521
2.2955,0.3976,-1.5166,-2.1466,-1.6665
-3.2425,0.9333,3.7526,-2.4964,0.7220
1.2318,-0.2903,1.2688,-0.8952,1.1697
1.4233,-0.5994,2.1204,-0.6604,-1.8396
0.4404,-0.9275,0.1046,-0.1694,-0.0277
0.0417,-1.5352,0.3795,-0.1225,1.9083
1.0606,-1.9087,0.8481,-1.2189,-2.7903
1.1763,-0.5621,-1.0768,0.1750,-2.1414
-1.8987,-0.9280,1.6650,-0.2218,2.4482
0.9621,0.7700,-1.6168,-1.5175,-1.5251
1.8762,1.5906,-2.0160,-2.9743,-1.0989
-0.3093,-1.6182,-0.0560,1.2844,0.3263
1.0085,-0.7907,1.2643,0.0368,-1.0867
0.0759,1.0965,-4.3889,-2.1439,-0.7081
-1.7510,0.9591,3.8771,-0.4625,2.5294
0.3944,-1.5815,0.4046,2.1521,2.5688
-1.8964,-0.5078,1.6312,-0.3662,0.5267
1.7774,-0.4323,-1.6266,-0.8666,-1.7226
-2.0041,-1.1478,1.0774,1.5966,1.2966
0.5122,-1.2521,0.5770,-1.3671,-0.1418
0.7894,-1.0717,1.4187,-0.8015,-2.3966
-0.4097,2.4008,-0.8167,-1.8865,-0.8300
0.5369,2.4068,0.0600,-0.6166,0.9046
-1.9506,-0.7615,1.8209,1.4548,2.4999
1.8366,-1.0540,1.0308,-2.1660,-3.2198
-0.7334,1.8493,-0.2474,-0.0228,-1.2562
1.1989,1.9458,1.3272,-0.3880,1.3203
1.5278,-2.0688,-0.7371,2.2723,1.3485
-1.1389,-1.5019,-0.1103,3.5046,-1.1834
1.9628,0.7427,-3.5289,-2.9613,-3.3756
0.9946,-0.5385,1.0354,-0.9848,0.0362
5.0631,3.0687,4.8411,-0.3869,-1.9379
0.2197,-1.3927,0.7416,0.1794,2.8731
0.0048,-0.1773,1.5871,-0.2889,0.1551
-0.0056,-1.2568,0.5013,-1.5398,1.0177
-3.1659,-0.1368,2.7566,-0.3414,2.0592
-2.4749,0.3312,3.0057,1.2977,1.2629
0.3940,1.4110,-0.1300,-1.4820,-0.5639
-1.0932,2.1348,-2.9200,-0.5344,-2.3064
1.4065,1.0093,-1.8833,-1.5131,-1.6319
0.4384,-1.4118,0.2664,-0.6798,-0.6237
-1.0549,-0.3321,1.5977,2.5297,0.0372
2.5484,0.6217,-3.6781,-1.6747,-3.6172
-0.8678,2.4705,-3.8050,-4.4091,-2.8105
-1.5502,0.0236,2.3700,-0.8219,0.9102
1.0503,0.1658,1.5414,0.0354,0.0578
0.5669,1.8577,-2.2238,-3.7321,-1.7701
1.7207,-0.5482,2.2918,-0.1660,-1.2096
-2.8822,-1.5887,1.1578,1.4677,3.0776
0.2067,2.2947,-2.1702,-3.5643,-0.6145
3.6526,-0.3015,2.9561,1.1228,2.1355
2.4516,-2.3458,-2.2833,2.7435,-2.7963
1.5458,0.4963,-2.0778,-1.0477,-3.0870
-0.6898,-1.8363,-0.4000,4.0580,-0.1996
-1.3190,1.3040,-1.3796,-2.0872,-1.7731
0.4864,-0.0698,-3.0139,0.3181,-2.9691
1.3529,-1.3376,1.2836,-1.5425,-1.6016
-0.7162,-0.9309,0.8443,0.6072,0.1837
-1.3157,-2.5858,-2.6935,0.2850,0.8071
-0.5718,-2.2690,-1.5071,-2.1450,-0.7085
0.1384,-0.9608,-0.8855,-0.4677,0.1287
-1.0993,-1.2562,1.1072,1.4123,2.6184
1.7684,-0.3169,-1.9642,-0.7580,-1.5781
-2.6194,0.0836,2.8152,-1.1393,1.5968
-3.3091,-1.2313,1.5001,0.5196,2.1817
-0.0891,-0.1995,1.8583,0.0568,1.4896
1.4184,1.5086,-1.7613,-1.7271,-0.7686
0.4045,-0.7855,0.5075,-0.3024,0.3363
0.5679,-0.9548,1.4444,-0.8799,-0.2457
0.8050,-1.6978,0.3279,-0.7072,3.4443
3.0084,1.1456,2.9942,-0.9837,-0.8559
0.5897,-1.4481,-0.8766,-1.5774,-1.8042
0.1610,-1.3944,0.3077,1.3922,0.9769
0.4754,1.8107,-1.4355,-1.2414,0.5593
2.2402,0.0732,3.5438,-0.7402,-1.9221
0.1177,-1.1141,0.2856,-0.1020,1.1975
-0.9410,0.9596,-0.2708,0.3181,-1.5058
2.1018,-1.3900,2.8737,0.0784,-4.5502
1.2932,1.5777,-0.2003,-1.5480,-0.8821
1.6618,0.2315,1.0552,-0.3178,-0.8167
-0.7384,-1.4169,0.2676,2.5860,0.3423
-2.4468,3.7410,-0.7446,-3.1686,-0.0341
0.7298,-1.7815,0.7536,-0.8364,-3.3078
-0.6591,2.1880,0.0045,0.3374,-0.7769
-4.1810,0.5316,3.6639,-0.4324,1.4590
0.6609,-1.7416,-0.8009,3.2024,-1.1741
0.9364,-1.8685,2.2952,-0.6821,-3.2992
0.7641,-1.8345,1.5984,0.1124,-3.8477
-0.1127,-2.1696,0.1518,-0.9387,-0.4626
1.0341,-1.6286,0.2532,0.9027,2.8648
-1.8650,-0.8105,1.5810,2.1016,1.7384
-0.2574,2.6365,-1.0127,-3.6539,-1.0497
0.0022,0.5001,-2.6408,-1.4098,-3.1241
1.4994,0.2217,-0.3259,0.2804,-1.6125
-0.7418,-1.2482,0.5540,2.1952,0.7372
-0.9961,-1.1308,1.2503,0.1322,2.7389
-2.5659,0.0340,3.2425,-1.3852,3.5250
1.7282,-0.0331,1.5367,-1.4074,-2.2661
-0.1712,2.4983,1.4291,-1.2737,0.0193
-0.0435,0.7179,1.3808,1.4654,1.5432
-2.8420,-1.2117,1.1100,2.1186,0.9501
-2.4175,0.0543,3.2175,1.0157,3.6398
-1.0568,3.0913,-1.2863,-1.2447,0.4904
0.5266,-0.8006,-0.5671,-0.9918,1.9865
1.3473,1.3390,-1.4708,-3.8230,-0.0491
1.5626,0.0088,1.9797,-0.8508,0.5189
2.2374,0.6203,3.6444,-0.9569,-0.6688
-2.0861,0.6590,3.0601,0.2151,0.2429
0.0227,-1.9292,-0.4742,0.0165,0.3993
1.5393,-0.6977,1.5070,-1.0549,-2.2218
-2.6361,-0.7810,2.2649,2.5551,3.6286
2.1991,-2.6003,-2.3360,4.5688,-1.8197
2.0509,0.0215,2.2300,-0.7867,-2.4103
-2.1018,-0.5303,2.3124,1.5692,3.0425
0.1769,-0.6597,-2.0055,0.9716,-1.6233
-2.1286,1.7748,-2.5109,-1.5670,-1.0384
1.1084,-0.6140,0.7070,-1.6678,-0.0112
-1.2268,-1.0688,0.9825,2.0561,1.2002
1.8422,-0.1856,2.0854,-0.3834,-0.9377
2.1092,0.5629,-1.6511,-1.0347,-1.2315
-0.8634,-2.8433,-1.5092,-1.1651,-1.4785
-0.1497,-2.3645,-0.6973,1.0708,1.6415
1.6100,-0.2791,-3.0199,-1.8096,-2.1460
-1.3210,-1.3639,1.3721,0.9315,4.2007
-3.9932,-0.1476,2.5589,1.1671,0.5193
2.5339,-0.4685,-1.1982,-0.6414,-0.6354
1.3281,-0.3613,0.0480,-1.5238,1.1278
1.8065,0.2074,1.5794,-1.3423,-0.1952
-1.9621,-0.2729,2.5490,0.5894,3.0176
-2.9799,-0.4990,1.7628,2.8524,0.0153
-1.3903,-1.2745,0.8299,1.7107,1.3175
0.7713,-1.2361,0.2871,-0.6729,0.6851
0.1298,-0.9794,0.6764,0.9236,0.6514
-0.0227,1.3676,0.2893,-0.9685,0.4966
2.2168,-0.3609,2.2628,-0.9088,-2.7336
-0.2829,-1.8982,-0.5976,1.7660,-0.6086
1.7618,-0.2241,1.3899,-1.3112,-1.5873
0.9767,1.2999,-0.8368,-1.1433,-0.6738
-0.8190,2.8551,-3.5624,-4.0219,-0.4463
-0.7313,-0.4315,1.6438,0.5195,1.0400
-0.8876,2.7012,-3.6014,-2.3948,-1.9749
-2.7271,1.3606,4.5381,0.5705,2.1781
0.5850,2.3446,-1.3925,-2.4979,-0.4976
0.8048,1.6488,-1.4211,-2.7314,-0.8461
2.7301,0.9808,2.4673,-1.1192,1.3403
-0.2398,-1.2314,0.4421,1.6737,0.4807
2.8761,1.7275,3.7084,-1.4254,1.3845
0.8358,-2.1508,-0.9266,2.4176,0.4097
1.8235,-0.2227,2.1677,-1.4204,-0.5398
0.3180,3.1507,-0.9046,-4.7859,1.4200
-1.6624,-1.2420,0.9583,0.7026,1.4842
2.0848,0.9638,3.3334,0.5679,1.0332
0.4283,-0.6411,0.6312,-0.8472,2.6080
0.2794,-1.3350,0.8703,-0.6050,0.0868
3.6334,0.6663,-3.1446,-1.6782,-3.1162
-1.1368,1.3713,2.0006,1.8636,-0.7304
0.8574,-1.5895,-0.0063,2.9495,1.4346
2.6108,0.0276,0.2662,0.8804,1.0124
-2.0783,-0.5731,1.5563,1.5580,0.4690
0.8951,0.8631,-0.1982,-0.6265,-0.6480
0.3134,-2.9041,0.1648,-0.7446,-2.1703
1.2982,0.7850,-1.3423,-1.3575,-1.1529
0.7053,0.2197,0.1761,-0.2498,-0.6116
2.5383,0.6691,3.3199,-0.4580,-1.3269
0.7202,1.4987,-2.1659,-1.8274,-1.9641
0.5100,-2.5774,-0.1589,-0.8762,-3.9372
-0.1453,-1.5499,0.2557,0.1288,1.6168
-0.9881,-2.0930,-1.5322,-0.8484,0.7878
-0.7778,2.1267,-1.7514,-2.4669,-0.7178
0.4505,-0.6195,0.7473,0.9991,-0.4953
1.0813,-1.9077,1.0021,-1.1945,-2.8893
-1.4073,-0.9235,0.7428,0.6732,-0.8654
-1.0957,-0.9715,1.3597,-0.1428,2.1380
1.4821,-1.3726,0.5830,-1.1692,-1.2008
0.8228,1.9350,0.4477,-1.8320,0.2326
0.6864,-0.7263,-3.9348,-1.8660,-2.4444
-0.0316,1.5563,0.6944,-0.2529,-0.0810
-2.9452,0.7473,3.7574,-1.6086,1.8840
-0.2574,1.6248,-1.7037,-1.4147,-1.4339
-1.5362,2.1841,-4.2854,-2.2662,-2.0115
-1.9765,-0.1140,2.7244,0.8498,2.8613
2.1416,0.6421,-1.3334,0.0444,-3.3064
1.0457,-0.9415,1.5166,-0.7668,-1.1974
0.8173,-1.4177,0.8413,-0.8947,-2.2295
1.8470,-1.9016,-0.9716,1.0279,-0.1566
0.4660,-1.9982,-0.5518,-1.3129,-2.9638
-0.6522,-2.3766,-1.5126,-0.7612,0.3804
-1.4007,-0.6825,1.6282,2.9505,1.5124
-3.2371,0.3195,3.5068,0.4968,2.8272
1.3523,1.2997,1.8199,-0.6090,2.9013
-0.0726,-3.9951,-0.3883,-1.5225,-5.5650
-1.8914,-0.7799,1.9189,-1.6664,3.1218
-0.6266,-1.6733,-1.9200,-0.9223,0.1323
0.5658,-2.2932,-1.0274,4.0606,0.4347
-0.3919,-0.9212,0.8656,-1.0903,0.5513
0.2867,1.4778,-1.9851,-1.4466,-1.8685
2.7249,3.0375,3.1074,-0.3737,3.7817
-1.8724,-1.2008,1.1771,2.4836,1.8569
2.9822,1.4151,4.6218,-0.6398,-0.6658
1.2729,-2.1151,0.5673,-0.9767,-2.9246
-0.4856,3.0315,-2.0763,-2.2228,0.2730
0.2166,1.5673,-0.7132,-1.9498,-0.4961
-0.3374,-2.0017,-0.5168,1.0683,0.2723
-2.5485,-0.7055,1.6102,1.4874,0.7305
-0.7752,-1.4498,0.5855,1.5574,1.7445
-2.8647,-0.2094,2.6535,1.4240,2.0878
0.8924,-2.4457,-1.1742,1.3000,1.0372
0.5637,-1.6557,-0.1849,0.8443,0.6818
1.0946,-0.6345,0.8633,-1.3550,-1.3626
2.0314,-1.7850,1.9601,-2.0732,-3.5095
1.3649,-1.2551,1.4120,-1.4939,-3.7950
2.3794,-1.1483,2.2234,-1.5432,-5.0638
-1.3527,-1.7202,0.3654,2.6880,1.6249
-0.3800,0.8563,-0.7892,0.2752,-1.5789
1.1101,1.4405,-1.5414,-1.3935,-1.3275
2.1517,-0.4183,-1.0590,-1.0759,-0.9221
-1.3474,-1.4518,0.4298,1.3924,0.6030
-0.0750,1.5370,-1.7169,-0.5402,-1.6261
-0.1475,-0.6103,1.2257,-0.7083,0.7584
-0.8103,-1.4499,0.2074,1.1110,0.0471
0.8227,-3.0085,0.2670,-1.3587,-4.8355
0.7456,-1.5874,0.0224,-1.4744,-1.7283
-0.0846,-2.7716,-0.7729,-1.2674,-1.0709
2.4509,1.7175,2.8532,-0.5998,1.4015
1.5387,0.2680,-0.8250,-1.7110,-2.3706
2.9746,-0.5175,-0.9075,-0.0375,-0.8200
0.0918,-1.7203,-0.3631,-0.9860,-1.8419
0.1598,2.0216,0.3352,2.4044,-1.3019
-1.0571,1.0639,-3.6397,-2.0240,-4.1776
0.0390,-2.5920,-0.5116,-0.8664,-0.4943
-0.4045,-0.8937,1.0933,1.1114,1.3946
-1.5713,-1.2588,0.5277,0.6934,-0.0721
0.0585,-1.8250,-1.0561,-1.0933,-0.7656
0.8638,-1.3004,0.4279,-0.7446,1.6539
2.8046,-0.7415,3.5286,3.1938,1.0256
1.2586,1.6619,0.6090,-0.0765,0.7097
0.7995,0.3078,0.1378,1.7616,-0.7582
-0.1013,-1.7930,-0.3599,-0.4350,0.2899
-0.4465,-2.4386,-0.4972,1.8268,2.4649
2.0218,0.3775,-0.7885,-0.4597,-0.9018
0.3408,0.3685,-0.5737,0.5696,-0.2180
0.1736,1.8933,-2.0262,-1.3460,-1.3842
-1.6801,-2.6221,-2.1950,-0.6586,0.4863
0.0113,-1.7204,-1.7826,-1.1495,-2.1005
-2.7548,0.3962,3.4181,-0.6688,2.4124
1.5536,-0.3529,-3.9194,-1.6620,-3.6454
0.3355,-1.8849,-0.0824,-0.4376,2.0584
2.6848,0.6399,2.7251,-1.1363,-0.1060
2.4678,0.6262,-2.6505,-0.9614,-1.5240
-0.7385,1.0873,-0.6511,-0.0476,-1.9669
1.0367,-0.4516,0.6252,-1.5866,0.9776
-2.3293,3.3492,-0.7834,-1.2422,-0.8904
1.1669,-1.2220,0.7958,-1.6285,-1.6012
1.0841,-1.3000,1.8286,-1.4089,-1.5703
1.0247,0.7920,-2.3996,-2.3538,-2.5574
-0.6966,-1.5882,0.2057,-0.1479,0.9076
-0.0164,-2.3747,-0.3984,-0.8945,-1.7282
0.6939,-1.4951,0.1786,-1.3935,-2.6670
-2.1430,-0.3918,2.8433,0.3727,4.5765
-0.7107,-1.0798,0.7658,0.7956,0.7997
-3.2343,1.2611,3.8953,1.6305,-0.4849
-0.3601,-1.1610,0.2949,-0.3774,-0.5374
1.4390,-1.1438,0.1742,-0.2919,0.4944
2.5270,0.1055,-0.0682,-0.1081,0.9183
2.0767,0.0407,0.3874,-1.4295,-0.7918
1.3028,-1.8637,0.9631,-2.1051,-3.0965
1.2651,0.0894,1.3016,-0.3821,0.2615
-4.3606,0.0210,3.0220,2.6322,1.3738
-0.9427,-1.3714,0.9044,0.9696,2.4287
0.7929,2.8406,2.0209,-1.9347,1.3378
0.6175,-1.0114,0.6606,0.7877,1.0946
1.8456,0.2112,3.0789,0.3545,0.4249
0.9799,1.1047,-3.2244,-0.0601,-1.1954
1.7232,0.2919,-0.2416,-0.7386,0.1465
0.9150,-1.5474,0.2080,3.6344,2.2625
1.0131,-1.1379,1.2604,-1.7863,-2.9101
