1,2,3,4,5,6,7,8
3.3808,3.3761,0.7766,-1.1496,0.1035,2.6867,4.0198,-3.4443
-1.5729,-4.0314,-0.2254,0.5598,-2.2224,1.3905,-1.3738,1.0005
-2.3637,-1.3754,0.5820,-0.4346,-0.4163,-1.2713,-0.2602,1.2327
2.9015,0.6136,-0.1533,0.0952,-1.9064,-0.0732,-1.6691,0.6649
3.7952,3.7139,-0.2828,-2.3847,1.2346,-2.4555,-2.7433,-0.4719
2.7427,1.3073,0.0635,-1.7107,-0.3829,1.9295,0.9296,-1.9676
-3.7045,-2.2317,1.5291,0.3986,-2.6363,-1.8036,0.9385,-0.4978
1.9711,1.8818,-0.1086,0.4603,-1.3674,-2.0857,-0.9823,2.2549
-2.1119,-0.7840,1.2612,-1.9850,-2.1286,-2.2768,0.2961,-0.1787
-0.6498,0.9446,0.4701,0.1607,-0.6441,-2.8990,-0.5121,0.8916
0.9683,1.4179,0.1131,0.9756,1.1789,-1.0004,-0.9230,0.5015
-0.2870,0.1328,0.9944,-2.0955,-2.0102,-2.7633,-1.2619,0.9351
2.3275,4.4856,0.1744,1.3711,1.4772,-3.6446,-1.0107,0.2623
-2.3625,-4.0663,-1.3441,-1.2945,-0.1674,1.5668,-1.5162,1.8779
-0.1518,2.9861,-1.7176,0.0843,1.9034,0.2129,4.0352,-2.4095
5.5163,3.3063,1.8503,0.4603,-0.5648,2.5606,1.3379,-2.8270
2.8215,0.4733,0.3402,0.6253,-0.1554,2.5419,0.0496,-0.9400
3.6198,1.7035,-1.0662,0.4064,0.4268,0.4279,-1.8814,-0.6075
0.1645,-3.0836,0.3659,-0.7060,-2.8857,0.8187,-2.3686,1.2074
-1.1950,-3.1009,0.2417,-1.0788,-2.6923,1.6678,0.2977,0.5401
0.8074,1.0407,-0.1627,1.7159,0.6337,-1.4524,-1.4583,1.4235
-0.9263,0.8850,0.0488,-0.9547,2.2552,-2.5983,-1.8547,1.0433
1.6778,1.3066,0.7684,-0.0392,0.8667,0.2493,-0.3211,1.6074
-1.1986,0.1075,0.2298,0.7632,1.6176,0.1290,0.8447,-0.2144
4.6957,5.1094,-0.7680,0.5164,0.5746,-0.8214,0.7173,-1.4565
1.9759,1.1205,0.0042,-0.7138,-0.1046,1.6677,1.1583,-1.9343
3.3289,4.8603,0.1466,-1.1681,1.9610,-1.2641,0.6834,-1.4218
-1.6376,-4.1413,-0.3372,0.3741,-3.2054,2.3718,0.3445,0.3926
2.1849,2.9023,0.1287,-0.5036,2.0274,0.1777,0.7257,0.5038
1.5838,1.6165,0.4532,-1.9507,1.1267,-1.4835,-1.9098,1.7789
-0.5025,-2.0766,-0.8701,0.5333,-1.9242,-0.6856,-2.2239,1.3570
-1.1089,-0.4703,0.8648,-2.0420,1.2045,-0.3594,-0.4635,1.5108
-0.5854,-0.7011,-0.3775,1.5529,0.7271,-0.0356,-0.8521,1.4153
-0.4354,0.9874,0.5392,-0.0864,-1.1591,-2.0527,0.5811,-0.1623
-2.4344,0.7262,0.6730,-0.4821,2.2143,-1.1661,1.6352,0.4496
-1.6562,-1.9093,0.5657,-0.5540,0.2073,1.1453,0.2584,-0.5593
0.3807,0.7512,-0.2453,0.6083,0.0351,-0.8334,-0.2973,-0.4015
0.6294,0.2544,0.0716,0.6529,0.4297,1.1395,0.5896,-0.9703
2.2824,4.8335,-0.6315,-1.1440,2.5077,-2.9785,-0.3953,-2.3035
-0.8754,-0.1962,1.1443,-0.4652,0.0347,-1.3555,-0.7514,0.5654
0.1146,2.2385,0.8436,1.9006,1.5128,0.8998,3.5282,-2.0118
-1.9379,-1.8196,-0.1551,-1.8974,-4.3126,-2.3626,-0.2716,-0.0559
-1.4386,-0.7939,-0.7021,0.5218,-2.5403,-2.7366,-0.8715,0.4724
1.1509,1.3123,0.2490,-1.6917,0.8819,-1.0361,-1.1838,0.5664
0.1609,2.5395,0.5553,1.5076,3.5892,-1.8064,-0.7365,-3.3774
0.9065,1.2161,-0.2336,-0.0483,0.9354,0.7231,0.9646,-1.2475
-2.0296,0.1144,2.1321,-0.5276,1.6870,0.5621,2.4206,-0.9401
0.4084,0.7337,0.1083,-0.4229,1.0809,1.2920,1.4263,-0.9636
0.8658,1.1146,-0.8460,0.2969,1.0775,1.2652,1.4193,-0.7891
2.8019,3.7370,0.7235,0.4562,1.4091,-0.2549,1.0865,-1.7918
-1.1479,-0.4637,-1.0486,-0.3402,1.6598,-0.1163,-0.4267,1.4005
-0.2402,0.3407,-1.3990,0.0249,0.7900,1.0203,1.5189,-1.1324
1.3465,-0.9736,-0.9161,-0.0384,-4.2386,-2.1888,-3.1231,0.8433
0.0887,1.1792,2.3295,0.2708,1.1174,-0.7702,0.0817,-1.8978
-5.0527,-1.5505,-0.4568,0.4406,-2.2268,-2.8577,2.3646,-0.6486
1.5716,1.6766,-0.4786,0.2454,0.3032,-1.1189,-0.9038,-0.6433
0.2564,-2.0131,-1.6572,1.5310,-0.3242,2.0960,-0.7912,4.4700
-2.4041,1.2301,2.3174,-0.7272,2.9788,-0.6830,2.4532,-0.3210
-1.6839,-0.6789,0.8091,0.2934,1.1436,0.3071,0.7215,-0.3418
1.0524,0.8348,-0.3976,-0.9298,0.1160,1.7022,1.8311,-1.8155
-2.3744,-0.3507,0.8476,1.2528,-2.6636,-2.7228,1.1881,-0.6923
-1.0897,-2.6191,1.0536,-0.8765,-2.1131,0.9172,-0.3168,0.8567
-0.0048,0.9016,-0.1605,-0.4870,0.9313,-2.0538,-1.5413,0.6632
1.4945,-0.3936,-1.1499,-1.5575,1.6073,1.4511,-1.9722,1.9255
0.4177,-1.6477,-0.7959,0.1286,0.9272,0.5324,-3.2510,1.5144
0.9124,3.1378,1.9813,-1.2372,2.7942,-1.9263,-0.2648,-1.3184
0.2672,-2.9090,-1.9029,0.0450,-1.3779,1.2143,-2.7607,1.5759
-0.9957,-1.4509,-0.6648,-1.2519,0.7481,1.8872,0.6604,-0.1108
0.3381,-0.6153,-0.3863,1.2795,-0.6930,-1.1531,-2.2711,2.5554
0.8618,1.4004,-0.8444,-1.0182,1.2208,-0.5851,-0.3645,-0.0051
2.3007,1.8979,1.0488,-0.2099,-0.3102,-1.9388,-2.0038,1.0824
-1.0183,0.3201,0.8264,0.6209,-0.9820,-1.6236,0.6501,-0.1275
-1.4346,-1.1974,1.5591,-1.3104,-2.0993,-1.7204,-0.6394,0.5358
0.6244,-0.9971,-1.5475,0.7522,0.2919,2.6555,0.4341,-0.3528
-0.1285,-0.2192,0.6359,0.1457,-2.0452,-0.6391,0.5237,1.7185
2.3233,1.8011,-0.2888,1.9260,-0.7406,-2.0403,-1.9924,1.7565
-2.4941,-0.7023,0.5282,-0.0515,-2.2610,-2.7384,0.5062,0.1283
-1.0414,0.3630,0.8762,-0.3754,3.1007,-0.6109,-0.7196,2.4278
0.9709,2.0780,0.4745,0.5976,2.0510,-1.4262,-0.9044,1.0310
1.2823,0.2993,-0.6160,-0.1298,-1.2394,-0.7000,-1.1848,0.9518
0.3365,0.9898,-0.2637,-0.6276,0.9806,0.6542,1.2476,-1.2564
1.5760,1.0237,-0.7845,0.7975,-0.2664,-1.5677,-2.0761,0.8865
-2.0509,1.2212,-0.8471,0.5054,-1.6479,-4.5701,0.5139,0.1047
-4.1363,-3.1594,1.1488,-0.1057,-3.1574,-1.1227,1.1439,-0.4810
2.1364,2.6761,0.0449,-1.4788,1.4229,-0.2524,0.3241,0.6986
0.9567,0.2178,-0.4073,2.4658,-0.0991,-0.2596,-1.0875,1.9983
-1.5749,-1.5856,-0.1319,0.2976,0.5314,-2.2573,-3.4225,3.0745
2.7648,0.8821,0.0411,-0.1497,-0.1033,1.8940,0.1339,2.0058
1.2667,-0.3070,-0.5721,-0.9277,0.3529,0.5747,-1.7862,0.0848
1.2754,0.3658,0.6195,-1.2035,0.5863,0.6102,-0.7072,1.9798
-1.1436,3.1129,1.2469,0.4334,0.1157,-5.0030,0.7347,0.4729
1.3394,-1.0069,1.1409,-0.6723,-1.7827,0.6785,-1.4547,0.3973
1.3980,1.1665,0.1383,1.1501,0.0268,-1.1777,-1.3680,0.0876
-0.9370,-0.6265,-1.2783,0.3372,-1.4613,-2.0139,-1.1355,0.8178
-1.1422,-0.0809,0.9563,2.1760,1.4285,0.1786,0.6422,-0.2098
1.2271,1.5619,-1.4517,0.5492,-0.4407,-2.4420,-1.5791,1.9232
1.8651,1.7947,0.0510,-0.8286,1.5218,-2.5296,-3.5599,0.6730
1.9759,0.7232,0.8541,-0.0603,-1.6319,-0.8150,-1.2626,1.5020
-2.1579,-1.7910,-0.6971,0.7139,0.3401,-1.0624,-1.4654,2.0581
0.6219,2.2074,-0.1240,1.9082,1.5187,-0.0121,1.7249,-1.3982
-0.9552,0.1520,0.2417,0.7825,1.6926,-1.7972,-1.6883,1.3136
-3.3734,-1.9143,1.5095,0.6160,0.9252,1.3297,2.3122,-0.5227
-1.0458,-1.8796,-1.7328,0.9518,-2.3860,-0.2125,-0.2241,2.5570
0.4203,0.8361,-1.1309,-0.0430,0.1759,-2.4996,-2.2205,1.1482
0.2448,-0.9192,-1.8956,-0.9554,-0.5133,-0.2029,-1.6290,2.8706
1.0298,3.1123,-1.4399,0.8262,0.5377,-2.6295,0.3193,0.4610
1.3101,1.4049,0.4182,-1.2915,-0.5576,-1.5525,-0.8624,0.8572
1.6021,2.7094,0.2106,0.2501,0.5776,-2.0663,-0.5294,-0.4841
3.2918,1.9108,-0.6421,0.2967,-0.0836,2.0551,1.1315,-2.0744
0.7630,0.6595,0.5036,0.7168,1.3776,1.0488,0.3566,-0.3277
-0.7285,-1.5137,0.6837,0.6248,-2.7598,-1.7370,-1.6894,0.6436
-0.6457,1.3023,-0.0596,-0.3764,-0.8665,-2.6400,0.4822,-0.4041
2.7051,-0.5431,-0.6906,-0.3923,-3.6196,0.7068,-1.1767,1.9170
-0.5563,-0.2668,-0.0748,0.0809,-0.6465,-0.5771,0.0768,0.2614
2.0348,1.8589,0.6629,-0.6595,-0.6968,-0.9926,-0.3777,-0.2799
4.9936,1.0370,-1.4556,0.7035,-0.9159,3.5981,-0.2021,-1.4087
0.7606,0.9423,-0.3065,-1.2202,1.1397,-1.1640,-1.5288,2.1594
1.2281,1.4344,0.0438,0.1375,1.2161,-0.3897,-0.5110,1.2927
2.9781,3.4339,0.8980,-0.6472,2.0606,1.1151,1.5648,-0.9444
0.1722,2.5844,1.5348,0.3655,3.6004,-1.6971,-0.3845,0.4137
2.6389,0.3449,1.1632,0.3353,-2.8744,-1.0921,-2.1983,3.2096
-0.8411,-0.4209,0.6925,0.7588,-4.2481,-2.9554,-0.2165,-0.9582
-2.5817,-0.9657,0.3690,-1.2164,-0.8164,-1.9411,0.1604,0.4387
1.1699,-0.5813,-3.4025,-0.2593,-2.7345,1.2078,0.7331,-0.3746
0.2522,-2.4167,1.5707,-0.1127,-2.6167,0.0820,-2.4475,0.9421
-1.1190,-0.4633,-0.0697,-1.0442,0.7136,0.4562,0.7723,-0.6454
1.0458,-0.0845,1.6398,-0.7473,-0.8770,-0.7668,-1.7656,2.4338
-0.9862,-0.5241,-0.3476,0.0105,-0.2612,-4.4800,-4.5685,2.7576
0.5601,0.4643,1.0889,-0.1906,1.2230,1.6245,1.0912,-0.4746
-0.4084,0.2295,1.5560,1.8658,-1.8087,-2.7532,-1.0609,0.9502
2.4985,2.3537,0.7855,0.9450,0.9524,2.5343,2.8237,-1.7729
-4.5497,-0.6709,-2.0791,-0.0995,1.1435,-1.4750,2.5136,-0.1406
-0.1533,-0.7029,-0.9961,-2.1241,-0.0641,-1.5860,-2.6689,3.1563
2.4603,5.2091,-0.3476,-1.4304,2.2598,0.6544,4.4673,-2.7249
-0.1634,1.0326,-2.0742,-1.6204,1.8130,-1.7783,-1.4041,0.1814
0.2003,-0.9489,-1.3703,-2.1735,-0.4638,-0.6329,-2.1557,3.0624
1.1176,-1.4854,0.3349,-0.6573,-1.6208,0.7142,-1.8802,3.5350
-1.3156,1.3004,0.6161,0.2819,2.4426,-0.4522,1.7252,-0.5145
0.1843,0.7469,-1.6135,0.9479,0.4402,-2.0552,-1.7001,1.1582
1.7845,0.1903,0.8794,1.0493,-1.4104,-0.3725,-1.5564,0.6259
-1.5477,-1.4640,0.2434,0.9542,-1.5469,-1.4075,-0.9310,0.6534
3.5978,1.8819,-0.2340,0.0768,-0.2982,3.6776,2.7369,-2.2883
-2.0162,-2.0869,-1.2241,0.1762,-3.5461,-1.8341,-0.5116,-0.1669
0.4506,1.2700,-2.1391,2.2112,0.9105,0.3106,1.1941,-1.3689
-1.2770,-0.5914,1.7302,-0.4890,-0.5296,-1.2046,-0.2926,0.7289
1.1830,0.5570,-0.4310,0.6265,0.0733,-0.5120,-1.2239,2.5129
-0.2130,2.5928,0.5116,-0.1859,3.2246,-2.6811,-0.8133,-0.7285
-0.6513,-0.6431,-0.9791,0.6291,-1.5232,-1.1829,-0.5482,0.1708
2.1397,2.6962,-0.4318,-0.2455,-0.0103,-2.7065,-1.5586,1.3766
0.5434,2.6260,-0.3162,-0.8096,2.5870,-2.4421,-1.0911,-1.3306
-2.6348,-0.0301,0.4025,0.0267,0.2141,-1.8576,1.1782,0.1919
-3.3718,-3.6020,-0.6477,-1.3405,0.7480,-1.2847,-3.2440,5.1938
-1.1628,-0.0083,-1.3275,-0.2832,1.5774,-2.4516,-2.3621,1.5913
-1.6473,-2.0182,0.3515,-0.9520,-0.3827,0.0328,-0.8583,-0.5965
1.5750,1.0744,-2.0463,0.4288,-0.4797,-0.9080,-1.0973,0.0216
2.3081,-1.7793,-0.5181,-0.4151,-0.8871,2.4621,-2.5509,0.3504
1.5466,2.4034,-0.8217,0.1092,0.8483,1.2122,2.6728,-2.2955
-3.2868,-1.5931,-1.1917,-1.9663,-0.9711,-1.0771,1.1721,-0.2979
-0.6377,0.3726,0.8165,0.2811,2.4726,-0.8657,-1.1207,2.5388
-1.1316,-0.4229,1.1429,-0.7626,-0.2001,-0.8434,-0.0298,0.1534
6.0268,2.1144,-2.1920,0.8994,-0.5264,2.3624,-1.5226,-0.9238
0.7204,-0.5504,0.6973,2.5004,-0.8681,-0.8792,-2.2781,1.6169
1.6681,-0.5549,2.0774,-0.5117,-0.2559,2.9399,0.4495,-0.7726
1.0681,-0.1175,1.4024,0.1290,-0.6243,-0.3840,-1.5875,1.9971
-1.3375,-1.2389,-1.1133,-0.6784,-1.9631,-2.0325,-1.2897,0.8889
-1.0355,-0.9000,-2.7897,-0.5961,1.2814,-0.5009,-1.4750,2.1111
-0.1505,-0.0747,0.3563,0.6198,-1.0871,-0.8690,-0.1590,1.1719
-1.3835,-3.0741,0.3314,0.1794,-1.8435,1.8791,0.2109,-0.7640
1.0097,3.4992,-1.3563,0.0321,2.6522,-2.2445,-0.0860,-1.5596
2.3102,1.0543,2.0245,-1.5377,-2.1678,-0.9697,-0.9695,1.7694
-0.6091,-1.7537,0.4373,-1.1492,-1.1653,-0.8028,-2.1755,1.8763
1.1537,0.6205,0.1911,-0.2288,1.3594,1.2853,0.1719,2.2809
1.0768,-2.6873,0.1013,1.1001,-1.6964,0.2272,-4.3932,2.7886
-1.0071,-3.0493,1.5596,0.8613,-3.5032,1.8947,0.9705,0.9165
0.8186,1.0498,0.3406,-0.7169,0.1276,-0.7833,-0.4234,-0.9893
0.1250,0.6582,-1.7532,0.2107,-1.8396,-3.3381,-1.7250,1.3921
1.3318,2.6658,0.0716,0.9660,1.0154,-3.1883,-1.8543,-0.1142
1.3125,2.5565,-0.5696,1.2612,2.5457,-0.9555,-0.3618,0.7090
-1.4673,0.3567,-0.3764,0.5089,1.3792,0.7123,2.4388,-1.2081
-0.0158,-2.7873,0.7680,-0.3002,-2.0680,-0.1222,-3.2761,1.9414
1.4602,0.7493,-1.2933,0.2676,-0.3964,0.0677,-0.4461,-1.4722
-1.2013,-0.2619,-0.3227,0.1308,-0.4378,-1.2364,0.0721,1.1298
4.1111,3.2083,-0.0279,-1.7662,0.9684,1.5874,0.9339,-1.5045
-1.6571,-2.3450,1.6081,0.5993,0.7671,1.5803,-0.2835,0.5430
-0.7760,-1.8078,0.8653,0.6035,-0.3457,0.7115,-0.8412,0.8807
-1.7670,-3.8108,-1.1321,-1.0955,-3.7019,-0.8431,-2.3684,1.4721
-2.0418,-3.2127,0.3673,-1.3567,-3.6093,-1.1641,-1.4738,0.7628
-0.1414,2.4632,-2.2309,0.2370,2.8959,-2.8988,-1.1341,-0.1223
-4.0838,-1.9304,-1.8954,0.3150,-1.9998,-1.0500,2.3869,-1.2024
1.0535,1.3561,0.8897,0.7151,-0.5466,-2.1298,-1.2588,1.5626
1.0882,-1.2507,-0.8089,-0.8604,-0.1230,1.6004,-1.5732,0.0667
-0.2410,-0.1346,-0.2813,1.5207,-0.6168,-0.7141,-0.3039,0.4898
0.2238,-1.1293,0.3975,0.3826,-1.6815,-0.7314,-1.8050,2.3435
3.5843,4.1344,0.6601,-0.8385,1.9320,0.6286,1.4310,-0.6925
1.7120,0.0248,-0.4846,-1.7940,-2.2746,-0.5110,-1.2505,1.9063
-1.2727,-2.8000,1.0827,1.3060,-3.7679,-0.8202,-1.3265,0.4270
1.7974,3.2311,0.9083,-1.0826,2.1588,-0.8353,0.4196,-1.3967
-1.1938,-0.5636,0.4602,-0.5683,-1.2599,-0.2068,1.3087,0.2848
-3.8560,-0.2264,-0.1357,-0.2467,-0.7703,-2.4005,2.4992,-0.6250
-0.5235,-0.8435,-0.2754,2.5019,-1.2151,-1.2033,-1.2466,1.1702
0.8992,0.6840,-1.1799,-0.3181,1.2833,0.7358,0.0027,1.8665
0.3846,0.3694,1.0590,-0.6521,0.9617,-0.3325,-0.9078,1.1521
1.6851,1.5294,-1.1228,0.2477,-0.0976,-1.6553,-1.5967,0.9566
1.9515,0.5223,-0.1079,-0.3846,-0.6313,-0.6445,-2.0544,1.3251
1.9566,1.3257,0.4946,-0.3032,-1.3116,-0.9564,-0.6551,0.6742
-1.5018,0.6647,-1.6518,1.1623,-2.1307,-3.7145,0.1827,-0.0227
1.1295,2.0552,0.1327,0.0165,1.9336,-1.4184,-1.1165,-0.0490
1.4545,1.8019,1.0986,-0.0458,1.4309,0.0096,0.0306,-0.7835
1.8820,0.0319,-0.7301,0.2033,-3.8180,0.2105,0.4456,1.9089
1.3237,0.9642,2.0810,0.0717,0.2123,-1.4015,-1.9086,2.0892
2.0753,3.2022,-0.3164,-0.2779,2.1352,-0.4964,0.4473,-0.6412
-0.2307,-0.7271,0.6031,0.5136,-0.7155,-2.8564,-3.6794,2.9790
1.9767,-1.0517,-0.3166,0.2710,-3.0441,0.8291,-1.3049,1.4636
2.9617,3.9697,2.7072,-1.1842,0.5219,-3.0167,-1.3126,0.6980
1.4263,1.1636,-0.1116,-0.7772,0.0808,1.3512,1.4762,-1.8634
2.1335,2.1550,-1.8412,0.4256,0.6801,-0.3414,-0.1775,-0.1395
-2.9216,-0.2800,-1.9908,0.2536,-0.4199,-2.5610,0.7597,0.4899
3.8347,1.5083,0.0665,2.5123,-0.1669,4.1510,2.2769,-2.0305
1.8105,3.1207,-0.0940,-0.5105,1.4552,-2.5586,-1.3047,-0.3108
2.4586,2.1078,0.8836,-0.6123,0.1820,-1.1667,-1.3712,-0.8418
3.2486,3.6874,1.2278,-0.1610,0.8316,0.2855,1.4199,-2.1395
0.5324,2.6796,-1.2633,0.6112,1.7147,0.3902,2.9477,-2.1182
-0.3692,1.4985,-1.4104,0.1859,1.0655,-4.3997,-2.9422,0.5110
0.9432,1.0154,0.1815,-0.7566,0.9759,-0.7697,-1.0898,1.7874
0.8872,0.9952,1.3242,0.1545,0.1188,3.0028,3.8418,-2.4459
-0.2409,-1.2600,-1.0872,0.5874,1.2980,1.2889,-1.0669,1.4045
1.5701,-0.8413,1.6469,-1.3174,0.1709,-0.0943,-3.6445,2.7198
0.1447,3.4697,-1.6846,0.8143,1.9779,-0.2810,3.7876,-2.7053
1.2559,-0.7158,0.8193,-0.8238,0.9440,1.3651,-1.8526,1.5298
-2.6402,-0.2303,1.4615,1.3687,-3.4046,-4.5553,0.1081,0.0521
1.6763,2.5393,0.7801,-1.2093,2.5501,0.3293,0.6015,-0.2046
-4.5901,-2.0322,0.4663,0.5889,-5.4227,-4.5797,1.0584,-0.8584
1.1717,-0.7770,1.1827,1.0862,-1.1482,0.0910,-1.9482,1.0367
2.0220,3.0190,1.6386,-0.1341,1.3912,-0.0745,1.1788,-1.6807
0.1911,-0.1372,0.0727,-1.2316,-0.8056,-1.4732,-1.6326,1.3204
3.6396,2.1349,-0.0004,1.7182,-0.7609,-1.1222,-2.1678,0.5904
-1.4982,-1.8713,1.2472,0.5675,-1.0731,0.5934,0.3451,-0.1349
2.6331,1.4834,-0.8255,0.3914,0.2409,1.6368,0.7433,1.3012
0.9496,3.6308,-0.8360,-1.1277,2.6458,-3.6546,-1.4597,-1.5627
-0.1159,0.6016,-0.4149,1.6085,0.5840,-2.5002,-2.2008,0.3206
2.8405,2.8776,-0.2204,0.9782,0.7041,-0.7520,-0.4198,0.2358
1.0740,-0.3559,1.0104,-1.5532,-0.9401,-0.3281,-1.6980,2.2854
-1.2701,-4.1106,-0.2243,2.7952,-3.0355,1.7312,-0.9337,1.4810
1.4819,1.4501,-0.2125,2.0713,1.1723,1.2063,0.9995,-0.9747
-3.6909,-0.8046,-0.7552,0.3962,-0.8273,-2.5268,1.2384,0.2761
1.1495,2.1067,-0.2121,-0.7086,1.5789,-1.8817,-1.3767,-0.2678
-0.4457,0.6493,0.1839,0.6319,0.6448,-1.8396,-0.9123,0.6712
-0.2622,-0.2496,1.2565,-2.4945,-1.5682,-2.0607,-1.3768,1.4532
0.9577,3.0783,0.3235,1.4922,2.0815,-0.1368,2.1928,-1.3235
0.2387,-0.7555,-0.6017,0.7124,-0.8063,-0.9409,-2.0674,1.9421
2.5336,1.0330,-1.1176,-2.1022,-0.2708,2.2278,1.0470,-1.6776
0.0118,1.3806,0.0726,0.1128,1.5400,-2.7510,-2.0135,0.6038
-0.1507,-0.0846,-1.2501,-0.4832,0.1990,1.0846,1.1554,-1.4169
1.7193,0.5693,-2.5935,-1.2433,-1.9087,-0.2348,-0.3346,0.5273
1.1049,2.5031,-1.1499,1.2441,2.1380,1.0497,2.4124,-1.1986
1.7954,1.3777,1.7178,-1.4417,0.1323,-1.1224,-1.4819,1.8608
0.8198,-0.6770,1.7255,0.0541,-1.3571,-0.2531,-1.5715,1.0104
2.2526,2.3835,1.0006,2.7713,1.3190,1.9788,2.3006,-1.6516
1.8046,1.6207,1.0775,0.3051,0.3854,-0.6075,-0.6950,0.8269
0.4609,2.5035,1.0161,-1.3465,2.7270,-1.4628,-0.0615,-0.1733
-2.8962,-0.4406,0.4496,1.3449,-2.6107,-3.2261,1.1075,-0.7689
-1.3361,-3.5609,-1.8122,-1.4183,-1.2669,1.0950,-1.8866,1.6398
-1.7946,-1.6429,1.1792,-2.0777,1.0606,0.2814,-0.6160,1.7944
-2.9573,-4.3893,0.8465,0.3242,-3.5298,1.1643,0.6022,2.5240
3.1637,2.9193,0.7381,0.5045,0.9302,0.2703,0.3115,1.0798
-0.9357,-1.8027,0.4013,1.5816,-0.9732,-0.2281,-1.2888,1.2532
2.8469,3.1300,-0.3863,-0.2482,1.3595,0.2201,0.7130,0.4762
-0.9807,-1.0606,-0.5407,0.3207,-2.4619,-2.4341,-1.6018,1.1519
1.7060,2.7208,-0.0280,1.4261,1.4169,-1.9312,-1.0958,-1.1688
3.4171,4.2986,-0.1993,0.3460,1.4297,-3.2131,-2.2667,0.0318
1.5102,1.1854,-0.3306,0.1958,0.3611,0.3229,0.0826,0.3815
2.2729,4.1269,-0.5738,1.0918,2.3291,-0.0577,2.0755,-1.4730
-5.2719,-1.3602,-0.4002,1.0380,-2.0985,-4.0128,1.5582,0.2797
0.7294,1.0081,0.0994,0.3758,0.3808,-1.7734,-1.6328,1.0498
0.4615,-0.5496,-0.2191,0.5680,0.9875,0.9278,-1.0924,0.5082
0.6264,2.4334,-1.0083,1.5575,1.8366,-0.7235,1.0396,-1.2192
3.4784,0.6204,0.0311,0.7390,-2.2175,-0.8010,-3.0220,2.2947
1.7083,1.6908,-0.6026,1.4967,1.5721,1.3464,1.0410,0.2290
3.1627,2.0711,-1.6877,-0.8751,0.3336,1.6233,0.9539,1.9236
0.9423,-1.0184,0.5804,0.6173,0.7547,1.8848,-1.2129,0.8704
1.2001,2.2962,0.7018,1.2438,0.6283,-3.4225,-2.3192,-0.3943
1.5628,3.5743,-0.4235,-0.5487,1.5859,0.0609,2.7256,-2.3963
-0.1449,0.0897,-1.3348,0.2665,1.2234,-0.6752,-1.2235,1.5847
1.0815,-1.7197,0.0356,0.1191,-1.9064,0.9404,-1.7816,3.0018
0.5717,-1.2787,-0.3908,-0.2172,1.0330,1.9050,-1.3011,1.0844
-0.1258,0.8154,-0.0587,1.4919,1.5427,0.5205,1.0683,-0.6342
0.3762,0.1911,-0.7819,1.6530,-1.4402,-1.0468,-0.4339,0.4290
-2.1664,-1.8921,0.9025,-0.1523,-0.9195,-1.9714,-1.8382,2.1744
1.8828,-1.2540,0.6871,-0.7790,-0.9318,3.3563,-0.0517,-0.7873
0.3438,0.2621,1.2313,0.7704,1.0161,-0.5894,-1.3112,2.5705
-0.8422,-0.4534,-0.2630,0.3173,1.2053,-1.5746,-2.2490,1.4284
1.0940,2.6572,-0.5698,1.5601,1.5818,-2.8557,-1.5376,-0.1200
-0.2667,-1.2753,1.6991,-0.7163,-1.8269,-0.7948,-1.4296,0.7647
-0.0466,-0.3464,1.6467,-0.9840,0.7765,-0.4277,-1.4046,3.3719
-1.1137,0.2521,0.9306,0.4631,-0.2162,-2.3194,-0.6180,1.3983
1.5188,1.9416,2.3035,1.3964,-0.0029,-1.6163,-0.7354,0.1847
2.0059,3.5326,1.0811,-0.8229,1.4467,-2.5340,-0.8842,-1.1331
0.6739,1.3529,0.0209,-0.0390,1.4300,-1.2267,-1.0174,1.7433
2.0301,-1.4910,-0.2492,-0.0673,-4.6291,1.1208,-0.6447,2.2319
-0.5519,-1.7419,-1.4874,1.2400,0.1163,0.2803,-1.8184,1.9242
1.3089,2.4226,-0.1764,-0.8929,2.7079,0.4477,0.9324,-0.3443
-2.0514,-0.2042,1.0992,-0.5699,2.0239,0.9765,2.2033,-0.4487
-1.0574,-0.3318,-0.2819,-0.3224,-2.0758,-3.2098,-1.4698,1.1234
-0.2212,1.2911,-0.4692,0.9226,2.0096,-2.6898,-2.0733,1.0865
0.9818,0.1059,-0.4251,-0.7768,-0.2620,-1.0118,-2.0687,2.5344
0.9917,-0.4593,0.4704,-0.4614,-2.6264,-0.2910,-0.5726,2.0249
-0.4785,-1.7506,0.2885,-0.3237,-2.4783,-0.3899,-0.9235,2.6407
2.4190,2.2709,0.9218,-0.9155,0.5435,-0.4795,-0.4364,-0.0007
1.9329,1.3938,-0.3740,-1.1329,1.0297,0.4965,-0.4381,-0.6022
0.9319,-0.1029,0.1976,0.1662,-1.5172,-0.7940,-1.2697,1.6813
0.0823,-1.3815,0.0441,-0.0391,0.7112,1.9518,-0.3791,4.5006
-0.5416,-0.7053,-1.1226,2.0275,0.7911,0.7197,-0.1345,-0.1838
-0.4106,1.0651,-1.9378,-0.1367,1.8931,1.5723,2.8683,-1.0026
4.3557,2.2399,1.5564,0.8873,0.0400,2.0319,0.1570,-1.3371
1.9732,2.0741,-0.0396,-1.6649,0.0358,-1.7606,-1.3147,0.5187
0.9245,-0.5363,0.6619,0.0002,-3.3082,0.2580,0.5034,1.8714
0.1546,0.8095,1.6268,-0.3223,0.9533,-2.2282,-2.0726,2.0409
1.3504,0.9807,-0.0244,-0.9377,-0.7169,-2.8277,-2.9765,2.1651
1.0917,1.5170,-1.3202,1.3650,0.1376,-1.3606,-0.6730,-0.1985
-0.7203,1.1980,-0.5396,1.1706,2.0997,0.7834,2.4419,-0.7385
-1.4797,-2.3263,0.5338,1.1421,0.0778,-0.5574,-2.4250,3.7182
-0.3318,-1.3653,0.9390,-0.3508,-1.6134,-0.4857,-1.2170,1.9302
4.2611,2.8750,-0.0505,1.2402,-0.3215,2.6690,2.2847,-2.8314
-1.1991,-1.1558,0.1322,-0.3238,-2.4516,-1.5557,-0.4693,0.1625
2.2891,-0.3777,-0.2889,-1.4598,-2.7762,-0.2665,-2.0535,2.3242
-1.7400,0.0559,-0.3127,1.2481,1.5198,-4.0909,-3.3636,2.0433
-1.2256,-0.0741,0.0985,-0.2956,1.9182,-2.0400,-2.1533,1.0666
0.2288,-0.9479,-0.3793,-0.2965,-1.6928,0.8678,0.2657,-0.7249
0.3912,2.6279,-0.4983,0.8163,3.3001,-1.1701,0.1842,-0.4685
0.6929,0.5897,1.2428,-1.2986,-0.4981,-1.2506,-1.0690,0.8044
0.9803,1.4958,1.0986,-1.5863,0.4665,0.6492,1.5358,-1.8824
1.8418,3.4157,0.4455,0.2885,2.0745,0.8656,2.7440,-1.5489
3.9910,2.9751,-0.0286,0.4032,0.5924,1.6651,1.0409,-1.8723
1.9524,0.7364,-0.2112,-1.1127,-1.1800,-0.7484,-1.4814,0.5487
-1.7618,-1.0967,1.0508,-0.6665,-1.4427,-1.2166,0.1185,0.4148
1.6044,0.6710,-1.4160,0.6724,0.8535,1.5647,0.1944,-0.5869
0.7880,-1.0592,1.4780,-0.3174,1.4737,0.8236,-2.7461,2.6768
0.3503,0.2605,0.0888,-3.2164,-1.3471,-1.9848,-1.3515,2.9317
-1.2657,-2.6463,0.3912,0.7930,-3.0398,-1.6845,-2.5587,1.4959
2.1067,4.4097,0.8464,0.0995,3.5086,-0.9186,0.9259,-1.8150
0.4350,0.9745,-0.6053,-1.5680,1.4520,-1.5753,-1.7137,2.6645
1.9100,2.0170,1.6108,-0.0165,0.1616,-2.1584,-1.8697,0.8335
0.3995,-0.3444,0.8762,-2.5729,-1.3486,-1.0010,-1.3051,1.8260
2.3553,2.2043,-0.5994,-0.2917,0.5598,0.8051,0.9870,-1.5710
1.1948,1.0799,-0.7025,1.5773,0.4491,-1.5013,-1.8129,2.2738
1.1736,2.0014,-0.9173,0.7151,-0.6201,-2.2557,-0.4486,1.4633
-1.6060,-2.0185,-0.4584,-1.5169,-3.6026,-1.4439,-0.4567,-0.2858
3.9043,4.4456,1.6540,1.4778,0.8420,-1.3398,-0.0871,-0.7972
-1.4525,-1.1877,-0.7242,-0.3492,-0.8478,-0.5748,-0.0779,0.8240
-1.3499,-2.5464,1.8885,0.6946,-0.2529,0.6334,-1.4300,1.3629
0.0447,0.3251,-0.6182,1.4598,0.5569,-1.7153,-1.8690,1.6210
3.5922,1.6903,-0.6964,-0.4573,0.6952,1.6764,-0.5646,-0.6463
-0.1604,-2.7060,0.7791,-0.2470,-1.8616,1.5007,-1.2083,0.6964
-0.2008,-4.3544,0.1198,0.6759,-0.1814,2.0884,-4.2360,3.3608
1.9299,0.6943,0.0426,1.5951,-0.9715,-0.9043,-1.8011,1.6293
-2.3311,-0.0268,-0.2875,-0.2655,-1.8504,-4.0155,-0.3593,0.7910
-0.5409,-0.6000,-0.8396,-0.7673,1.1194,-0.2457,-1.2052,2.6864
2.3783,2.1418,-0.0239,-2.0394,0.8141,0.5616,0.5023,0.9923
-2.1651,-0.6880,0.5173,0.9508,-0.8405,-2.1963,-0.2102,0.8585
1.6838,0.6605,-1.6793,0.1981,-1.6796,-0.2091,-0.2748,0.2053
1.6178,1.8632,-0.4119,-0.1118,0.8619,-1.9745,-2.0244,0.0665
-2.5987,-2.3881,-0.9892,-0.8518,-1.9147,-0.2701,0.5333,0.0644
0.1908,0.6307,-1.6684,0.5785,1.0014,-1.4089,-1.5303,0.8609
-0.4025,-1.8629,0.4308,-1.0026,-4.3289,0.5667,1.1880,2.5710
-1.0289,-0.6229,0.2280,-0.0869,-0.8872,-1.9993,-1.3396,1.7184
2.7229,0.9375,-0.8206,0.5823,-0.6729,2.1964,0.8526,-2.0259
0.8165,0.2012,0.6845,-0.6543,-0.8389,-2.2927,-2.8698,1.3283
2.2028,1.0060,-1.2591,1.6767,-0.1127,2.1893,1.2909,-1.8159
5.2116,3.2425,-0.8076,0.1774,-0.3831,2.0907,0.9766,-2.4817
-1.1341,-2.0534,-0.7742,0.7928,-3.1268,-2.2048,-2.3227,1.1589
-1.0161,1.0537,-0.1743,-1.0518,0.2957,-2.3820,0.1364,0.8047
1.7836,3.3097,0.1678,2.1965,1.8860,-0.2659,1.4332,-1.4218
0.7387,0.1927,-0.0441,0.2152,0.7722,-0.3056,-1.5787,-0.1102
1.1834,1.7176,-1.0320,-0.0452,0.6243,-1.5643,-1.0364,-0.1576
-1.3044,-0.8857,0.2355,0.9944,-1.8637,-1.9162,-0.7036,0.2383
0.4005,1.3233,0.5239,1.2686,1.4141,-1.9343,-1.5645,0.9133
-1.7320,-0.1460,-0.5049,0.0050,-0.8915,-2.3135,-0.0157,0.4674
3.8146,3.2781,0.5956,-2.0554,1.0026,3.0324,3.1217,-2.1485
-1.2399,0.8284,-0.0849,1.3503,-0.8013,-2.9495,0.1194,0.3716
-0.2854,-1.4510,-0.4895,1.2736,-1.6709,0.4409,-0.3449,0.4938
-1.7716,0.5202,-0.3334,-2.1922,-0.2872,-3.6930,-0.8531,1.6433
-0.3040,1.2955,-0.2402,0.0934,1.1308,-1.7692,-0.3195,-0.3302
1.4243,-0.1167,-0.1120,-0.1969,0.0257,2.2512,0.6275,2.0837
2.6658,1.3002,-2.0256,-0.5919,-0.7238,-1.7170,-2.9174,1.8228
-1.0104,-0.3264,-1.3858,0.3653,0.1018,-1.0708,-0.4978,0.4425
0.7799,2.6575,1.0457,0.2064,1.3854,1.7104,4.3497,-2.6176
1.3555,2.2882,0.8421,1.9914,2.4546,0.0219,0.3362,0.2185
0.4809,-0.7907,0.9308,-1.3112,0.1623,0.8813,-0.8544,4.0279
3.5431,-0.3042,-0.3159,-2.4814,-0.8561,3.6109,-0.4699,-0.8005
1.2380,1.9237,-2.1433,-0.4612,0.7046,-2.6232,-2.0764,-0.0211
-0.5916,-1.6645,-0.2649,-1.4041,-1.7184,-0.7102,-1.6018,0.9810
-0.0508,-0.2241,-0.1203,0.7264,-0.3167,-0.9698,-1.2129,0.6806
1.6155,-1.4040,-1.1754,0.6419,-1.2358,3.1834,0.0423,-1.2475
3.3152,2.5954,1.1905,-0.6395,0.4760,2.1508,1.9777,-1.9905
-0.2261,0.7690,-0.3927,2.5815,0.9420,1.6290,2.8153,-1.5898
-0.4870,-0.7867,-2.0214,0.0828,0.0861,0.5510,-0.0808,-0.5807
-0.1068,-1.9323,-0.3520,-0.6188,0.2779,0.3130,-2.7609,3.0742
2.8852,1.6214,-0.6772,-0.8445,-1.7464,-1.0946,-1.2607,1.3230
3.9387,3.1913,-0.3788,-1.5548,0.4816,1.6501,1.5224,-2.0608
3.9462,2.6991,1.8452,-1.8988,0.5042,2.7808,2.1037,-0.2251
0.8967,0.9201,0.1178,0.5882,0.5416,-1.1443,-1.3623,1.1733
-1.4214,-1.7342,-0.2892,0.1191,-0.8098,-0.7845,-1.3034,0.9364
0.9329,-0.0669,0.0269,-1.0155,-2.5809,-0.4086,-0.0190,1.7975
1.2272,3.3037,-0.8811,3.2221,1.9350,-3.0089,-1.0800,-0.4990
-1.1883,-0.6553,-0.4815,-3.0686,-0.6318,0.0480,0.9855,-0.5299
-1.1698,-1.8664,-0.5266,0.6201,-1.2852,-0.5764,-1.2986,0.8070
0.5340,0.2215,0.6753,-0.7355,1.5218,-0.1397,-1.4803,1.8467
-0.5905,-0.2174,0.5189,0.2183,0.8396,-1.1053,-1.3593,2.0643
-0.7525,-2.0435,0.7641,0.3564,-2.4498,-0.8654,-1.6978,1.0432
-0.0220,-1.9550,0.4784,-0.9942,-2.4416,-0.9494,-2.6136,1.8068
2.6989,3.6354,-2.8085,-0.9066,1.1715,-1.0691,0.2656,-1.4361
-1.0541,-0.2840,0.1361,-0.6602,0.9603,1.6729,2.2465,-1.0260
1.2644,0.8782,0.3323,-0.0618,-2.0104,-1.9677,-1.0780,3.1424
1.7768,3.3155,-2.1637,-1.1868,1.4334,0.8965,3.1110,-2.2026
-3.3177,-2.7640,2.1053,-0.1095,-1.8481,-1.7620,-0.9009,0.9400
2.1237,2.7171,0.8251,0.1604,1.1740,0.0494,0.8440,-1.4306
2.3174,-1.5637,-0.9460,0.2078,-3.4755,0.4131,-2.7610,2.8410
2.1449,3.5622,-0.6957,-0.6989,0.9578,1.9056,4.5020,-3.2718
-1.9141,0.8218,-0.1737,0.2442,0.1638,-3.8398,-0.6442,1.5374
-2.3155,-1.0982,1.3291,-0.9642,-2.9891,-4.0411,-1.4008,1.2384
1.3688,2.2120,-0.9639,-0.4265,1.0024,1.3807,2.7046,-1.9664
-0.6344,-2.6459,-0.0459,1.7633,-1.9213,1.1921,-0.8143,0.1755
1.3964,1.6248,-1.4171,-0.0680,1.8403,1.3890,1.1961,-0.3419
1.0786,-3.0445,0.1049,-0.4229,-1.2081,1.9431,-3.2984,2.4365
0.5470,-4.0993,1.1187,-0.8066,-3.2703,1.1353,-3.9124,1.9086
0.5980,-0.1405,-0.0080,-0.2041,0.3001,0.1163,-1.0525,1.3608
1.5478,1.3168,-1.8757,-0.0956,-0.2251,-2.5684,-2.7238,1.8850
-2.4416,-2.0947,-2.2052,1.9594,-1.5348,-0.8902,-0.1656,0.5782
-1.0760,-0.8238,0.7706,0.4841,-1.8565,-2.1032,-1.1114,0.8286
1.7403,-2.0974,-0.6018,0.7262,-1.7331,2.0223,-2.3024,-0.6892
0.1968,2.3651,-1.8698,-1.5204,1.7318,0.8210,3.3904,-1.8806
0.1553,0.9661,-0.3647,0.4592,1.6106,0.4261,0.7838,-0.5362
0.5807,2.6585,-0.8168,0.7479,3.3329,-1.3824,-0.2464,0.6675
0.7471,0.1217,-0.9979,-0.6606,-0.6232,-1.7282,-2.3342,2.4318
1.5951,0.5904,0.2260,-1.5363,0.5511,2.1381,0.9493,-0.8725
3.7206,2.3723,1.0893,-0.0429,-0.5311,1.0184,0.4940,0.2198
1.4042,1.1982,1.3763,-0.3367,-1.9058,-1.5276,-0.3266,2.1243
-4.0757,-1.5767,-0.0666,1.1752,1.9243,-0.7651,0.6862,0.2490
-0.8734,-0.3337,1.1152,1.0290,0.0150,-1.0508,-0.5945,0.8528
1.6982,1.0464,-1.5130,1.0356,-0.0951,-0.6430,-1.2030,1.2684
-2.9815,-4.3067,-0.2686,0.2249,0.3244,0.9049,-2.2126,1.6355
0.5438,-1.1317,0.0006,-0.6104,0.0106,1.5473,-0.6807,2.4999
0.5137,1.2873,0.9903,0.1924,1.3006,-1.7432,-1.4749,0.8728
1.0976,0.2718,0.5712,0.6169,-1.6743,-1.5520,-1.6124,2.8383
2.4549,-0.0911,-0.4912,-1.2992,-1.8787,-0.3689,-2.5677,1.6148
0.0366,-1.6545,0.9547,-2.3043,0.5684,1.3209,-1.5483,1.7810
0.8206,1.6252,-1.4768,-1.8073,1.2715,-1.3536,-0.8550,0.6186
-2.7163,-1.7148,-0.6027,1.3975,0.6255,0.5495,1.0234,-0.6464
3.5615,3.2091,-0.6844,-0.8598,0.5561,2.6288,3.1528,-2.6477
1.1084,0.3207,-1.4401,-0.7813,-0.9916,-1.8675,-2.4721,0.9668
0.3773,-0.3681,-0.5647,-0.4594,0.1125,-0.3656,-1.5434,2.1447
0.2027,2.1549,0.2356,0.1427,3.2115,-0.9000,0.0878,0.7621
-1.4067,-0.3710,0.1292,-0.2010,1.5142,-1.9177,-1.9651,1.4206
-3.7221,-1.5205,-0.5387,-0.6727,-2.1623,-3.5625,-0.1924,1.2155
2.0364,2.7744,0.6410,-1.7597,1.3295,-1.3433,-0.6352,0.1639
1.8384,0.8601,-0.4790,-3.1830,0.2428,0.3907,-0.6964,1.4528
1.6359,0.1168,1.6496,0.3856,-1.9678,-0.1753,-0.8494,0.8889
-1.7371,-0.3534,-0.4633,1.1017,2.2774,1.1195,1.5514,0.1634
-0.5184,-0.3206,-0.1511,-0.9666,-1.9086,-2.2608,-1.1959,0.4901
3.4295,0.7422,-0.6388,0.9561,-3.3692,-0.6027,-1.7170,2.5479
0.1982,1.0129,0.1918,0.1025,1.5931,-1.1814,-1.0659,0.1969
0.1141,0.9217,2.1839,-1.6394,1.5787,0.0574,0.3539,-0.4084
-1.7631,-0.2264,-2.0569,0.3047,1.8041,-0.7169,-0.0630,0.1921
1.0502,-1.0490,-0.9424,-0.8352,-3.6716,-0.1083,-0.6570,3.0754
-1.5804,-0.5260,1.4240,-0.5378,1.4370,-2.4438,-2.5001,2.7910
-0.9605,-0.5523,-1.0353,-0.5288,0.3832,1.7799,2.1767,-1.4110
-0.2370,-2.5806,-0.5411,-0.1774,-0.3553,0.9535,-2.5740,0.7669
-0.0274,2.5857,0.0843,0.9161,2.4759,-4.0818,-2.2182,-0.3978
-0.2103,-0.2509,-1.8286,-0.6099,-1.1094,-0.7138,-0.1796,0.9971
-0.1725,-0.9358,0.0836,0.4044,-3.5380,-1.8175,-1.0720,0.0017
1.2421,2.4611,-0.0063,-0.7840,1.9601,-0.2966,0.6949,-0.7407
0.0098,2.0614,0.7381,1.1816,2.0108,-0.3144,1.6241,-1.2129
0.9195,-1.2080,-2.5120,-1.4576,0.3102,1.0465,-2.1426,1.9846
1.8885,1.2251,1.4483,0.1581,-0.7605,-0.7702,-0.9193,-0.0696
-2.2759,-1.8993,0.6695,-1.2159,-0.1628,-0.4799,-0.5045,0.7994
-0.0874,-1.8889,-1.4073,-0.2339,-1.2190,2.0382,0.1257,-2.2420
-1.0454,0.1585,-1.3961,-1.9975,0.8722,1.1947,2.4500,-1.3503
0.5256,2.0346,0.7021,0.3627,1.8071,-2.3975,-1.3991,0.1998
2.8992,2.8122,-0.9721,-0.7865,0.0682,-2.1819,-1.8638,0.5169
-0.5799,-2.9693,0.6524,-0.4554,-0.6619,1.4190,-1.9503,1.7240
-4.4390,-3.5278,-1.4983,-0.8943,-0.8787,-0.7156,-0.0769,0.7976
-2.0611,-0.2216,0.4280,-2.0829,-2.3100,-2.8143,0.6494,-0.1929
0.1032,-0.4199,-1.2408,-0.6136,0.1850,-0.0307,-0.9136,2.0243
-1.8570,-1.6232,0.2087,1.1755,-2.5856,-2.0977,-0.8958,0.4795
1.3266,3.0738,-1.4791,-0.4937,2.0204,0.7698,2.7959,-1.5421
0.5388,2.3619,-0.8387,0.7408,1.0956,-2.7772,-0.8230,0.4923
-0.8820,0.4810,0.4432,1.2427,2.0707,-2.4406,-2.2510,1.5860
-0.3612,-0.1542,-0.4480,-1.0617,-0.6925,-4.4031,-4.4522,1.8843
-2.9356,0.4461,2.5677,0.6866,0.8609,-2.3938,1.3188,0.5961
1.5847,0.9838,0.6616,-0.4868,0.4578,-1.3117,-2.3801,0.1041
3.4976,2.2287,0.8798,0.9162,-1.1610,-1.6793,-2.1687,1.4689
0.9015,0.8662,0.5435,0.1461,0.7861,-0.5339,-0.8763,1.6812
-0.7824,-2.6010,1.2968,1.4287,-1.3893,-0.1541,-2.4221,2.0352
-2.6906,-0.6845,0.6227,-2.1682,-2.6839,-2.4831,1.3491,-0.9214
0.3883,-0.0712,-0.1641,-1.1327,-0.7064,-1.1611,-1.4922,1.1957
2.6504,5.4880,0.1208,0.6156,2.7016,-0.7439,2.7417,-1.9603
1.4933,0.7999,1.0114,-0.4105,0.0754,-0.3178,-1.0517,1.5798
-1.4680,-2.9382,-1.7025,0.7351,-4.5708,-1.6001,-1.6780,0.2748
3.5250,3.0746,0.4155,-0.1185,-1.0938,-2.3298,-1.5973,1.8418
-1.5241,2.6991,1.0390,-0.5783,2.4713,-1.2510,3.3167,-1.7695
3.2380,0.1848,0.4360,0.5824,-3.3698,0.9446,-0.6390,0.4390
0.5662,2.8228,-0.5824,0.4646,1.9779,-3.3127,-1.3385,0.3486
-0.9984,-0.2084,0.1171,-1.8555,0.2662,-1.6350,-1.0779,0.9659
2.0571,1.4393,-1.4108,-0.7541,0.8120,2.0344,1.4243,-1.1647
-0.8568,-1.4194,-0.8153,-1.1468,0.4741,1.0374,-0.3070,-0.2621
-0.3368,-0.6904,-0.0328,-0.3844,0.5989,-1.1982,-2.5045,0.6159
2.1757,-0.1829,-0.1417,0.8082,-2.4501,0.4450,-1.0172,0.8223
-2.1652,-1.4560,0.4598,0.1832,-1.5075,-1.9307,-0.7101,1.0763
1.8518,2.1887,1.0918,0.9977,-0.1837,-2.8204,-1.9975,2.1433
2.6563,4.6403,1.3013,-0.0388,2.1925,-2.4446,-0.3320,-1.3620
0.7653,0.0817,0.3927,-0.1116,0.2743,-0.0716,-1.1103,1.4643
0.8340,0.2279,-1.2556,0.2810,0.3674,0.1156,-0.7481,2.6283
1.5010,-0.6930,0.6772,-1.8371,-1.5120,-0.1482,-2.1728,3.6781
1.7327,0.3986,-0.7143,1.1705,-1.1574,-0.1191,-1.0438,-0.1357
2.5315,1.6759,0.4165,0.7447,0.5557,1.0411,0.2491,0.6548
-1.5409,-1.9843,-0.6054,-0.4414,-1.3251,-0.9807,-1.4213,1.3486
1.1404,1.2529,0.9525,-0.2463,0.4983,-1.7408,-1.8183,1.1729
-0.2496,-1.4078,0.0771,-1.2213,-2.2251,-0.2939,-0.7427,2.1548
-0.0939,-1.3529,0.5756,-0.9015,0.3682,0.0626,-2.2147,2.0991
3.2420,2.4208,-0.1051,-0.9063,-0.6491,-1.3086,-1.4354,0.8907
1.5007,-0.1739,2.3286,0.5863,1.0227,1.1399,-1.6400,0.6844
-0.6681,1.4083,-0.5684,-2.0438,2.7652,-2.3746,-1.4363,0.5479
2.3348,3.7513,0.2885,-0.9163,1.8889,-1.6587,-0.1932,-0.4056
-1.0312,-1.8301,-0.6374,-0.7414,-0.2222,-0.2197,-1.6820,1.8474
0.0427,-0.9174,0.9917,1.2427,-1.2892,-1.3935,-2.2356,2.9343
0.6908,0.6959,0.4497,-1.1191,1.1754,-0.0546,-0.5651,1.7930
2.1404,1.5753,0.3663,0.1516,-1.2599,-1.9370,-1.6128,2.4262
2.2357,2.7444,0.1790,-1.5017,0.5779,-2.8074,-2.1488,0.9798
-0.1986,-1.0513,0.6999,0.2579,-0.5405,0.0127,-1.1060,-0.1197
-1.3973,-2.2643,0.3381,0.1766,-1.8590,-1.1519,-1.9208,1.3854
1.9318,4.1960,0.3103,-1.5242,1.6459,-0.6006,2.4294,-2.4898
-1.8655,-1.5170,0.7710,-1.4027,1.6427,-0.0425,-1.1258,1.0735
2.7902,3.6198,0.5722,-0.1012,0.4016,-2.7971,-1.3267,0.5460
3.7772,3.5531,-2.1063,-0.5776,-0.9462,-1.4835,-0.3057,0.2455
1.2742,0.1874,-0.4854,-1.1281,-0.9554,-1.7831,-2.7710,2.5964
1.2058,2.8729,-0.3551,-0.6293,2.5809,-1.9683,-0.9513,-0.0169
0.5308,-0.9080,0.0453,-0.3488,2.4247,1.1109,-2.4497,2.7506
3.2434,3.6469,0.2358,-0.8810,1.8402,0.2888,0.7697,0.0122
0.2701,-2.6440,0.2022,0.2931,-0.4895,2.0928,-1.9305,0.5298
-0.3785,2.5502,-1.8254,-0.9409,2.2128,-0.7993,2.2404,-1.4693
0.9393,0.4440,-0.7231,0.1379,0.7793,0.8156,-0.0505,1.0216
-0.1406,-2.4912,-0.7855,0.3182,-2.8101,-0.3340,-2.2815,3.6219
2.1736,1.5996,0.8673,0.1582,0.8012,2.4712,2.0409,-1.6206
-0.0922,-0.2428,-0.9093,-1.9586,0.6143,-0.1768,-0.8615,1.1051
2.3108,3.5262,1.8751,-0.2611,1.6883,-1.9802,-0.7581,0.1297
2.4639,-0.2542,0.4445,-0.8170,-2.6141,0.4544,-1.4090,0.7145
0.9231,0.6695,-0.2708,0.0693,0.3950,1.8966,1.7769,-1.6880
-3.0422,-1.6122,0.7709,0.1948,0.6171,-0.7911,0.1316,1.2529
1.9151,1.6555,0.7108,0.7812,-1.4784,-1.2055,-0.2118,1.0944
1.5851,0.3718,-0.2834,-1.6590,-0.8236,-0.6649,-1.7291,0.6956
0.7365,1.6527,-0.5247,0.6077,1.0792,0.6821,1.7535,-1.7783
1.9878,2.5426,1.0720,-1.2373,0.8994,-1.1432,-0.4284,0.0602
3.7228,2.5467,-0.7727,-0.1718,0.8936,2.0034,0.9145,-1.2530
2.3595,0.5869,0.0438,0.3424,0.3704,1.7501,-0.4227,-0.6445
-1.1948,-0.6235,-0.4766,-1.0832,-2.5473,-3.7060,-2.0227,1.4763
0.3276,-1.0154,-2.5650,-1.0029,-0.3460,2.3280,0.8243,-0.9918
-2.3886,-1.2359,-0.5202,-1.9701,-1.5592,-2.4445,-0.6346,0.6529
-0.4438,0.8502,0.1937,-1.2946,2.2309,-0.2647,0.1854,0.1044
-1.4752,-1.3588,0.3964,-0.0250,-3.1891,-1.7624,-0.1747,0.1696
1.2777,1.6466,-0.2084,-0.6748,1.1368,0.4800,0.7570,-1.1349
-1.9077,-3.8952,1.2860,0.6262,0.4751,1.8166,-1.9922,1.8354
4.4748,-0.0288,-0.8925,1.1334,-0.8551,2.4252,-2.6706,-0.4111
0.0329,0.9812,-1.2317,-1.8865,0.8290,-3.1614,-2.6889,1.1035
-1.7647,0.8850,-1.2250,-0.2260,2.0977,-0.5825,1.7123,-0.7401
1.7447,0.1277,0.8909,0.9010,-1.5790,-0.9684,-2.1407,1.9757
1.4705,-1.1000,-1.1489,0.5033,-4.5951,0.2571,-0.2280,3.4785
1.8904,1.0178,0.4260,0.5960,-1.0244,-1.4377,-1.8195,1.3358
0.8666,0.5245,-0.6858,0.1036,0.9936,0.6509,-0.1643,0.9269
-0.1969,0.3704,1.5942,0.7443,-0.2688,-1.0650,-0.1912,0.1625
1.1945,0.1245,-1.1302,0.1059,0.5187,1.3543,-0.1775,-0.4692
2.3227,2.0957,0.5831,0.2964,0.6942,0.2748,0.2177,0.4619
1.8280,0.6323,-0.0326,1.0131,-2.4729,-1.1054,-0.9434,2.4094
2.5659,1.3849,0.5449,0.4293,0.3478,2.6997,1.7341,-1.5722
-1.1662,-1.3572,0.2051,-1.3920,-0.2495,-2.0948,-2.9075,2.2038
-1.2557,-0.6672,0.1600,-0.1201,0.4109,-0.2282,-0.0153,-1.1979
-0.0040,0.1639,-0.9649,-0.3830,0.9765,-1.0696,-1.5598,2.2970
-1.4676,-0.5754,-0.9945,0.8989,1.9542,-0.1414,-0.3980,1.6716
1.0806,1.8089,1.8116,-1.1447,1.0924,1.4401,2.4488,-1.5968
1.4778,1.3845,0.8218,-1.5907,1.1728,0.3729,-0.0263,0.6092
1.8669,0.9323,1.4217,-0.3268,0.9450,1.4357,0.0667,-0.3983
-4.0195,-0.0639,-1.4512,2.0273,-3.0520,-4.6575,1.8619,-0.7123
-0.8855,-2.7603,1.7353,-0.5015,-2.9350,-0.3446,-1.6364,3.8424
-0.7801,-0.4045,1.0666,-0.0508,-0.6801,-0.1295,0.6810,-0.3150
-1.1503,-1.1390,-1.1567,-0.8081,-1.7236,-1.0511,-0.2936,2.6461
0.1913,0.1402,1.2905,-0.4470,0.4868,-1.3039,-1.8315,1.7852
1.5009,0.6635,0.8512,0.2611,-0.8051,-0.8620,-1.3715,0.7758
-1.4787,0.8685,-2.0552,-0.1604,2.0133,-3.2903,-1.7868,1.1273
-1.3022,-0.1656,0.5079,0.2563,1.5019,-2.6927,-2.6546,1.9546
-1.0261,2.4787,1.0674,0.3248,3.5354,-3.6536,-1.2891,-1.1493
3.3125,1.9714,0.2609,0.0012,-0.6205,0.7090,0.0759,0.3138
0.4621,3.4513,0.7828,-0.5149,3.2486,-1.2379,1.4109,-0.6078
-0.5160,4.6816,-0.1391,0.6564,3.6998,-0.4444,5.3478,-2.4375
-2.7379,-3.8019,0.2298,-0.7479,-1.6771,0.8175,-0.4486,1.3422
1.2005,-0.6580,-1.2621,-0.4955,-3.2355,-0.4989,-0.9740,3.0302
2.2212,2.4700,0.0772,-1.1665,1.3061,0.1268,0.3889,0.5329
2.5070,2.3159,-0.7294,-1.0658,0.6432,-1.5728,-1.8783,-0.6094
-1.7716,-0.7275,1.9590,0.2958,-0.7602,-1.3744,0.1013,0.5971
-0.6811,-4.0357,-2.1143,2.0768,-2.2594,1.7020,-2.1873,1.1928
-1.6001,-1.0551,0.5615,0.3937,-3.2699,-0.9943,1.3982,-1.4790
-4.0155,-0.4288,-0.7937,-0.7620,2.4465,-1.4048,1.3875,-0.0706
2.9068,2.2464,-1.4178,1.1702,0.1042,0.2284,0.0741,1.5720
0.5423,1.4098,0.3785,-1.4513,1.2343,-1.8211,-1.3759,0.4424
-0.8802,0.0846,-0.7413,0.7923,2.2870,-0.5421,-0.7986,1.6754
-0.3082,0.4125,0.5743,-1.4366,0.6345,-1.3929,-0.9871,-0.0339
1.3825,2.3564,0.0574,0.3848,1.7071,-1.8139,-1.2340,0.8310
-2.4841,-2.4497,-1.1315,-0.4236,-2.1127,-0.7954,-0.0797,3.0970
-0.0432,-1.6151,0.1245,-0.6162,-0.6668,1.0956,-0.8404,0.8193
-2.3478,3.1934,0.8208,0.0029,4.1525,-1.6440,3.6826,-0.8732
1.1097,0.5302,0.8601,-1.9567,1.4294,1.9745,0.8170,1.4613
-1.0028,-0.0907,-0.6510,-1.1127,1.5093,0.8376,1.1643,-0.2425
0.0179,-0.1320,1.2169,0.1264,-1.2739,-1.7276,-1.3833,1.0520
1.4460,2.3795,-1.0933,1.4403,1.1634,0.3713,1.5778,-1.7321
0.7509,2.0142,0.2234,0.1846,2.8327,0.8065,1.3642,-0.0357
-0.7618,0.2172,-0.3463,0.5174,0.4951,1.7576,3.0684,-1.8580
-1.3990,-1.9093,-0.4963,1.2595,-0.7686,0.0397,-0.6831,0.7072
2.5376,5.2178,-2.5556,-1.1354,2.9525,-1.1847,1.7644,-1.5692
0.5476,-1.1532,-1.4590,1.1398,-0.3729,1.4405,-0.7320,-0.7446
1.4891,1.2496,-1.0500,2.1287,1.1641,0.5192,-0.1337,-0.4353
-0.1420,-0.1647,-1.0180,1.6231,1.6016,0.7867,-0.2141,0.6001
2.7043,-0.6452,-0.3462,0.8079,-0.6024,2.8214,-0.9930,-0.3355
1.4369,0.6500,0.4136,-1.6146,0.8132,1.3788,0.3015,1.8300
1.5947,1.6937,1.5591,-0.4255,0.8156,-2.2578,-2.5583,0.5829
0.5383,-0.1154,-0.8016,-0.3805,0.6634,0.2718,-1.0644,-0.2359
-1.6387,-1.2731,-0.2272,-1.0092,-0.8309,-0.7501,-0.1894,0.7955
-1.6452,-1.2115,1.0225,0.1043,-3.3276,-1.8725,0.2343,-0.5339
1.3019,0.7048,0.2999,0.9355,0.7848,2.4696,1.7629,-1.1121
0.6734,-1.2487,-1.3065,-0.5786,-0.0118,0.2117,-2.6423,2.1670
2.1788,1.1960,0.6316,0.5044,-0.6703,-1.3501,-2.0294,1.8308
1.0116,0.5483,-0.2184,0.5800,-0.9063,-0.5622,-0.4941,0.3091
0.3358,-0.6312,-2.3901,-0.5139,-1.7678,-0.2286,-0.5157,1.2737
-1.6698,0.0201,-0.0657,-0.0791,0.3681,-1.3256,0.4875,0.3685
0.7744,-1.1181,0.0363,0.3351,-1.4084,0.1316,-1.7589,0.8810
1.9786,1.7849,-1.0863,-0.3710,-0.5145,-1.6946,-1.3317,0.9249
3.6188,3.9679,-1.8090,0.6149,-0.2101,-2.5147,-1.1063,0.7655
-1.3003,-1.9701,-1.0602,-0.5996,-1.4728,-1.1284,-1.7964,1.4085
1.7110,2.2461,0.2771,0.2723,0.6930,1.7103,2.8845,-2.3349
-0.8596,0.9557,0.2016,0.4034,1.0144,-1.5568,0.2509,0.7981
0.8602,0.3483,-0.0082,1.1841,0.0361,-0.5436,-1.1987,1.3397
1.3189,0.7144,-0.7662,-0.5273,-1.3010,-2.6999,-2.8308,2.0745
2.8339,3.6200,1.0520,2.0849,0.8909,-3.8819,-2.9559,1.8097
-0.4804,-0.2680,-0.5211,1.1167,-0.0644,-0.4053,-0.2518,-0.4080
0.1457,0.4693,1.5583,-0.7610,-0.7557,-1.8471,-1.0454,1.1518
2.4569,3.1542,0.8106,0.1563,0.4406,-2.8716,-1.7457,1.0212
0.6135,2.9377,0.0847,0.1848,3.8949,-0.5452,0.7517,-0.1373
-1.3706,-1.6958,-0.7115,-0.6248,-2.8504,-0.9802,-0.2050,-0.3957
-3.4059,-1.9608,-0.1756,-1.3653,-1.8287,-1.6919,0.5916,0.0805
0.7514,0.3108,1.3597,0.3358,-1.3446,-0.7159,-0.3943,0.8895
2.5070,2.0964,0.0254,0.4295,0.6071,0.8898,0.6778,-1.3838
2.2783,1.1062,-1.0344,0.2646,0.2219,0.5731,-0.6099,2.3801
1.3225,0.4593,0.6059,-0.3392,-2.0790,-0.2988,0.0861,1.0849
-0.2587,-1.1212,-1.6268,1.1133,-1.0704,-0.9410,-1.8586,1.1274
1.8407,2.3307,-0.1021,-1.8797,0.8809,0.9837,1.8752,-1.9012
1.7703,3.0934,-1.5603,0.2254,2.6078,0.1381,1.0968,-0.9883
1.5961,1.3667,-0.0569,0.0553,0.4644,-0.9944,-1.2976,2.0129
0.6653,2.0953,0.8893,0.0089,1.8998,-1.6866,-0.7076,0.1264
-0.2156,-0.6984,-0.4639,0.3775,-0.9322,-1.3756,-1.8023,1.5933
0.3219,1.0725,-0.8273,0.6909,1.4016,0.3027,0.7348,-0.4525
0.4348,1.4289,0.8061,-0.9014,2.2471,1.1938,1.6695,-0.2232
-0.6871,-0.2996,1.9535,0.4614,-1.7798,-1.1627,0.3643,2.1929
0.2280,-1.1249,0.0250,-0.6312,0.6395,0.8833,-1.5564,0.3818
2.9081,3.8196,1.1372,-0.5074,1.4828,0.8615,2.3467,-2.0718
2.4472,1.2728,0.2529,-0.3543,0.4347,2.4804,1.4024,-1.2426
1.6821,1.8961,-1.1282,2.0364,1.9231,0.0452,-0.3808,-0.0058
0.9802,-1.4575,0.5169,-1.0004,-3.4122,-0.5607,-1.9207,3.9606
2.8591,1.0290,0.2854,0.0894,-0.3455,2.4464,1.0393,1.2157
1.1939,3.4675,0.0734,-0.5955,1.4612,1.3307,4.6204,-2.9611
1.5414,-0.0591,-2.3650,-0.1157,-3.3080,-0.0753,0.0704,1.9845
-0.8751,-2.4604,-0.1569,-0.1151,-1.3530,0.9884,-0.7813,0.7951
3.2075,1.5370,0.4911,0.2035,-1.5065,-0.2092,-1.0152,-0.1548
0.7091,-1.3770,-0.3453,-0.0305,-2.8286,0.9442,-0.1610,0.9261
-1.6242,1.7630,0.7334,0.9114,2.8543,-4.3211,-1.8781,1.5886
2.7538,5.5077,0.2238,-0.0011,3.9065,-1.0770,1.4120,-1.9828
3.6782,2.2515,0.0152,-1.1081,-1.9752,-0.6015,-0.5900,0.2510
2.4605,1.3850,2.1280,0.0778,0.2545,0.9397,-0.0509,0.7407
1.2999,-2.8538,-0.0651,-0.1296,-0.7211,2.6609,-2.8213,1.0451
0.1779,-1.2962,-1.5970,-1.3959,-2.8616,0.1051,-0.2282,2.1122
-1.9863,-1.1970,0.9248,-1.6669,-1.1591,-1.4297,-0.1817,0.6461
0.4956,2.0956,0.8865,1.4148,1.9669,-2.1812,-1.1224,-0.1160
-1.5527,-1.7713,0.8943,-1.2185,-4.1265,-2.7365,-1.2801,0.0955
-1.0513,-1.8175,-1.3639,-0.7666,0.9377,0.7973,-1.2089,2.0080
1.4840,0.8449,-0.1523,-0.4604,-0.0738,-1.0766,-1.8247,0.2594
0.6632,0.5578,-1.3652,2.0282,0.9453,-0.4432,-1.0718,1.6082
0.4962,-0.7831,2.6441,-0.8092,-1.4212,-1.3033,-2.4900,1.5886
0.9833,1.5939,-0.5107,1.1302,2.2380,0.9464,0.9041,-0.3947
0.0589,1.1857,1.2440,-0.5698,0.8480,-2.6809,-1.8007,1.6141
-0.5476,0.5073,0.3241,0.5522,2.0534,-0.0912,0.0776,0.0081
1.0442,3.0137,-0.9501,-1.4700,2.6069,-3.1842,-1.9838,-0.4926
0.3536,1.9777,-1.3985,0.9353,1.9778,-2.4830,-1.4559,0.7207
1.6343,0.5243,-1.1708,-0.3883,0.2086,1.2944,0.0188,-0.7994
0.8639,-1.1711,1.7511,-0.4106,-2.4779,-1.1601,-2.7575,1.2800
-0.7208,-0.5547,-1.4145,0.1610,1.0013,1.2690,0.8669,-0.2679
2.6967,1.4956,0.4815,1.7939,-1.1681,-0.7148,-1.1906,0.5986
1.4453,0.4787,0.9419,0.9402,-2.9292,-1.0897,-0.3216,3.0302
0.8855,1.4037,1.1048,-0.7503,0.0401,-1.9198,-1.1333,0.8792
-0.2057,-1.6166,-0.2146,-0.6098,0.2389,1.2293,-1.1207,-0.0335
1.2207,2.9127,-1.0651,0.0067,2.3972,-1.0592,0.2330,-1.5825
-0.6809,-1.2691,0.5242,-0.4187,-0.2757,-1.1453,-2.2990,1.5748
-0.1068,0.9481,-0.6651,-0.3053,1.3069,-2.8161,-2.4567,1.4086
1.5483,2.9445,-1.0669,0.1593,2.4316,-0.0755,1.0025,-1.2869
1.3230,-0.3791,1.0790,0.1601,-0.6211,0.7719,-0.9578,2.8535
1.2523,0.5553,0.9829,-0.8280,-1.1459,-1.0066,-1.1470,0.9244
1.3710,0.0465,-0.9277,-1.0009,0.7038,1.5569,-0.4194,-0.1693
1.0034,2.0086,1.1660,1.3724,1.2995,-2.5335,-1.9076,0.1682
-0.6769,-1.4232,1.7169,0.9281,0.3399,1.9737,0.6445,-0.3644
0.5534,-0.8319,0.9824,-1.0072,-1.4849,-0.1099,-1.2076,1.0705
3.2519,3.2926,0.0615,0.4265,1.0399,-2.6544,-2.7774,0.3121
0.9818,1.9357,0.4169,1.5801,1.6368,-1.3486,-0.7758,1.1496
2.5946,0.2710,-1.0288,-1.5710,-2.3251,-0.4428,-1.9201,1.9584
-0.6414,-0.5297,1.4119,-0.1417,0.5976,-1.5150,-2.0668,3.5611
-4.1747,-0.6884,2.0753,-0.2060,-1.2077,-2.6638,2.1553,-0.4234
-2.2528,-0.9949,-0.3497,-0.1775,-4.0412,-4.1823,-0.8058,0.2573
-0.2793,0.5367,-1.1270,0.3987,0.8608,-2.5120,-2.2059,2.2144
2.5032,2.7177,1.7612,-1.7438,0.9809,0.0372,0.4637,-1.0609
1.2925,0.4762,-0.0361,0.7843,0.3522,0.1854,-0.8846,2.1387
1.2930,1.5887,-2.2398,1.6009,0.0120,-1.7164,-1.1252,0.6799
2.2181,2.5724,-1.4102,-0.6172,1.9671,0.8632,0.9848,0.4484
3.0207,2.0342,-0.9070,0.2187,-1.1513,-0.8544,-0.9281,0.1710
3.1468,3.6394,1.8655,-0.0569,0.6418,-2.6689,-1.7992,0.3408
-2.9658,0.3304,0.9084,0.9483,1.7980,-1.1228,2.0142,0.0436
0.0486,-2.0116,0.5569,-0.5644,-0.0375,0.2679,-2.9821,2.1869
3.5625,-0.1885,1.0114,-0.3760,-0.6882,1.6473,-2.7251,-0.1037
-2.1723,-0.8998,0.2477,0.7199,-0.6841,-1.8763,-0.2795,0.8713
-0.0547,0.9293,-1.9861,0.9401,1.8781,-0.9370,-0.6942,1.8022
-0.0733,2.5532,1.0711,1.0510,3.2904,-1.9721,-0.3011,-1.4314
0.3296,0.2558,0.7588,-0.6978,1.3364,0.6631,-0.1531,-0.1751
1.7127,1.7596,0.7345,0.1157,-0.9757,-1.0292,0.0640,0.2270
0.0500,3.1273,-0.5267,-0.4890,2.4538,0.1397,3.5534,-1.9588
-1.8777,-3.4933,-0.2658,1.2322,-1.8332,0.7778,-1.0409,1.3651
1.3423,-0.4768,-0.1814,-0.0786,-0.0173,1.3969,-0.9582,-0.3213
1.6773,2.3701,-0.4353,0.2325,-1.4389,-2.0325,0.3155,1.6060
-0.3025,-0.3316,-0.6077,1.4617,-1.0860,-1.3448,-0.9633,0.8474
3.0194,1.4817,-0.4565,-0.0945,0.5840,1.5041,-0.2630,-0.6227
-2.6059,-3.0305,-0.1255,0.2685,-2.2219,0.4008,0.5413,1.4438
-2.5408,-2.3066,0.5824,-1.3464,-0.9626,-1.5539,-1.5272,1.4555
0.7484,-0.6156,-0.0027,-1.0412,-0.5099,-0.7211,-2.4639,2.0145
0.6808,1.0072,1.2210,0.2358,1.0507,-1.9899,-2.2331,2.1964
0.4304,-1.6939,0.9731,0.9707,-0.8629,0.0620,-2.6641,1.8850
-3.0875,-1.4822,-1.6107,-1.4535,-2.6954,-3.0926,-0.1065,0.3089
-2.6673,-0.8029,2.9095,0.2803,-1.8775,-2.8819,0.1551,0.4604
1.0349,2.1662,-0.5740,-1.9812,2.4224,0.3628,0.9701,-0.3560
-1.0354,1.8772,0.6468,1.8884,2.4700,0.0491,2.8569,-1.1637
0.6045,0.2843,-1.0621,-0.6079,-0.9908,-0.8012,-0.5885,0.7614
1.5173,-0.9406,-0.1076,-0.1755,0.6878,1.5124,-2.2542,1.0384
0.6507,-2.1334,0.3513,1.7204,-0.8253,-0.0687,-3.8515,2.4888
1.5989,-0.0511,0.5742,0.1825,0.0309,2.5528,0.7169,-1.0111
0.2348,-0.8577,0.2365,0.7810,-0.7276,-0.7302,-2.0318,2.0294
0.6586,1.0731,0.2611,-0.2780,1.5750,0.7728,0.7273,-0.2848
0.2650,1.3612,-0.3239,-2.1860,1.5158,-0.5114,0.1375,-2.8896
-0.5319,0.6815,-2.1842,0.7415,1.5249,0.7797,1.7107,-0.7746
0.4186,0.1178,-1.4591,0.2835,-0.7123,-1.3080,-1.3722,1.5604
0.7636,1.4100,-1.0814,0.4235,2.0625,0.1865,0.1255,-0.0566
0.8399,-0.1699,-0.5115,-1.9680,-0.0989,-0.4671,-1.8533,1.3308
0.6495,0.7703,1.9232,0.3602,0.9264,-1.4127,-1.7799,2.9521
0.1285,0.7575,0.2353,-0.9337,1.0756,0.4957,0.9017,-0.9583
1.2865,0.2919,1.0329,1.0881,-2.2223,-0.5652,-0.3493,1.4093
1.4043,2.2990,0.3698,-1.9807,0.6015,-2.7753,-1.7205,1.4404
1.8598,2.2807,0.8026,0.1029,-0.1044,-2.9436,-2.1374,0.3227
0.9069,0.0392,1.0080,-0.1610,1.0806,1.9335,0.5249,2.8515
1.3056,-0.5595,0.1028,1.0000,-0.9128,-0.2669,-2.3269,1.6461
1.2893,1.3494,-1.0628,0.3784,1.8219,0.2720,-0.4155,0.1107
-0.5389,1.2250,-0.0873,1.2350,2.4135,-1.9699,-1.2146,0.1174
2.5833,1.4834,-0.0440,-0.0922,1.0243,2.5663,1.4160,2.0575
-1.7292,0.5876,1.7512,-0.8356,-1.6261,-2.5611,1.3664,-0.5715
3.5560,2.6219,0.5320,-0.6892,0.7028,1.0641,0.2720,-1.3955
5.0341,4.3650,-0.4824,-0.3676,-0.0823,-3.2467,-3.2878,1.5864
-0.5079,-1.8384,0.6051,-1.3937,-0.1568,1.2848,-0.7477,-0.1159
0.2573,2.3584,0.2631,0.3853,2.6276,-2.3689,-1.0546,-0.5407
-0.8173,-1.3323,-0.2627,0.6405,-2.0485,-1.3413,-1.2607,1.1118
0.7672,0.8602,1.1275,0.6789,1.0519,1.1761,1.0420,-0.7448
1.0098,-0.8650,-0.6091,0.6649,-3.2935,-0.5970,-1.1147,3.5408
0.9377,1.1797,1.4430,-0.0973,0.2073,-2.2878,-2.1269,0.9636
0.5258,0.5800,0.4189,0.0053,-2.3645,-1.0754,0.6817,2.0172
2.1428,2.7389,-0.2333,-0.8072,1.4622,-0.8816,-0.3628,0.5480
2.2329,1.1971,2.9135,1.1857,-0.5505,1.8199,1.4149,-2.1261
-0.7973,-3.0143,0.8532,-0.8948,-2.6750,-0.6172,-2.7822,1.6250
1.2169,-1.2129,0.5040,-0.6338,-2.5536,-0.1906,-2.1321,0.5727
0.8926,1.4812,-0.6728,-1.0383,2.6210,1.7773,1.6216,0.8328
-0.1903,-0.2607,1.4155,0.4086,-0.7257,-0.8080,-0.6033,0.8755
0.3809,-0.7342,0.2935,1.0534,1.5394,2.1203,-0.2265,1.0028
-1.0017,-2.6249,0.0323,-0.3814,-1.5788,-0.2580,-2.1566,2.0707
3.2499,1.1266,0.9508,-1.5740,0.6742,0.8276,-2.0011,0.1614
2.0715,3.8054,0.4165,-0.3289,1.7825,1.0840,3.5019,-2.4566
0.8172,-2.9884,0.0665,-0.0708,-3.3015,0.2211,-3.5245,1.1857
-2.0543,-2.2739,-0.8426,-1.9699,-2.3716,-1.9375,-1.6274,1.4323
3.4426,0.0877,-1.6617,0.7317,-0.3503,2.8104,-0.9712,-0.6393
-0.7778,-1.6158,-0.4762,0.2605,-1.7406,-1.3049,-1.9234,1.8125
-2.3869,-0.5471,0.1072,0.1146,-2.4355,-3.6130,-0.2828,0.5665
1.7816,3.3778,1.3232,-1.4235,2.3970,-0.8296,0.5606,-0.7089
2.8158,2.8517,0.6820,0.1747,1.6645,1.6495,1.7338,-0.6481
2.4714,2.9748,0.6181,0.2061,1.0098,1.2979,2.3753,-2.0077
0.4703,2.3711,-0.2020,2.9767,0.3862,-2.2733,0.3562,0.1663
-0.0688,2.2824,-0.8038,-0.6470,2.6251,-3.4553,-2.0194,-0.2875
-1.3203,0.3662,0.0970,-0.5526,1.6429,-2.9730,-2.1891,1.5782
3.1660,1.8447,0.2066,0.0085,0.2374,2.5061,1.5291,-1.6327
3.7389,1.5197,1.1261,-1.0865,-2.3390,-1.3369,-2.4136,2.6485
-0.5036,-1.3109,-0.6398,0.2160,-2.2673,-0.6385,-0.5928,2.7061
0.1637,1.2892,-0.4916,-1.2063,1.2973,-1.6740,-0.9854,-0.7736
-0.0506,-2.3030,0.4201,-0.1480,-2.9996,0.2902,-1.2603,2.6431
0.1382,3.0212,0.5774,-0.6314,2.4892,0.5951,3.7893,-1.6343
2.7235,1.9272,0.7302,0.9631,0.0054,1.2584,0.9200,-2.0984
-2.0257,-1.7535,-1.3433,-0.9633,0.2512,-2.3343,-3.0416,1.9358
-1.2291,-1.3000,0.5885,-1.7302,-2.1560,-0.9886,-0.2080,-0.1000
-2.7496,-1.5449,-0.7351,-1.0004,-0.7927,-2.0121,-0.6397,1.3254
1.5525,-0.3319,-0.2028,0.3672,-2.3969,0.3305,-0.5871,0.9397
3.2193,2.0902,1.4793,-0.5605,0.0689,1.1840,0.4016,-1.7639
0.4416,0.2163,0.2309,0.2015,0.2375,-1.1931,-1.8096,0.2743
-0.5547,-0.9477,0.0225,-0.3586,-0.6117,-2.5275,-3.2962,2.7722
0.2651,3.0852,-0.5120,-0.7509,3.2121,-3.2811,-1.3502,-0.8150
1.6456,1.1805,-1.1762,-0.8860,1.2156,0.8361,-0.1071,-0.1629
-1.6736,-1.8795,-0.3472,0.0221,-0.3629,0.7491,0.2708,-0.0980
-0.4893,-1.0627,-0.5886,-0.5953,-0.5836,-0.6988,-1.4927,1.1150
0.7985,-1.0783,1.3659,0.8934,0.0333,-0.0580,-2.8706,2.3672
0.3392,0.1696,1.1183,0.3092,-1.2261,-1.1950,-0.6904,1.5899
-1.0863,0.9189,-0.6338,-0.9703,2.7447,0.4149,1.6335,0.1734
-0.7653,-0.9775,1.3610,0.3239,-2.3019,-2.1996,-1.5857,1.1496
0.7715,-0.7600,-1.6742,-0.3097,1.1025,1.2892,-1.4905,1.0119
-2.9604,-1.7665,0.0480,0.4421,-0.0359,-1.4507,-0.5715,1.3497
0.7990,1.1856,-0.0841,0.7123,-0.7676,-1.3529,-0.1566,0.7815
1.8100,2.6813,-0.0398,-0.9597,1.6156,-1.1307,-0.4599,-0.5995
-2.3772,-1.8706,-1.1896,-0.0379,-0.7574,0.1483,0.8110,0.2460
-0.3700,-1.1191,-1.9643,0.7009,0.9302,0.6659,-1.1804,0.6491
-1.3258,-1.3115,-0.8751,1.5765,0.7142,-0.4100,-1.2873,1.7576
-2.4338,-1.0939,1.6309,0.6728,-0.1689,-2.0988,-0.8399,1.4518
2.5724,4.1512,0.7486,0.4657,2.3381,-1.3898,0.1362,-1.0403
-0.4015,0.5452,0.2328,-0.6215,-0.1825,-4.6070,-3.8674,0.8602
1.5741,-2.7301,1.0446,0.7276,-1.6005,3.2259,-1.7705,-0.2485
3.1362,1.2915,-1.1186,0.5243,-2.3980,-1.4804,-2.1003,2.7914
1.7146,4.3450,0.2471,1.8411,3.2099,-1.7264,0.6113,-1.4034
0.2239,-0.6507,0.0588,-0.4441,-0.2901,-0.5637,-1.7740,1.9962
0.2456,-2.4507,-0.0025,1.8041,-0.4446,1.5198,-2.2819,0.6560
-0.3912,-2.2637,0.2941,0.4437,0.8657,1.5556,-1.9130,1.6786
0.0707,0.5676,-0.5820,-0.6821,-0.7402,0.1736,1.4995,-1.4580
-2.7479,-3.2451,1.2403,-0.0292,1.2201,-0.1866,-2.6548,1.9735
3.6868,2.9242,0.5541,0.2046,0.1450,0.1718,-0.0041,0.3361
-0.7245,1.4464,-0.3916,-0.3639,2.0581,-3.5307,-2.2280,-0.3168
-2.8925,-2.7188,1.4626,0.4351,-2.9364,-1.2897,-0.1312,0.1536
0.5400,0.4481,-0.6347,0.9456,1.3073,0.7719,0.0796,0.8944
1.7633,1.0714,-0.9660,-0.2243,0.3013,0.7822,0.0643,-1.2338
-1.3307,-2.1096,0.7893,-0.1081,0.3606,2.2781,0.7458,-0.1170
-0.3832,1.2752,-0.4406,-0.5026,2.0820,-2.3950,-1.5906,0.8108
-0.6226,-2.7669,-0.3988,-0.5868,-3.0359,1.1417,-0.2723,1.4572
2.5258,-0.1243,0.3899,-0.8669,-1.2390,-0.0218,-2.7539,1.3884
3.4669,2.0148,0.4515,-0.7296,0.1403,2.6181,1.6012,-1.7025
0.2690,2.3168,0.5222,-1.1445,3.8598,-1.8581,-1.5042,-3.4292
0.7013,1.2367,0.1972,-1.4591,1.7487,-0.0652,-0.1292,0.7241
3.3226,3.8901,-0.0414,0.1406,0.9838,-0.7355,0.3535,-1.7902
1.4018,0.9682,-3.3626,-0.4139,0.7298,0.3426,-0.4038,-0.5628
1.0903,2.0710,-0.4877,-0.4375,2.1110,0.1610,0.6990,-0.5709
-0.5588,1.5842,0.0115,-0.3004,2.2423,-3.8740,-2.6673,1.7019
-0.6765,1.5395,1.5887,-1.1054,1.4707,-2.2023,-0.1631,-0.5232
1.2924,1.7466,-0.4683,-1.2681,1.1376,-1.2311,-1.0368,1.0413
-0.8341,0.2826,1.3120,-1.2140,-0.2582,-1.3962,0.1397,0.4746
-0.5536,0.1749,-0.6677,-0.1863,1.4103,-1.2048,-1.3966,-0.9105
1.6829,-0.3845,0.1174,1.6986,-3.0600,0.2937,-0.4144,1.5611
-3.9386,-2.3726,1.1856,-0.9265,-2.0490,-1.7761,0.6783,0.0910
3.9853,3.1762,0.9661,0.3436,0.7646,1.5169,1.0946,-1.7765
-0.4117,-1.1714,0.0743,0.3795,-2.4188,-1.4787,-1.4849,0.3986
-0.7063,-1.1498,-1.5292,0.7940,0.6524,1.0192,-0.1548,0.8577
2.3136,2.1805,-1.3503,-0.1180,0.7228,1.1091,1.2489,-1.6953
1.4097,-0.1652,0.7773,-1.0119,0.3092,1.5061,-0.6310,-0.5038
1.0866,1.1432,-0.4458,0.4173,1.2021,0.1109,-0.1425,2.5639
-1.1588,-1.7103,-0.3401,-0.2559,-0.1451,0.4319,-0.6405,0.6193
0.0406,1.3048,-1.8155,-1.7610,2.1897,0.2014,0.8663,0.0269
-0.4146,1.6388,-0.1673,-0.5831,2.0445,-3.2885,-2.0087,0.1549
1.7863,1.9008,-0.9070,2.0208,0.8588,-0.6970,-0.6714,-0.0363
0.1894,-1.5471,-0.6323,0.6703,-1.6751,0.3111,-1.2794,0.9942
0.2604,-0.6733,0.3463,-2.3950,-0.0068,-0.3798,-1.8183,2.3905
2.1021,-0.2851,0.3029,-2.0693,0.0693,2.4274,-0.5025,-0.3320
0.0610,1.9385,0.4553,-1.0563,2.8408,0.1013,1.3368,0.1326
0.7544,-0.0875,-0.4342,-1.1107,-1.7158,0.1274,0.1674,0.2772
-0.9433,-1.5024,-0.1992,-0.0828,-1.2185,-1.1331,-1.6740,1.5431
2.0257,3.6416,0.1283,0.6673,2.0459,-0.1633,1.6791,-1.2469
1.6272,1.1768,-0.2036,-0.6957,-0.9936,-1.4806,-1.2705,1.2941
0.8766,-0.7606,0.9579,-0.7251,-0.8284,-0.3979,-2.3020,1.4635
-0.5761,-1.2605,0.6337,0.1863,0.2250,-0.5931,-2.0698,2.5172
1.7612,0.7716,-0.3566,0.2005,0.2556,0.7548,-0.2884,2.0357
-1.2970,0.7711,-1.1993,0.1891,-0.0040,-1.5254,1.2218,-0.2971
2.3608,2.4337,0.3829,-1.3090,0.8450,0.9588,1.3493,-1.5992
0.1883,-0.8806,-0.1498,0.5488,0.3760,1.1771,-0.4356,3.2576
2.4796,3.4090,-0.9614,-1.9895,2.2825,-0.3276,0.3980,0.5656
0.8598,1.9309,-0.0346,-0.4925,1.5173,0.7101,1.8082,-1.2418
2.4805,3.0138,-0.6073,-1.3946,1.0315,-2.0363,-1.4978,-0.6768
-1.8938,-0.3380,-2.1701,-1.6837,0.9813,1.3171,2.8434,-1.3713
-0.0239,0.5222,-0.2070,-0.0927,-0.0711,-0.9666,-0.1765,0.4804
0.6771,1.1418,-0.0847,0.6120,0.7375,-1.2392,-1.0371,-0.9720
-0.5265,1.0329,-0.8995,2.2714,1.2125,-1.8373,-0.5850,-0.1575
-0.2916,-0.5247,1.5247,0.0953,0.1277,0.6480,0.1659,-0.8547
3.1601,3.6371,-0.2997,-0.4423,-0.1922,-3.1879,-1.9529,-1.5398
0.2720,0.8241,-0.4453,-1.5602,1.2667,0.8338,1.1026,-0.6761
-0.4380,-0.3616,1.5340,-0.0759,-0.5447,-1.9511,-1.8693,2.0199
-1.4448,-2.0273,-1.8792,-0.4362,-1.0374,0.0946,-0.5747,0.5727
-0.8992,0.4038,-1.0078,1.3018,-1.3001,-1.6854,0.7645,-0.2960
-0.1995,1.2489,-3.0888,-1.3353,0.1966,-2.5020,-0.6849,1.6292
-1.2833,-1.9224,1.3342,0.3141,-0.7985,-1.0981,-2.1439,1.8839
0.6355,-0.5645,0.0731,0.9945,1.9777,1.3238,-1.5086,1.6401
0.8505,-1.4312,0.0967,-0.4435,-0.2909,0.6253,-2.5269,1.6541
1.9036,1.7894,-2.6280,-0.5886,0.5459,-2.2346,-2.5934,0.8679
-5.8422,-2.0711,-0.6807,-1.1640,2.2413,-2.4812,0.0109,0.5073
0.9603,-2.6081,0.3579,-1.9461,-0.2642,2.6523,-2.2463,1.6323
-0.9420,-0.4123,-0.0664,-0.9016,2.3621,-1.0806,-2.3713,-1.3219
1.6524,3.1962,-0.0794,0.4911,-0.2152,-2.6959,0.0840,1.2251
-3.2810,-1.8002,-0.8911,-0.4810,-0.7953,-0.5618,1.3701,0.9997
-1.8309,-2.1247,-1.2239,0.4485,-2.2509,-1.1594,-0.8738,0.6219
3.0173,0.5430,0.3288,-0.9445,-0.6007,2.0012,-0.4497,-1.1746
-0.0650,1.3907,-0.9439,-2.1492,0.6009,-2.3233,-0.7266,0.9140
1.2136,1.2326,-1.0578,-0.0194,0.3757,-1.0608,-1.1424,-0.7144
-0.3447,-1.0045,1.2268,-0.8317,-0.7064,-1.4438,-2.3479,2.1716
0.2242,-0.9784,1.2490,0.5120,-0.1430,0.1002,-1.5811,3.1226
2.0691,3.0431,-0.2917,0.1416,0.2492,-2.1750,-0.4824,0.1665
1.2601,1.9288,0.2377,-0.3848,1.3800,1.2311,1.9682,-1.4047
3.9203,3.3361,1.0981,-0.5893,-0.0543,-2.0581,-2.1485,0.4314
-2.2398,-2.7109,-1.1768,0.0760,-2.7425,-0.9958,-0.7661,0.6208
-0.2440,-2.8832,-0.4984,0.5741,-2.6328,0.2482,-2.3504,0.7913
3.4742,-0.2856,-0.2245,1.8346,-3.0410,0.0194,-2.9845,2.3890
1.9468,2.0638,-0.5259,0.2576,1.0368,-0.6895,-0.6916,0.8264
0.6427,0.0321,2.4758,1.2830,0.7057,0.6267,-0.5658,-0.2238
2.7959,2.3078,1.0675,0.0418,-0.4431,-1.6035,-1.5267,0.5274
-1.7211,-1.9691,-0.0118,2.0608,-0.8312,0.0249,-0.2986,1.1897
1.3350,1.6064,0.3818,-2.7692,1.1786,1.1327,1.3545,-1.2762
2.2293,3.0052,0.8777,-0.5088,-0.0608,-3.3444,-1.8451,2.3664
-0.6318,-0.6035,-1.4382,-0.1241,0.5961,1.0631,0.6723,-0.8086
-0.7045,-1.2742,-0.2939,-1.0655,-1.0002,-1.1268,-1.7494,1.7614
0.0455,0.8588,-1.1980,-0.9145,1.2597,-1.7766,-1.5512,1.2096
-1.2153,-0.3461,-0.0892,0.5380,-3.5673,-2.1835,0.8463,-1.4897
-0.2639,1.1263,1.4139,0.7450,4.4223,1.5105,1.0657,1.1928
2.3648,0.8250,-0.8925,-1.0183,-2.7299,-0.9838,-1.0317,2.3756
1.7678,0.9947,0.2730,-1.8025,-1.7730,-0.9463,-0.5915,1.3930
1.4688,2.4471,1.0022,-0.5123,1.6277,-0.7692,0.0424,-0.4212
0.8389,0.8675,1.2580,1.5811,0.3725,-2.1216,-2.3881,1.8781
1.4345,3.1850,0.8864,-0.8207,2.7798,-1.2200,0.0013,-0.3081
2.8074,2.7484,0.4292,-0.6051,-0.6877,-1.6898,-0.7517,0.3102
3.1282,3.0331,1.2075,-0.2520,1.0377,0.6370,0.8807,0.3652
1.2523,2.2782,-0.7913,-0.1489,-0.5179,-1.8261,0.3074,0.5507
1.9426,2.0127,-1.1627,1.3097,1.1398,0.1223,0.1288,0.9074
1.0227,0.6132,0.3939,-0.6607,1.4545,-0.1673,-1.5407,0.4155
0.6121,0.7171,-0.5008,0.1823,0.8262,-0.4887,-0.7499,0.7005
0.8954,1.7040,-1.3744,-0.9057,0.9353,-0.3450,0.5226,-1.2463
-2.7087,-1.2089,0.1219,-0.6873,-0.1370,-1.2005,0.3761,1.1545
2.9807,2.8367,0.2190,0.5038,1.1137,1.1158,1.2310,-0.5341
-1.4875,-0.9384,-0.0149,0.2541,0.3599,-0.4640,-0.3673,-0.4855
-1.2042,0.2998,0.6663,-1.0124,1.1942,-3.7700,-3.1043,1.4771
0.0924,-0.6841,0.7870,-1.8750,-2.1433,-0.0082,0.2384,1.1075
1.1374,1.2009,1.7368,0.6706,1.2236,-0.8735,-1.4890,-1.6108
-0.7252,-4.0008,-0.0804,-0.6194,-3.2712,1.1601,-2.0418,0.7557
1.9960,1.4320,-0.7195,0.1808,0.4063,0.9858,0.5118,-1.4369
3.3331,3.0890,0.8458,-0.4972,1.7904,2.2081,2.0427,0.1613
-1.9212,-0.9578,0.0823,-0.6656,1.1478,-0.1369,0.1170,1.2342
0.6349,-1.0627,0.2174,-0.3837,-3.2484,-1.5364,-2.1985,1.0108
1.1714,1.4660,0.7518,1.2374,-0.5842,-0.7503,0.3363,-0.5947
0.6288,0.4645,-0.1607,-0.0747,-1.4128,0.3564,1.2769,-0.7945
1.7055,3.0747,0.3786,0.0943,1.3463,1.3645,3.4212,-2.2357
0.9570,-0.9978,0.7846,-0.7977,-2.3475,-0.0827,-1.3736,1.8860
1.4820,0.7906,-0.7871,0.3006,1.0785,2.2209,1.1901,-0.5389
-2.4792,-0.8131,-0.6799,-0.6287,2.7060,0.7455,1.0920,1.0276
-1.4067,-1.7732,-0.0078,-0.7775,-1.9580,-1.2386,-1.1415,0.9829
0.3537,2.3288,0.4501,-1.6174,0.6851,-3.2960,-0.9015,1.8823
1.4078,1.6015,-0.0888,-1.3790,-0.0965,-2.0112,-1.5427,0.5431
-5.2279,-1.2200,2.5514,0.3845,3.1280,-2.1251,0.4369,0.9985
1.5327,1.1753,2.3362,0.0808,0.2420,1.6979,1.6551,-1.8335
1.9944,4.3242,-0.5271,-0.8624,2.1368,0.4184,3.4473,-2.2449
1.7934,0.1864,-0.5784,-1.6098,0.3941,2.1368,0.1251,-0.5656
4.8222,4.3359,-0.9570,-1.2555,1.0776,2.0993,2.3672,-1.9179
-3.9447,-1.2694,-0.6397,1.4702,-0.7776,-1.1795,2.3312,-0.7588
1.8213,2.5146,-0.0771,-2.0113,1.4361,0.8553,1.6937,-1.5025
0.1538,-2.3806,-0.7703,-0.3925,-0.0556,0.7491,-3.1461,2.4000
-1.8221,-0.6463,0.1884,-0.4513,-1.0230,-1.5105,0.2962,-0.0103
0.6983,2.6550,0.1565,-0.0270,1.9087,-3.1108,-1.5542,-0.6316
0.8358,2.2399,-0.3576,-1.1491,2.0010,1.4247,2.8755,-1.2689
0.7614,-0.5069,-2.2509,1.4308,-2.6674,-0.5884,-0.6434,2.5184
0.0245,0.1244,-0.5408,-0.7949,-0.7633,-2.0439,-1.6678,1.5496
2.2486,3.4739,1.0116,0.2556,1.0947,-2.8091,-1.3465,0.0299
0.4086,1.2819,0.5107,0.5374,1.1636,-2.8619,-2.5588,1.3408
-0.8146,-0.9456,0.0191,-1.3939,0.0589,-1.4924,-2.1772,2.5204
0.7089,0.3966,-1.1133,0.5443,-2.2754,-1.2120,-0.0739,2.5284
0.0525,0.6270,-0.8921,-2.3470,0.7871,-2.7819,-2.7848,2.0310
1.1462,0.8756,-0.9750,0.1005,-0.0293,-1.2597,-1.5666,0.1827
-0.4798,0.4219,-0.2574,-1.4847,1.6721,-0.7648,-0.6438,1.2255
0.2954,3.1305,0.7121,1.5991,3.9335,-1.5166,0.2703,-1.2982
-1.4054,-1.4022,-0.2367,-0.7375,0.5619,-1.3430,-2.2851,2.9292
2.6010,1.9599,-0.5329,2.2750,-0.1344,-0.0360,-0.2107,0.0048
2.4686,3.4150,0.4503,-0.2838,0.1914,-3.2959,-1.7479,-0.9199
-1.1490,-0.6232,-0.5827,-0.2092,0.7995,-2.4990,-2.8838,2.6586
2.5763,0.7527,-0.3950,-0.5743,1.3879,1.8687,-0.9444,0.4867
0.7346,1.6126,-1.0588,0.2563,0.0741,1.7502,3.5911,-3.0660
-0.8632,-0.3657,-0.2602,1.4716,-0.0241,-2.1203,-1.8456,2.2628
-0.3603,-1.6969,0.5594,0.6568,-1.8814,-1.4017,-2.6287,2.1701
1.5521,3.1499,0.8473,-0.3602,3.5816,1.0483,1.8688,-1.8009
1.1386,-1.7461,-0.5350,-1.5521,0.0232,0.7139,-3.5193,2.4172
-1.0261,1.5224,0.8278,1.4171,0.4717,-2.5391,0.6143,0.5666
0.9089,-0.4250,1.5462,0.1742,-2.1242,-2.9164,-3.8404,2.7532
1.2704,0.2988,-0.8846,-1.2387,-1.5073,-1.5141,-1.8857,2.5125
0.5444,-0.5654,-1.1682,0.4984,-0.6733,-0.8627,-2.1535,2.1609
-3.0723,-0.8966,0.9851,-1.2465,2.0187,0.0519,1.3575,0.0282
-1.1195,-1.4223,1.5598,0.9821,0.1253,1.6186,0.9485,-0.8701
1.2275,1.2900,0.0788,1.4471,-0.6482,-2.1443,-1.5405,1.8471
0.7753,-0.6513,0.7652,-0.7707,-0.3556,0.3317,-1.3408,3.5986
0.3269,-1.9752,0.0203,0.9248,-1.3999,0.2033,-2.4687,1.6370
1.0043,3.6453,-0.8301,-0.2188,4.0438,-1.4845,0.1424,-1.0210
-2.3243,0.1135,-1.4427,1.6521,-1.2389,-3.3884,0.1814,0.5062
-1.8700,-0.8156,1.1817,1.0476,-2.0168,-1.7305,0.4821,-0.3323
