1,2,3,4,5,6,7,8,9
1.5608,2.2600,-1.0763,-0.2405,-0.1869,-2.1011,-0.6871,0.7435,1.0000
-2.4527,1.0281,0.7282,-0.0948,-1.8877,-3.4541,2.1788,-1.0474,0.0000
0.4913,-0.4768,1.7335,1.4955,-0.8472,-1.5714,-2.6364,2.6504,1.0000
1.8009,0.7695,-1.6928,-1.5888,0.6182,0.7736,-0.6760,-0.2973,0.0000
-1.8783,-2.0947,0.7011,0.0201,-0.9538,-0.1743,-0.4643,0.8295,0.0000
-0.5786,1.2223,1.9758,-0.8945,2.6898,-1.3797,-0.6137,0.9583,1.0000
5.3211,5.8772,0.4413,-0.2558,0.8072,1.9220,4.1517,-3.8208,0.0000
2.9540,4.7806,0.2921,0.0141,2.4097,-1.0270,1.0326,-1.4746,0.0000
3.0557,3.3991,0.2482,0.4656,1.8667,1.1634,1.5829,-1.1354,0.0000
1.2593,0.3697,-0.8497,-1.3063,1.0769,0.8916,-0.7631,0.1084,0.0000
1.0441,2.8540,-1.2186,0.0653,1.3491,-0.7700,1.4187,-1.9753,0.0000
-0.7783,-1.1482,0.7083,2.4822,-1.1537,-1.0003,-1.2071,1.2268,0.0000
-1.1376,-1.6385,-0.2777,0.1126,2.0280,1.4311,-0.7856,1.9712,0.0000
2.4524,2.5064,0.4828,0.3011,0.5088,-1.3669,-1.1049,0.3732,1.0000
0.6789,0.4116,-0.6080,-0.8287,1.3793,2.3344,1.5816,-0.4434,0.0000
-0.6572,0.1751,-2.3290,0.1953,-0.2391,-2.0766,-1.0673,1.2746,0.0000
-0.1489,-0.2463,-0.6416,1.0669,1.0603,1.9955,1.4259,-0.3583,0.0000
-0.8625,-0.9756,0.7473,-1.0801,0.6368,-1.3159,-2.3246,3.0257,1.0000
3.9798,2.1543,0.2912,1.4973,-0.3238,1.5919,0.2224,-1.9415,0.0000
1.3618,-0.4624,-0.8456,-0.2675,-1.6009,-1.0113,-2.6049,2.8056,1.0000
1.1866,-0.8791,0.6017,-0.5684,-2.0843,0.3672,-1.2231,-0.1576,0.0000
-0.1643,-2.5606,0.4931,0.7451,-2.1886,0.5734,-1.7930,1.7639,1.0000
0.0425,-1.2524,1.0473,-0.5950,-5.6935,-3.3435,-2.2255,0.2181,0.0000
-1.6516,-2.0541,-0.8435,1.1212,-1.9961,-0.7143,-0.6630,0.1921,0.0000
3.0315,1.6417,-0.1623,0.0594,0.6993,1.5544,-0.0405,-0.8308,0.0000
0.8495,2.4449,1.5025,1.0119,1.4806,-2.7638,-1.4089,-0.7382,1.0000
2.1279,3.3474,0.7429,1.0467,1.5027,0.4134,2.0846,-1.7611,0.0000
-0.3918,-3.2049,-1.0933,-0.4267,-1.6392,0.2524,-3.2953,2.2694,0.0000
3.3909,2.6950,0.1104,2.2571,0.4158,2.2005,2.1288,-2.2707,0.0000
-3.2622,-1.6230,-0.9670,-0.2339,-0.7383,-0.5968,1.5034,-0.2601,0.0000
0.8670,1.8745,1.1978,-0.3924,1.7434,-1.5819,-1.1110,0.2968,1.0000
-2.3147,-0.3420,-1.0574,0.5429,-1.2961,-1.6975,1.4037,-0.7635,0.0000
-2.8677,-2.2285,-0.0972,-1.6767,-2.9128,-1.7126,0.1136,-0.3008,0.0000
1.5569,-0.0397,-0.4155,0.0772,-0.3862,1.8896,0.2710,-1.4004,0.0000
1.9024,0.3055,-0.1173,-0.2831,0.7983,1.1311,-1.2693,0.0782,0.0000
0.3355,3.1325,0.3154,0.7954,3.5793,-4.0084,-2.4523,-0.1019,1.0000
0.1930,0.4909,0.4293,1.8820,0.8338,0.1507,0.1325,-0.7612,0.0000
-2.4130,-3.3854,-0.5775,-0.1194,-2.1913,0.2327,-0.5840,0.3367,0.0000
-0.9007,0.0818,0.3578,-0.9017,0.9363,-2.6934,-2.4483,0.8914,1.0000
2.9191,3.1435,0.4865,-0.5958,0.7386,-0.6915,-0.0765,-0.7102,1.0000
3.3947,4.5638,1.7536,-0.5855,0.6110,-2.5055,-0.5049,-2.5162,1.0000
2.2526,3.0967,0.3400,1.5721,1.3455,-1.3149,-0.3796,-0.0994,1.0000
1.1121,0.5712,0.2228,1.5820,-1.4309,-0.8821,-0.5745,1.1980,1.0000
1.5161,2.7068,-0.7571,-0.4719,0.6489,1.6211,3.8180,-2.8803,0.0000
1.7774,1.7988,-0.2461,-2.0788,1.3247,1.6119,1.5533,-1.1027,0.0000
5.2588,1.8387,0.1417,-1.3608,-0.6400,3.2962,0.2229,-1.5266,0.0000
-0.6773,-3.9367,-1.0672,0.3372,-3.0989,1.2040,-2.0667,0.7239,0.0000
-0.3341,-1.3776,-0.1333,-0.4916,0.3172,1.5839,-0.1836,-0.1476,0.0000
0.2457,2.9723,-0.9470,-1.3990,3.8338,-1.7131,-0.0271,0.1496,1.0000
2.8112,0.9072,-1.4339,1.4044,-0.9890,1.1348,-0.1708,2.3305,1.0000
0.2940,-1.9342,0.5390,0.7757,-2.1177,-0.1920,-2.3497,1.3113,0.0000
-0.0384,-1.1611,-2.1499,-0.8499,-3.6415,-2.7241,-2.5858,1.1915,0.0000
1.3268,0.3765,1.3351,2.8058,-1.4077,-2.0886,-2.5477,3.3455,1.0000
0.7237,-2.4123,-0.0771,-0.5572,-2.7688,0.9675,-1.8912,1.6283,1.0000
2.1037,2.3809,-1.5342,-0.3768,1.4514,0.1881,0.3166,-0.7318,0.0000
3.4766,3.6409,-1.2846,0.1448,0.8835,-0.3626,0.3167,-0.1010,1.0000
0.8214,-1.0879,-1.4203,0.9434,0.7743,0.9184,-2.2709,2.1703,0.0000
1.4609,-0.1455,0.8411,-0.1909,-3.0706,-0.8382,-0.9872,3.0631,1.0000
0.3474,0.0955,0.1956,-0.4901,0.6227,-0.7915,-1.5790,2.2749,1.0000
4.6496,5.6250,1.1339,-0.4641,1.8900,-0.1547,1.4996,-2.2396,0.0000
0.8987,-1.1969,-0.0027,0.9020,-0.0305,0.5839,-2.4254,1.7294,0.0000
-0.8427,0.4923,1.1654,-0.3758,2.5202,-1.4758,-1.4313,1.8743,1.0000
0.3181,-0.2017,-2.6378,-0.2996,1.3709,1.1131,-0.3736,0.1709,0.0000
-1.3237,-2.3363,-0.3636,0.3073,-0.9775,-0.0713,-1.4574,1.3828,0.0000
-0.2165,-1.9636,0.4341,-0.0965,-0.6878,-0.2268,-2.6971,1.9402,0.0000
-0.3494,-0.6482,-0.9367,0.5004,-0.2693,-0.8804,-1.4406,0.7020,1.0000
-2.3789,-2.5744,-0.1106,1.6619,-0.0475,1.2164,0.3927,-0.4641,0.0000
1.5532,2.2597,-1.2018,-0.2858,1.2809,-0.7794,-0.1732,-0.7199,1.0000
0.5087,-0.9305,-0.2786,0.4876,-0.7407,-0.5787,-2.3408,1.9219,0.0000
1.2312,2.1009,-0.1486,0.7640,-0.2127,-2.1084,-0.4889,0.9114,1.0000
0.0559,0.9099,-0.7881,-0.1686,0.3195,-2.1202,-1.2555,0.9959,1.0000
1.1662,-1.7638,0.2401,-0.2341,-2.8943,-0.2617,-2.8131,1.0545,0.0000
3.1816,3.3445,-0.4739,0.2471,0.7421,-1.2414,-0.7935,-1.5772,1.0000
1.1499,3.8101,-0.3865,0.0837,2.8327,-0.8030,1.8504,-1.2316,0.0000
1.1663,1.7746,0.5968,-0.1991,0.7210,-1.4357,-0.8682,-0.9863,1.0000
0.1024,-2.9703,-1.1802,-0.0173,-0.5059,2.7332,-1.4664,0.6926,0.0000
0.8961,3.4850,0.3423,-0.8388,2.6827,0.3703,3.1451,-1.3886,0.0000
0.4439,-2.8231,0.3259,-0.0982,-1.4696,0.0343,-4.1599,2.4651,0.0000
0.1603,-1.4703,-1.7121,0.0694,-0.3742,-0.1928,-2.5415,2.3354,0.0000
-1.9340,-0.4738,-0.7401,-1.9055,1.5140,0.4076,1.2617,-0.5210,0.0000
1.5020,1.2329,-1.8018,0.2082,0.3978,-0.9857,-1.3462,1.8082,1.0000
0.4811,3.0966,1.3902,-0.3170,4.0541,-1.0408,0.5138,0.2233,1.0000
-0.9507,-1.4955,-0.9667,0.1248,1.1718,0.8059,-1.0102,0.8415,0.0000
2.1487,0.8236,0.1387,-1.2160,0.2648,1.1412,-0.2172,3.3010,1.0000
3.3260,0.9812,-0.4720,-0.5574,0.2718,2.7914,0.2303,-0.6490,0.0000
-1.3464,-1.8868,0.9355,-0.4764,-2.6960,-1.1323,-0.8038,0.4921,0.0000
2.5870,1.5930,-0.3037,-1.2218,0.4203,1.2779,0.3263,-1.2112,0.0000
-0.6091,-1.2808,-1.8190,-1.0065,0.4342,-0.7722,-2.3705,3.5127,1.0000
-0.4152,0.2017,0.1720,-0.0690,1.0799,-1.6913,-1.8445,0.1746,1.0000
0.8290,-0.8071,-0.6326,0.8954,-0.4667,0.5300,-1.5456,-0.5038,0.0000
0.3684,-0.1118,-0.2821,-1.5070,-1.6549,-0.1282,0.3128,0.4514,1.0000
-0.1702,-0.2748,-0.8283,1.3441,0.7599,1.9259,1.5155,-0.6807,0.0000
-0.7939,1.6544,1.7214,-1.1243,1.7383,-0.6179,1.8626,-1.1753,0.0000
3.1974,4.7008,-0.6236,-1.9812,2.1328,-0.1826,1.7455,-1.8836,0.0000
0.2433,-2.3188,0.5743,-3.0025,-4.8071,0.5717,-0.0741,3.5369,1.0000
-1.3892,-0.6933,0.4854,0.4578,-0.2055,-2.3835,-1.8559,2.5200,0.0000
-0.3096,-0.0618,1.0089,-0.6869,-0.7406,-0.6385,0.0793,0.3483,1.0000
1.3896,2.4536,-0.4989,0.7243,1.2368,0.8863,2.3385,-1.7902,0.0000
-2.6022,-1.0979,0.2209,-1.5560,-3.4565,-2.8017,0.6826,-1.0424,0.0000
1.0087,0.3168,0.5670,-0.2350,0.6776,2.6979,1.8668,-0.9269,0.0000
-2.1485,-1.9515,-0.4639,-0.1576,-0.4927,-0.8991,-1.0207,1.1921,0.0000
1.2895,2.0263,-0.0648,-0.1836,1.5050,-1.6249,-1.3083,0.5464,0.0000
0.9260,-0.2141,2.2898,0.5565,-2.6691,-0.7159,-0.5298,2.4920,1.0000
-3.0910,-0.7436,-1.5707,0.3716,-1.1442,-1.9506,1.4008,-0.3441,0.0000
-0.5404,-0.2308,-1.1290,0.5112,1.3262,-1.6581,-2.3892,3.2181,1.0000
0.8847,0.2555,-0.6218,-0.0705,0.3895,-1.1107,-2.3530,0.2500,1.0000
1.6158,0.3165,-1.5163,-0.1445,-2.8776,-0.7711,-0.5057,2.4519,1.0000
0.9089,0.8996,-0.2802,-0.2838,1.0769,0.3252,-0.0384,0.9721,1.0000
2.0645,4.2209,-1.6507,0.2377,1.6412,-3.3997,-0.9249,0.0658,1.0000
0.3152,-0.2423,0.3726,-1.4613,-0.3192,-1.0757,-1.8106,1.8923,1.0000
3.9682,2.5883,-1.0176,-0.9291,-1.5948,-1.5398,-1.7465,1.4241,1.0000
1.4061,0.8906,-2.4084,-0.3179,-1.1409,-0.8850,-0.6663,0.6621,1.0000
0.4932,0.5605,-0.0748,-1.8217,-0.0961,-2.3723,-2.3916,2.2733,1.0000
1.8012,1.0717,-0.0015,0.6448,0.1132,2.3120,1.9390,-1.7861,0.0000
1.9881,0.3097,1.7899,-0.8485,-2.3166,-0.7401,-1.3831,2.1477,1.0000
1.4412,1.3097,1.7596,0.3307,0.7352,1.2559,1.1603,-1.3797,0.0000
-2.6763,-1.2314,-0.7839,-1.9223,-1.7961,-1.5198,0.9962,-0.0325,0.0000
-1.2064,-2.7997,0.9740,0.9031,-3.6218,-1.6600,-2.4724,1.4032,0.0000
1.5281,0.6582,1.2506,-1.1413,0.9976,1.7634,0.4286,-0.2786,0.0000
0.6260,2.1069,0.3043,0.1253,1.8369,-2.3557,-1.4119,-0.3868,1.0000
1.0639,3.0286,-0.5803,-0.1236,1.8460,-0.1177,2.1318,-1.7159,0.0000
2.2292,3.0515,0.2590,0.6755,1.5138,-0.3437,0.5659,-1.2670,1.0000
-0.4374,0.7993,1.3697,-0.2451,1.5395,0.0105,0.8591,-0.6420,0.0000
2.4236,0.9887,-0.9339,0.3034,-1.3566,-0.2465,-1.0029,0.0714,1.0000
-1.0818,-3.5117,0.2317,0.3581,-2.2674,1.6973,-0.8013,0.4558,1.0000
1.2689,0.3252,0.8069,-3.5074,-1.8820,-0.1336,-0.0370,0.3317,1.0000
2.6388,3.9426,-0.1604,-1.9495,1.6517,-1.3268,0.2160,-1.6263,1.0000
-0.5703,0.8269,1.7617,2.8124,0.6069,-0.3245,1.2779,-1.6832,0.0000
1.7150,2.7257,-0.3082,0.7676,1.3273,-1.4739,-0.4854,-0.9856,1.0000
3.4245,4.8823,-0.0481,0.3367,0.4061,-4.4841,-2.0117,2.3482,1.0000
0.4039,2.1742,-1.1896,-0.5103,1.9139,-2.4380,-1.1632,-0.7184,1.0000
0.2448,0.3186,0.2308,0.9748,1.1194,1.4468,1.1280,-0.6384,0.0000
-1.5644,-1.4140,0.9185,1.4180,0.9702,0.7337,-0.0240,0.0505,0.0000
0.3953,0.5953,-1.0062,-1.0604,1.6755,0.2437,-0.3072,2.0483,1.0000
-1.2826,-0.8339,0.0994,0.5546,0.9536,1.2576,1.1746,-0.4523,0.0000
0.9646,1.1325,0.8850,0.8530,1.5830,0.0468,-0.3677,1.7539,1.0000
-0.2278,0.0208,0.4770,-0.9538,0.8627,-1.5325,-1.9689,2.2784,1.0000
-0.1329,0.2860,1.0386,0.4129,1.1053,-1.2414,-1.4919,1.8921,1.0000
0.5225,0.0743,-0.3260,1.1992,-0.8924,-3.0976,-3.6165,1.0576,1.0000
-0.8923,0.7186,0.3226,-0.4277,-0.7316,-2.6848,-0.2453,0.8873,0.0000
-1.1885,0.2437,0.9915,-1.4371,0.6700,-1.3722,-0.0311,0.8991,0.0000
-0.4782,-1.9089,-0.1560,0.0562,-1.5607,-0.1255,-1.5428,1.7116,1.0000
0.2490,0.9154,-0.6592,-0.5481,1.3147,-1.2992,-1.1854,1.5809,1.0000
6.1359,2.2108,0.0771,0.0086,-0.9543,2.6317,-0.9307,-1.6869,0.0000
1.1583,1.4368,0.4233,0.6505,0.9141,-1.2835,-1.2668,1.3655,1.0000
2.6548,-0.4358,-0.2153,-0.5817,-1.2331,2.2516,-0.8550,-1.0451,0.0000
1.1349,1.6884,-1.4021,1.1433,1.7736,-0.1285,-0.0250,1.4240,1.0000
2.4335,1.2642,-1.3128,-0.0719,-0.7927,-1.2111,-1.9650,2.8818,1.0000
-1.8901,0.5359,-0.2591,1.0460,-1.1509,-3.8587,-0.2936,1.1731,0.0000
0.3555,-0.0733,0.4010,-0.9468,-1.5973,-1.2441,-0.8977,2.1467,1.0000
-0.5013,-0.3554,1.3341,0.3620,0.5467,1.6175,1.5890,-1.1327,0.0000
-1.5671,1.2829,0.4575,0.0344,0.2003,-3.1626,0.3885,0.4810,0.0000
-0.6879,-1.7071,-1.9830,-0.0985,0.2327,0.7393,-1.1370,1.2933,0.0000
0.2833,-0.7352,-1.1841,-0.5914,-0.1074,-0.4492,-1.9320,3.1636,1.0000
-1.6757,0.6634,-0.2219,2.4076,0.1094,-2.9798,-0.1922,1.0645,0.0000
-0.7134,1.6506,1.3824,-0.0202,1.7843,-4.9691,-3.3509,1.3960,1.0000
2.3336,3.3430,0.2230,0.1209,2.3729,0.4412,1.2903,-0.5384,1.0000
-0.9544,-1.5735,-2.3219,0.3699,0.4054,-0.3680,-1.8654,4.0452,1.0000
4.1351,3.8381,-0.6445,1.2630,-0.1343,-1.2902,-0.6656,-0.2977,1.0000
0.6318,-2.4897,1.1179,-0.1592,1.4167,2.2429,-3.1756,3.0706,0.0000
0.4584,0.5435,-0.8042,-1.6071,1.1264,0.3017,-0.1482,-0.4844,0.0000
-3.4741,-3.8176,1.5167,-1.6453,-1.1527,1.1924,0.5515,-0.0285,1.0000
1.7382,1.9031,-0.5641,0.3723,1.2302,0.7816,0.8576,-1.0845,0.0000
0.2693,0.5655,0.2942,-1.1137,0.7062,1.6192,1.9581,-1.4614,0.0000
-1.4506,-1.6607,0.7274,-0.1826,0.1557,-0.0731,-1.0170,-0.4619,1.0000
-0.2948,-3.3968,0.1951,-0.2404,-3.0477,0.3153,-2.7454,1.4546,0.0000
-1.3048,-1.1184,0.5009,0.6167,0.1308,-1.6310,-2.0367,2.0180,1.0000
-1.5270,-1.0591,2.1178,-1.5557,2.4001,0.4909,-0.6663,1.9132,1.0000
1.8319,2.2332,0.1782,1.3262,1.3679,-0.8025,-0.6505,0.0089,1.0000
2.5585,2.9343,-0.2278,2.1174,1.3367,-2.8079,-2.8180,0.3510,1.0000
1.0987,1.9498,0.0302,-0.9488,0.7383,-1.6347,-0.7104,-0.4924,1.0000
0.6665,0.9101,0.8967,-0.1132,0.1203,-1.2961,-1.0017,0.2146,1.0000
0.4822,-1.2182,-0.2613,0.2718,-0.9319,0.0916,-1.8958,1.0325,0.0000
2.3185,0.8653,0.6543,0.3757,-2.3737,-1.9542,-2.2353,3.8358,1.0000
0.5317,-0.0374,-1.3586,0.5253,-1.8217,-1.0349,-0.6818,1.9886,1.0000
-2.9923,-0.9704,-0.3466,-2.0501,-3.1582,-3.3022,0.6685,-0.0740,0.0000
2.3548,3.2841,1.5146,0.4664,0.7625,-1.6096,-0.2000,-1.0425,1.0000
3.7841,2.8209,-0.8360,0.0180,-0.0002,1.5931,1.3647,-2.3108,0.0000
-0.5368,1.3503,-0.2046,1.9293,-0.4315,-2.5461,0.3373,2.0243,1.0000
-0.1746,-0.0463,0.8767,-1.5309,1.1833,-0.5752,-1.2484,1.9305,1.0000
4.2850,4.1617,1.1529,1.4385,0.6576,-0.1208,0.5050,-0.6798,1.0000
0.0235,-0.2191,1.0809,0.7732,-1.6775,-1.8830,-1.4484,0.9826,0.0000
-0.7064,1.7586,1.1679,0.9678,2.4756,0.6412,2.9234,-0.9449,0.0000
-3.0273,-1.1404,1.8871,-0.3193,0.9200,0.1345,1.6944,-0.9755,0.0000
1.6515,1.7607,0.1963,1.5334,1.0371,-0.6009,-0.6873,0.9144,1.0000
0.9658,-0.0433,-0.2207,1.4294,-0.3979,-0.5777,-1.7287,1.5848,1.0000
-0.8161,-0.6008,-1.0408,-0.5625,-1.6907,-1.4312,-0.4211,0.4753,0.0000
2.5609,-0.8452,-1.8937,0.1778,-1.6268,0.3513,-3.2880,1.5603,0.0000
-0.0052,-2.7386,0.3067,0.7936,0.8713,2.0345,-2.6244,2.5512,0.0000
-0.8623,-3.2832,-0.1174,-1.3175,-1.4420,0.4737,-2.6761,1.8766,0.0000
1.7180,2.0818,0.3957,0.2117,-0.0812,-1.2870,-0.3503,-0.3549,1.0000
0.5639,1.3625,-0.0293,-0.5449,0.5482,-2.9135,-2.2921,0.9694,1.0000
2.7910,3.4365,-0.3256,-1.2355,-0.0446,-2.5630,-1.0409,0.7496,1.0000
2.8394,0.7399,-0.1461,-1.2374,-1.8605,-1.0055,-2.4608,1.8882,1.0000
0.3930,5.1960,-1.0488,-0.0658,3.4956,-1.4298,3.9467,-2.2512,0.0000
3.2517,1.5588,-0.3321,-0.3518,0.5807,1.2137,-0.7920,-0.5936,0.0000
-0.4357,-1.3213,-0.8840,1.7541,-1.0323,-0.4497,-1.3777,1.4730,1.0000
0.7026,0.1648,-0.0136,0.4636,0.7358,0.4693,-0.5473,1.7021,1.0000
3.9706,2.6125,0.5745,1.0736,-1.6345,-1.4294,-1.6170,-0.0552,1.0000
1.8577,2.1908,-1.4182,-0.4676,1.5994,0.2285,0.2906,-0.4975,0.0000
-1.4354,-2.1743,0.3522,-0.6372,-0.6225,0.0363,-1.1494,1.3926,1.0000
1.3670,0.6971,-0.7644,-0.0680,0.0741,-2.0243,-3.0719,1.8336,1.0000
3.1063,-0.7376,0.5592,-0.0111,-1.0202,2.4319,-1.8765,-0.4556,0.0000
1.9978,1.3976,-0.6487,-0.0345,-0.4401,-0.8976,-1.1498,-0.0518,1.0000
-1.8441,-1.6833,0.5946,0.9480,-1.9553,-0.0609,1.0200,1.3592,1.0000
-1.5266,-0.8550,-0.1480,0.4445,-0.9482,-0.4360,0.7506,-0.5502,0.0000
-2.1332,-0.5242,-1.2039,-1.7452,-1.3791,-1.5188,1.1398,-0.3780,0.0000
2.2668,1.3799,1.0573,0.5968,0.1684,-2.3234,-3.5729,1.8693,1.0000
1.2057,-0.1651,-1.8285,-1.5780,0.0538,0.5653,-1.3037,-0.6005,0.0000
0.0105,0.2986,0.0623,1.5353,1.5518,-0.8756,-1.5161,2.3218,1.0000
2.8931,3.2557,-0.4912,-0.1060,1.4654,0.6297,1.2408,-0.2985,1.0000
0.1044,-1.4702,-0.3260,-2.2278,-1.4056,-1.3311,-3.1245,2.1357,0.0000
-0.8316,-0.7463,0.0846,-0.8940,0.5340,-0.4197,-0.9299,1.1553,0.0000
3.7067,2.2273,0.1126,-2.2174,0.5615,1.1912,-0.3264,-1.0172,0.0000
1.6035,0.1013,-0.5821,0.5804,-1.2546,0.2836,-0.8178,-0.1160,1.0000
0.7273,1.4771,-0.1197,-0.0661,1.2299,-1.7300,-1.3785,0.9986,1.0000
-1.2902,1.0507,1.4539,-0.2894,1.6248,-0.3352,1.9381,-1.2872,0.0000
-0.3845,-1.0938,0.8290,0.2709,-3.1129,-1.9602,-1.4845,0.5416,0.0000
1.2682,2.0969,-0.3058,1.4531,-0.1223,-1.7872,-0.2583,0.1650,1.0000
0.8813,-0.8762,-0.0454,-1.3572,-1.5409,-0.6474,-2.3229,1.1964,0.0000
-0.9121,-1.3311,-0.2032,-0.0060,0.1503,-1.3682,-2.5799,3.0360,1.0000
5.8158,4.3426,-0.1940,-1.6828,-0.3528,3.5534,3.6514,-3.8788,0.0000
1.9275,2.6626,2.1589,0.9138,1.5250,-0.2291,0.4704,-0.9228,0.0000
0.5021,-1.2541,1.2764,-2.2254,-1.5114,-0.2457,-1.9768,1.2901,0.0000
0.7661,3.1120,0.2174,-0.2719,1.9636,-3.9740,-1.9800,-1.3331,0.0000
0.9257,2.0510,0.1240,1.6649,2.1318,-0.6468,-0.0266,0.7809,1.0000
0.1428,2.6449,0.2977,2.0898,2.0246,-0.3418,2.3603,-1.5538,0.0000
3.7349,2.0318,0.5403,0.7705,-0.6588,2.5456,1.6835,-2.6482,0.0000
1.6740,-0.1675,2.4424,-0.8557,-1.1566,-0.4435,-2.2500,0.8950,1.0000
-1.0582,-0.3191,0.1132,-0.3846,0.8882,1.0206,1.4832,-0.6444,0.0000
-1.6317,0.2284,1.2030,-0.2048,1.9389,-0.2580,1.0006,0.8250,0.0000
1.2474,-1.4624,-0.4212,-0.7706,-3.0893,-0.3169,-2.2645,3.0166,1.0000
-3.5576,-2.0059,1.0984,-0.8632,-2.2407,-2.1208,0.4964,0.1496,0.0000
0.6008,-2.2745,-0.7999,-1.0732,-1.4648,1.4703,-1.6697,4.2591,1.0000
-3.9910,-1.0062,1.0334,0.4457,-1.5275,-2.9689,1.2427,-0.1521,0.0000
3.4586,1.0298,0.3575,-1.9176,-4.1518,-1.0773,-1.2437,3.9370,1.0000
1.5334,0.3120,0.9532,-0.9035,0.3805,2.0503,0.5832,-0.8157,0.0000
-4.2610,-0.6107,0.7114,-0.1422,-1.4197,-3.0697,2.0482,-0.7750,0.0000
-1.7041,-1.6188,-0.4204,0.2988,-3.6249,-2.0463,-0.3591,-0.3080,0.0000
-0.9958,0.3527,-1.8287,-0.7491,2.0880,-2.3339,-2.2227,0.9790,1.0000
2.5620,3.3752,0.7223,-0.6800,0.6203,0.5802,2.3032,-2.6614,0.0000
4.9696,1.5718,1.1105,1.5144,0.3375,3.0698,-0.7154,-0.3395,0.0000
0.9003,0.1587,-0.6067,-0.6521,-0.3672,-0.7203,-1.5147,1.1085,0.0000
1.3394,1.9308,-0.2051,0.3563,0.5437,-1.8181,-1.1419,-0.2124,1.0000
-3.0694,-0.0915,0.7016,1.0996,-0.8825,-1.3367,2.9674,-1.3444,0.0000
1.7142,2.9209,-0.6246,1.2432,1.6339,-0.2383,1.0919,-1.2314,0.0000
0.8854,0.8749,0.3454,0.2397,0.3507,-1.7921,-2.0561,1.3316,1.0000
2.9206,0.7699,-0.3794,1.0774,0.1647,1.4249,-1.1175,-0.4600,0.0000
2.4614,0.7518,-1.4716,0.2935,-2.3372,-0.4137,-0.9305,1.1320,1.0000
2.9299,2.2443,-0.0521,-0.9371,0.9827,0.6095,-0.2118,-0.7453,0.0000
1.0143,-0.5200,-0.1787,0.3193,0.7990,0.2209,-2.4555,1.6464,0.0000
-0.4865,1.4899,-2.0031,-1.4005,1.9660,1.5974,3.6540,-1.1515,0.0000
2.4857,2.6337,1.9775,-0.0896,1.0663,-0.1981,0.1143,1.3013,1.0000
1.7645,-0.9007,-0.7760,1.2914,-0.1203,2.2101,-1.1794,0.1437,0.0000
2.7265,2.3388,0.0641,-0.0399,2.5106,0.6950,-0.6574,0.6807,0.0000
-2.4235,0.1908,-0.2598,0.9071,-1.7133,-3.0454,1.1472,-0.1852,0.0000
3.0813,3.9165,2.1375,-0.6279,0.4006,-2.5490,-0.9406,0.3187,1.0000
2.8039,2.0614,1.5675,0.1504,0.4580,1.0728,0.6123,0.3184,1.0000
-0.5433,-2.4510,-0.7481,0.8619,-1.6402,0.9056,-1.1346,0.4292,0.0000
5.6699,4.5597,-1.4298,0.0499,0.4049,-2.7840,-3.6523,0.6079,1.0000
1.7096,2.7315,0.6363,0.9229,1.8001,-2.5331,-2.0300,-0.4623,1.0000
-2.7484,-0.2200,0.3417,0.8679,-1.1162,-2.9985,0.5602,0.0450,0.0000
3.1625,1.6632,0.4831,1.3341,-3.1167,-1.3066,-0.8216,2.6828,1.0000
2.5067,3.5051,-0.7628,-0.1779,2.0877,-0.0017,0.9899,-0.6197,1.0000
0.8949,2.0849,1.5602,1.8524,1.6988,-1.7613,-0.9867,0.1629,1.0000
0.2470,1.4482,-0.7044,0.0803,0.7698,-1.2387,0.0389,-0.9333,1.0000
0.2709,0.1348,0.0621,-0.4492,1.1929,0.2267,-0.6871,0.0426,0.0000
4.8389,4.3048,-0.0772,0.2203,0.2130,1.4311,2.0360,-3.0844,0.0000
-0.1101,-2.4518,1.3321,-1.2086,-1.7287,-0.2468,-2.8418,4.7688,1.0000
-2.7026,-2.6521,0.3016,-1.0194,-2.3247,-1.8623,-1.3266,1.3004,0.0000
-2.9224,-1.6890,0.0717,-0.4748,-3.0492,-2.6329,0.1019,0.0512,0.0000
1.8146,2.5904,-1.6628,-1.3027,-0.1494,-2.7230,-1.2055,1.6590,1.0000
-0.2125,0.6969,0.5062,-0.8654,2.0369,0.9682,1.2058,-0.1309,0.0000
3.5238,4.0989,-0.5696,0.8948,1.2901,-0.1315,0.9635,-1.2339,1.0000
0.7529,-0.2056,-0.7454,-0.2309,-0.2300,-0.0816,-1.2348,1.5796,1.0000
2.1847,2.5163,-0.6085,1.2719,1.3516,0.2292,0.5323,-1.1201,0.0000
-0.8388,-3.1292,-0.2855,0.1562,-0.6937,1.6365,-1.6140,1.0735,0.0000
2.5003,2.2170,-0.0738,0.1501,-0.5800,-1.9239,-1.6036,-0.3410,1.0000
-0.4024,-1.5037,-0.4128,0.1683,-0.6518,-0.2628,-1.7946,0.8168,1.0000
-0.6858,1.0790,-1.1049,-1.1594,2.1748,-2.1485,-1.3148,-0.0256,1.0000
-2.0046,-0.4184,0.8998,1.9888,-0.2084,-2.4145,-0.6468,1.3885,0.0000
-4.1391,0.5399,0.0755,1.5108,-2.8870,-4.7546,2.7768,-1.3187,0.0000
3.3303,1.0577,0.3599,0.8078,-2.5721,-1.2574,-2.4231,1.5960,1.0000
2.7271,5.3401,0.3680,-0.2496,2.1175,0.1172,3.7694,-2.9900,0.0000
-2.1061,-1.9717,-0.9109,0.3893,-0.7592,-0.0195,0.0799,0.3434,0.0000
3.0084,3.8108,0.4470,0.0217,0.2634,-3.1330,-1.5757,1.3066,1.0000
-0.0674,-0.2736,-0.3487,-1.2048,-1.1141,-2.7927,-2.8351,2.0904,0.0000
0.4798,-0.1806,-0.5988,0.7550,0.8911,-0.0062,-1.4985,1.5993,0.0000
0.1090,0.3511,0.4352,-0.1679,0.2808,-2.6835,-2.8443,2.3511,1.0000
-2.4585,-1.6340,-1.0772,-0.2888,-1.8314,-1.4248,0.1727,0.1340,0.0000
0.4484,-2.1253,-1.1530,0.1514,-1.1606,-0.8569,-4.2579,2.8143,0.0000
2.3857,1.8801,-0.4401,-0.3882,-1.0227,-0.1046,0.4198,-1.2163,1.0000
0.9617,-1.0872,1.5776,-1.0162,-1.3790,0.3764,-1.6871,0.9513,0.0000
0.8789,0.1483,1.7075,0.3937,-0.5590,-1.6347,-2.4099,2.2396,1.0000
-0.0246,-1.4256,0.4420,1.3723,0.8836,-0.2555,-3.1305,2.7948,0.0000
3.9501,3.9902,0.4811,0.5157,0.3732,1.4000,2.5659,-3.2066,0.0000
-0.7336,0.2437,-0.0427,1.6427,-2.5654,-3.4856,-0.9779,0.3251,0.0000
-2.4480,-1.0456,-1.9401,0.2213,1.0427,0.2019,1.1300,0.5367,0.0000
0.0096,1.3766,-0.9807,-0.1206,0.9699,-2.0683,-0.8332,0.1778,1.0000
-2.3349,-1.1331,0.8040,0.2188,-4.4143,-3.1385,0.5112,-1.1286,0.0000
-1.9070,-0.4786,-0.5908,1.9869,0.7409,-2.0542,-1.0626,2.2293,0.0000
-3.7419,0.0409,-0.3284,0.6650,-2.1385,-3.8220,2.0292,-0.7250,0.0000
0.1401,1.1874,0.2589,-0.2868,-1.1682,-2.5387,-0.4147,0.3788,0.0000
-2.0810,-2.9195,-0.1165,0.5709,0.2777,2.0496,0.2133,0.2400,0.0000
-0.5098,-1.5103,-2.4389,0.1005,-0.9172,-2.0279,-3.4620,3.4539,1.0000
2.6534,0.8138,-0.7349,1.2329,-0.8803,-0.3138,-2.0274,-0.2495,1.0000
-0.7625,-0.8026,0.4317,-0.3932,-0.9974,-0.7604,-0.4767,1.1386,1.0000
5.6658,4.6338,0.5440,0.5616,-0.0867,-3.1650,-3.6058,1.3795,1.0000
-0.0011,0.7780,0.3443,0.9684,-0.0624,-2.6430,-1.6943,2.4575,1.0000
3.8605,3.5300,0.8665,-1.2422,1.3183,0.5023,0.2914,-1.2461,0.0000
2.9925,3.6191,-0.7939,-0.0819,-0.6789,-3.3113,-1.3840,2.5969,1.0000
-2.0120,-1.1553,0.1939,-1.0543,-2.2419,-0.3807,1.9642,1.7905,1.0000
0.2962,2.4736,-0.8504,-0.3487,3.1533,-1.1941,0.0953,-1.1849,1.0000
2.2932,1.6731,1.2083,-1.4571,-0.8602,-1.6403,-1.6276,1.2982,1.0000
2.2628,-0.0800,-0.9847,1.1426,-1.3696,-1.0130,-3.3834,2.0675,1.0000
-0.8209,-0.5338,-1.2127,0.6952,-0.5020,-0.9745,-0.5466,1.0467,1.0000
-2.1404,-2.0966,-0.5209,-0.6368,-1.0758,-0.3597,-0.2626,0.5229,0.0000
1.5549,1.8415,0.6145,-0.9218,0.9431,1.3221,1.8272,-1.4503,0.0000
-0.1720,-1.0510,-0.1460,-0.2576,-2.1526,-2.9496,-3.4311,2.8996,0.0000
-1.4173,-0.6473,-0.6318,1.2099,-2.7359,-4.5078,-2.5535,2.2069,0.0000
2.0279,-1.2914,-0.5516,0.2610,-1.9141,0.0557,-3.4527,1.8273,0.0000
0.9618,1.4550,-1.3422,0.0683,1.5475,-0.1138,-0.0612,0.2233,1.0000
-3.2876,0.5247,0.3880,-1.2529,-1.2828,-3.7692,1.7159,-0.3141,0.0000
-2.2769,0.3686,0.1031,0.9078,1.4050,-1.3483,1.1586,0.3970,0.0000
-2.0893,-1.0974,1.0306,-1.2011,0.7408,-3.5983,-3.6939,2.0710,1.0000
-2.6550,0.1511,-0.8441,0.3715,0.2432,-1.5966,1.7808,-0.2137,0.0000
-1.6426,0.6052,1.8581,0.2642,-0.1278,-3.2054,-0.4404,1.0711,0.0000
0.1615,-0.1481,0.2860,-0.5222,-1.1439,-1.2254,-1.0586,1.8891,1.0000
-0.9520,-2.2897,1.6159,-0.4458,-1.6051,-0.1840,-1.6037,1.0584,0.0000
-0.0876,-0.6998,0.5513,0.8121,-1.2882,-0.4400,-0.6662,0.5800,0.0000
-0.0603,-0.9106,0.0598,-0.3006,0.7261,0.0224,-1.8212,1.9514,0.0000
1.0235,1.3765,-0.7351,0.6817,2.6046,1.4615,0.9639,2.1692,1.0000
0.6203,-0.5467,0.3851,-0.8014,-1.8417,-0.9463,-1.5195,2.2900,1.0000
2.1918,2.0196,-0.9567,-1.8001,-0.2153,-2.0600,-1.8640,1.0375,1.0000
0.7182,1.9842,0.0246,-1.1318,1.5888,1.1054,2.4976,-1.5511,0.0000
-2.6543,-3.0042,-0.8867,0.2364,-0.4931,0.0648,-0.9608,0.7982,1.0000
2.5443,2.3305,0.7284,1.2967,0.9596,0.3360,0.1865,0.1600,1.0000
2.1944,0.4650,0.3975,-0.2934,-1.7208,-0.4921,-1.5752,0.8347,1.0000
0.0997,-0.7784,0.1059,-1.9055,0.1741,1.4536,0.1613,-0.3503,0.0000
2.7687,1.3815,-0.9887,-2.8734,-0.8457,0.7029,-0.1293,-2.0404,0.0000
4.6557,4.2601,-0.2670,1.5424,1.2489,2.2173,2.4785,-2.1800,0.0000
1.6918,-1.1660,0.4778,-1.1952,-2.7117,-0.0637,-2.3544,2.4724,1.0000
-1.6116,-1.7294,-0.7145,-1.0993,-1.5419,-1.6118,-1.4964,1.4955,0.0000
-1.9236,-1.4002,1.8828,1.8461,-0.3042,-0.2584,0.2055,0.6798,0.0000
-2.5202,-3.0194,0.4289,-0.3032,0.5828,-0.4756,-2.4538,2.9005,1.0000
3.1792,2.8493,-2.8606,-0.8494,0.8059,1.7796,1.9148,-2.0718,0.0000
-0.1639,-1.1738,0.0509,-1.1569,-0.6083,-0.6207,-1.9842,1.6993,0.0000
-1.0987,-1.0691,-0.7274,-1.8365,-0.3746,0.0233,0.0076,0.3656,0.0000
1.3556,3.7448,0.1348,-0.0924,1.9942,-0.1666,2.7632,-1.9099,0.0000
3.9406,3.1514,0.1268,-1.1258,-0.0805,0.4401,0.5117,0.5023,1.0000
-0.2862,3.4653,-0.3741,-1.1240,1.9705,-2.8977,1.3261,-1.1061,1.0000
1.9064,1.7791,1.6913,-0.7524,0.3782,-1.2759,-1.3768,0.4443,1.0000
-0.9784,-0.5331,0.9216,-1.6225,-0.8348,-0.8583,-0.0164,-0.0911,0.0000
0.6441,0.0956,0.1581,-1.7858,0.0272,-0.4178,-1.2585,-0.6109,1.0000
2.2932,1.2222,-1.9195,0.3679,-0.3935,-1.5964,-2.6477,1.2923,1.0000
2.2065,2.6278,1.4346,0.1702,-1.4227,-2.0103,0.0363,1.4720,1.0000
-2.3561,-0.3532,-0.3893,1.5494,0.5777,-1.8015,0.1402,1.5794,0.0000
-1.1084,-0.3101,-0.6227,-1.3573,0.8850,0.2107,0.6080,-0.5567,0.0000
-0.3935,-1.5534,-0.4893,-0.2752,-3.4874,-1.4069,-1.3311,0.3934,0.0000
1.7576,2.9723,2.6438,0.6330,1.6844,0.7208,2.2047,-1.7220,0.0000
1.2683,0.6182,-1.4824,0.6006,-0.4409,-1.0741,-1.6200,1.0663,1.0000
0.9624,2.1419,-0.7687,-0.7403,1.4510,2.0389,3.6143,-2.0158,0.0000
0.7848,0.7938,-0.3681,-1.3128,0.1460,0.2180,0.4079,-0.2518,0.0000
4.3680,3.8151,-0.6152,0.7489,0.0769,-2.7641,-2.8560,1.1274,1.0000
-1.7319,-1.7193,0.5613,-0.0561,0.6924,0.8571,0.0326,0.0918,0.0000
0.0825,0.4122,-0.2198,0.0778,-1.6267,0.0104,1.6908,-0.2410,1.0000
2.9812,2.3928,0.4077,1.5327,-0.4145,-1.7981,-1.8825,0.6427,1.0000
0.8950,2.5946,0.0072,0.3948,0.5309,-1.6858,0.7131,-0.7297,1.0000
0.4674,2.2197,0.8997,1.1981,2.5556,-3.1556,-2.4348,0.0061,1.0000
-0.3933,-0.7184,1.6303,-1.7291,-1.2998,-0.6962,-0.5863,0.4226,0.0000
2.2816,4.0780,-0.3139,0.4335,1.9343,-2.2098,-0.3130,-1.5250,1.0000
1.6004,2.6381,-0.6872,0.2434,0.4114,-2.6976,-1.2207,0.9376,1.0000
-0.3384,-0.1885,0.7677,-1.0326,1.5584,-0.1234,-0.9443,2.7652,1.0000
-0.8815,0.0985,0.3855,2.3930,2.6785,-0.3694,-0.8581,1.1752,0.0000
4.9921,5.3588,-0.6289,1.1273,1.4022,0.6007,1.8052,-2.6449,0.0000
0.2740,-1.7312,0.7345,-0.2903,-0.3846,2.2491,-0.3413,-0.4504,0.0000
4.3998,-0.6371,1.8419,1.7958,-2.0363,2.6896,-2.4937,-1.1297,0.0000
-1.2046,0.9369,0.1122,0.0824,2.7705,-2.5353,-1.6747,0.8857,1.0000
0.7964,0.6908,0.7719,0.1360,-1.0986,-2.7974,-2.3342,3.8789,1.0000
-0.1260,-2.2795,0.0666,-0.1240,-2.6628,0.4538,-1.1834,1.9901,1.0000
0.3455,-0.6824,1.6744,0.5290,0.5535,0.5705,-1.2527,1.2349,0.0000
-1.6212,-0.9687,-1.3177,0.1418,0.0104,-0.8421,-0.3784,1.0543,0.0000
-1.5332,1.4963,-0.4287,-0.6373,3.0403,-1.7139,0.4679,0.1895,0.0000
-0.5929,0.8880,0.3624,1.2907,-0.2298,-1.9157,0.1684,0.1037,0.0000
1.2156,2.7438,0.9710,-0.2917,2.6630,-1.2352,-0.3514,0.2472,1.0000
-0.5415,-2.3636,0.8961,-0.1533,0.2844,1.5299,-1.5155,1.5225,0.0000
-0.2115,-1.0312,-0.6212,0.2382,-0.8808,-2.4999,-3.6182,4.2581,1.0000
1.9069,4.4319,-0.7019,-1.0463,2.2523,-1.1853,1.7745,-1.8547,0.0000
2.2870,-2.3644,-0.3769,-1.0484,0.0785,2.5608,-3.9422,2.5819,0.0000
2.0700,2.9521,0.3440,1.5994,1.3628,-1.4936,-0.6463,-1.1798,1.0000
1.6810,3.2066,-0.7799,0.1355,1.6177,-2.8525,-1.4447,-0.2670,1.0000
1.9771,1.7807,0.9726,-0.8640,-0.3487,-1.8185,-1.5809,1.2965,1.0000
-1.0282,-2.6107,-0.7425,-0.1969,-2.7951,-0.3810,-1.4695,0.7672,0.0000
-2.0750,-1.6310,-1.5197,-0.2242,0.7131,-0.2340,-0.6643,0.1652,0.0000
1.4021,-0.0185,-2.2974,0.4857,-0.9063,-0.5849,-1.8800,2.9389,1.0000
-2.2951,-2.8143,0.9171,0.6818,-3.0008,-0.9446,-0.6359,0.3976,0.0000
-1.7713,0.2566,2.3093,0.8518,0.3162,-1.5672,0.7598,0.1880,0.0000
-1.9402,-1.7199,0.5807,0.4351,-2.4161,-2.0211,-0.9391,1.1479,0.0000
0.6008,1.8081,0.1927,-1.5032,1.2468,-2.5172,-1.6590,-0.2534,1.0000
-1.3585,-1.4113,-0.3390,-0.7285,0.4664,0.2008,-0.5266,1.4472,0.0000
1.6616,3.7893,-0.4705,-0.5874,2.1738,-1.4193,0.8323,-1.3501,0.0000
1.2504,2.9972,0.7541,-0.0635,2.4196,-0.2860,1.2714,-0.8638,0.0000
2.4300,2.5523,0.3464,0.2263,0.9349,-0.7736,-0.5659,0.7540,1.0000
0.1020,0.2048,0.4487,1.5522,1.1369,-0.3715,-0.9393,1.7267,0.0000
1.1774,-0.4645,0.2084,-2.9206,0.3302,-0.5240,-3.1144,2.4551,0.0000
3.3268,3.5890,-0.5227,-0.5557,1.3078,-0.1197,0.4526,0.3477,1.0000
0.0493,-2.5944,0.0292,1.2904,-0.0405,1.7030,-2.2945,1.0846,0.0000
0.3086,-0.7996,-0.1377,-0.8316,-3.8024,0.5266,1.5535,1.7670,1.0000
-1.4934,-0.8382,-0.4345,-0.4368,-1.7978,-2.6746,-1.2714,1.2258,0.0000
-0.0236,-0.1810,-0.6948,-0.9409,0.2549,-0.8500,-1.3479,2.4337,1.0000
2.7348,3.8209,-0.7803,-0.6662,0.9537,-2.1329,-0.5662,-0.8734,1.0000
0.4001,0.5712,0.9715,1.2717,1.2197,0.0292,-0.3972,-0.1726,0.0000
0.3458,1.2352,1.0082,-0.8496,1.9984,0.5080,0.8282,-0.0521,0.0000
-1.0014,-0.9524,0.0021,1.0164,-1.1030,-1.6254,-1.3446,1.4865,0.0000
2.7608,1.2124,-0.7142,0.0855,0.0861,2.0122,0.5517,-1.3507,0.0000
-0.2955,0.0044,-0.7552,1.4054,-0.0555,-2.7869,-2.7903,1.8283,1.0000
-2.3599,-3.3797,-1.3544,-1.3742,-0.4715,1.6252,-0.1534,0.5916,0.0000
-0.7490,1.4742,0.7784,-0.8902,0.3389,-2.7018,0.0918,1.3964,1.0000
0.2104,0.7432,1.1672,-0.9185,1.9471,0.0656,-0.2622,0.8172,1.0000
-2.2390,-1.1371,2.0086,-1.0773,1.4744,0.5618,0.8314,0.6419,0.0000
-1.2030,-2.1428,0.3177,1.0484,-1.1107,-0.0685,-1.2064,1.3229,1.0000
1.1767,2.4515,-0.1912,-0.0323,1.2201,-2.4778,-1.2828,0.1691,1.0000
0.7006,2.1914,0.1385,-0.1069,1.3332,-1.7860,-0.3859,-1.2166,1.0000
1.7608,1.6396,0.0688,0.0495,0.1782,-1.7811,-1.8571,0.8863,1.0000
0.8486,1.9381,-0.0593,-0.9248,0.7904,-3.0807,-2.1249,0.0241,1.0000
2.3124,2.0694,0.1690,-0.4385,1.7461,0.5997,-0.1788,-0.2916,0.0000
1.4597,2.2687,-0.3144,-0.7860,1.4988,0.9179,1.8145,-1.3128,0.0000
1.3744,-1.4268,-1.5573,-0.0582,-0.4038,-0.0703,-3.9115,3.2308,0.0000
-0.7819,-1.5604,0.0650,-0.0826,0.4779,0.3670,-1.3579,1.6816,0.0000
1.4187,2.5234,-0.4279,0.6208,0.6417,-1.5255,-0.0289,-1.3327,1.0000
2.2553,-1.7333,0.8967,-0.5460,-1.9155,1.0661,-3.3262,1.1313,0.0000
0.1749,-0.4799,-0.1715,0.6794,-0.0495,-0.8030,-1.8505,2.4709,1.0000
-2.1237,-1.7577,-1.2493,-0.4001,-2.5810,-3.0670,-1.8630,1.6531,0.0000
0.7868,2.0173,0.3928,0.8263,1.7594,1.3884,2.6905,-1.3153,0.0000
1.5698,1.0480,0.4796,-0.0228,-0.7705,-0.8588,-0.8628,0.3341,1.0000
-2.4004,-1.7781,-0.8864,-1.3333,-0.2479,-0.9375,-0.6030,1.1731,0.0000
-2.0722,-3.7044,0.4376,-0.3242,-2.1648,1.3833,-0.2109,0.7047,1.0000
-0.3591,-0.7031,2.7400,0.9475,-0.5303,-0.6322,-1.0427,0.7504,1.0000
0.8872,3.7056,1.3588,-0.0471,2.7018,-1.0780,1.7859,-1.4289,0.0000
-2.0485,-0.8519,0.3103,-2.3526,-2.3531,-3.2814,-0.8997,0.8598,0.0000
-1.1957,-1.5679,-0.5957,0.1956,0.8636,0.9878,-0.3932,0.3416,0.0000
1.6634,1.8131,-1.2720,0.3108,1.3068,0.0012,-0.0663,1.2986,1.0000
-0.5128,-1.1030,-2.3565,0.9576,-0.7701,-0.8275,-1.5376,1.4752,1.0000
-0.3186,-0.9362,0.7079,1.8464,1.3798,1.6068,-0.1160,1.0047,0.0000
-0.8571,-1.8290,0.0598,1.3495,-2.0442,-1.2339,-1.9019,1.3088,0.0000
2.5458,4.0678,-0.5368,1.1600,1.8302,-2.0202,-0.3785,-1.2270,1.0000
-0.0762,-1.0887,0.5018,0.4312,0.1313,0.5031,-1.0675,3.0659,1.0000
2.4856,3.2319,0.1427,0.0552,1.5120,-0.5484,0.3201,-0.2852,1.0000
0.6622,1.3022,0.5402,-1.5218,0.8314,-2.2679,-1.9690,0.5766,1.0000
-1.3332,1.4961,0.2513,-0.2438,1.8242,-0.9034,1.9214,-1.4139,0.0000
0.9764,1.6689,-0.0488,-0.6980,1.6631,0.1211,0.4381,-0.6427,0.0000
2.1170,2.6328,0.8382,0.2549,1.1165,-0.4772,0.1824,-0.1413,1.0000
0.2612,0.5039,-1.8046,-1.4097,1.6423,-0.2952,-0.9100,1.7534,1.0000
1.1336,-0.4966,-0.1216,0.0010,-2.1750,-2.4711,-3.7002,2.7501,0.0000
3.8439,-0.4217,1.2986,0.6451,-2.0218,3.1650,-0.8476,-1.6843,0.0000
-0.3120,-2.0910,1.3705,-0.6030,0.1035,1.5008,-1.3342,0.3781,0.0000
2.0308,4.3120,-0.0229,-0.6301,2.5658,-1.3592,1.0179,-1.1056,0.0000
4.0227,2.5543,-2.4680,-0.6003,-2.3198,-2.5476,-2.4829,3.6193,1.0000
0.7725,0.8618,1.0470,-0.8176,1.2896,0.6195,0.2322,-0.2895,0.0000
-0.6245,1.8964,1.6573,-0.4303,3.0919,-2.8616,-1.5062,0.0563,1.0000
-0.6337,-0.5929,-1.7321,1.9620,2.2079,1.0202,-0.3578,1.4966,0.0000
1.1736,4.1895,-0.0692,-1.6406,2.2279,-0.0073,3.7644,-2.3188,0.0000
1.9438,1.7542,-0.3600,-0.8457,-0.3404,-1.7168,-1.4875,0.7803,1.0000
0.6179,2.3911,-0.5098,-0.0412,1.5500,1.0607,3.2668,-1.9864,0.0000
0.3801,1.1128,-0.2701,0.3103,2.4847,1.0564,0.9367,0.8201,1.0000
-0.9938,-1.0295,0.5858,1.3147,-2.9496,-3.0496,-1.9425,0.9024,0.0000
3.2829,-0.8316,-0.7584,-0.9825,-0.9278,1.9748,-2.8585,0.0438,0.0000
2.8269,2.1719,0.4995,-0.5669,-0.6107,-1.0110,-1.0158,-0.3760,1.0000
0.7654,1.4988,-2.0751,0.1942,-0.5184,-2.1133,-0.6278,1.5873,1.0000
0.9744,3.0854,0.1498,-0.3869,1.7497,-0.5854,1.8560,-1.7386,0.0000
0.6888,-1.2548,0.9872,0.6264,-1.7823,0.2410,-1.4770,1.0547,1.0000
2.1364,3.0340,2.2634,-0.3447,0.6934,-2.8875,-1.7490,-0.0060,1.0000
1.4195,1.7320,-0.3484,0.0435,0.8162,-2.2997,-2.2996,0.7463,1.0000
0.2080,1.0019,-0.0629,1.0672,-1.3690,-2.1263,-0.0862,2.6542,1.0000
1.7731,1.6252,-1.7343,-1.4310,-1.1607,-1.5544,-0.6975,1.2015,1.0000
3.3430,5.3217,-1.9091,1.0537,1.4323,-0.2742,2.8934,-3.2486,0.0000
1.4762,3.7475,0.1928,1.1386,1.5327,0.1633,3.2752,-2.7447,0.0000
3.4135,2.6453,0.2520,0.1377,0.2216,0.9017,0.6196,-1.8624,0.0000
-1.5816,-1.4354,0.0564,0.7411,-1.6821,-1.7876,-1.1805,1.0285,0.0000
-1.7155,-2.7560,0.1425,-0.4875,-1.7539,-0.2624,-1.3441,0.8969,0.0000
1.4766,1.4087,-0.5617,-0.5458,0.9508,-0.0518,-0.3185,1.0487,1.0000
2.0647,-0.3123,-1.0713,-0.6494,0.1192,1.6499,-1.4455,-0.0719,0.0000
2.4793,2.9832,0.1305,-0.1462,0.9820,1.1524,2.2149,-2.2173,0.0000
0.6765,1.5033,-0.5378,2.3984,1.0427,0.0509,0.8827,-1.2439,0.0000
1.3597,0.2566,-2.2769,-0.4920,-1.8649,0.1176,0.0073,0.2148,1.0000
0.6895,-0.5959,-0.1146,1.2928,-1.2655,-1.1213,-2.3325,1.5247,1.0000
2.7298,2.6296,0.4972,-0.7536,-0.2882,-1.8028,-1.2547,0.2641,1.0000
0.5853,-2.7528,-0.4246,-0.5161,0.6161,1.6045,-3.7391,3.6383,0.0000
-0.8993,-0.9253,-0.7589,-1.2714,1.5024,0.1107,-1.1806,0.8707,0.0000
-3.0210,-2.7625,-0.8715,-0.5887,-0.9384,-1.0187,-1.0174,1.4122,0.0000
1.7623,-1.6438,1.5270,0.4313,-0.2259,2.5139,-1.9587,0.6967,1.0000
0.3197,-0.0402,0.1014,-0.0022,-0.0768,-1.3982,-2.0683,1.0199,1.0000
-1.5897,-1.8016,0.1637,0.0600,-0.0726,-1.8320,-2.8586,2.7335,1.0000
3.0346,1.6668,0.0330,0.0571,0.2845,1.2660,-0.0802,-1.2230,0.0000
-2.0749,-4.2984,1.0464,0.6855,-2.4314,0.5228,-1.9370,3.0308,1.0000
1.7061,-0.6701,0.1347,-1.0524,-2.7612,-1.3240,-3.0578,1.4655,0.0000
-0.3576,2.7956,-1.4336,-1.3637,3.1212,-3.0241,-0.6398,-1.2585,1.0000
-0.8184,-0.2861,-1.7124,0.6141,0.6227,-0.3830,-0.2016,1.0444,0.0000
0.2519,0.1087,0.9553,0.6718,-0.3719,-2.3774,-2.6836,1.1987,1.0000
-1.0996,0.7959,0.0709,0.2951,-0.6086,-3.0594,-0.3664,0.8571,0.0000
-0.0230,-0.8014,0.5242,0.5730,1.2727,0.1884,-1.8339,2.6630,0.0000
3.0765,3.2932,-0.9831,1.7022,0.8019,-2.7408,-2.4767,0.3500,1.0000
-0.5149,-2.6397,-0.6350,0.1731,0.2289,1.2382,-2.2960,2.1051,0.0000
1.3219,1.3205,0.0353,1.7661,-0.2826,-1.9698,-1.7655,-0.5050,1.0000
3.6008,4.0040,0.9024,0.1417,0.6428,-3.0588,-2.2570,0.6769,1.0000
1.1843,0.3471,0.4116,-0.5675,-0.6782,-1.9780,-2.8240,2.1554,1.0000
-1.1442,-2.3541,-0.8344,-0.4648,-2.8791,0.5865,0.3766,1.8977,1.0000
-2.3257,-1.8945,0.8648,1.3125,-1.2743,0.0059,0.9121,0.8454,1.0000
0.5733,-1.7433,-0.9973,-0.5828,-2.3241,1.1441,-0.7236,0.2955,1.0000
-0.7631,-0.6008,0.2061,-0.0179,-2.1412,-1.2522,-0.0069,-0.3121,0.0000
3.8026,-0.9195,0.7864,-0.6038,-1.7823,4.4357,-0.2575,-1.3314,0.0000
-0.2056,-0.3588,-1.1070,-0.5361,1.2132,-0.2338,-1.4121,0.3639,0.0000
-0.0965,0.3465,0.5663,1.6919,-0.4559,-1.6371,-0.8619,1.4795,1.0000
2.5754,1.2385,0.0005,0.3746,-0.9260,-0.7572,-1.6219,1.6991,1.0000
-1.8209,-0.8481,-0.0369,0.5517,-0.1789,-0.8601,0.1692,0.3165,0.0000
3.6445,3.4822,0.9855,-0.1579,0.2860,-0.6505,-0.1456,-0.8886,1.0000
0.5204,-0.0410,0.1810,-0.5898,0.6913,0.0045,-1.1638,1.7629,1.0000
0.0159,-0.6491,-0.5163,-0.1030,-0.2829,-1.9920,-3.1176,3.7166,1.0000
2.0757,1.7799,-2.5180,-0.8828,1.1532,1.0257,0.5523,-0.7344,0.0000
0.2081,2.0313,-1.1646,1.1714,1.8350,-3.0233,-1.7476,-0.0175,1.0000
0.9818,-0.5774,0.1916,0.1216,1.5041,1.3387,-1.6531,1.7666,0.0000
2.1363,1.1470,-0.7408,-0.1947,-0.0599,0.0938,-0.7939,0.8842,1.0000
-0.6435,-1.7530,0.0780,-0.8275,-3.8394,-2.2999,-2.1449,0.4491,0.0000
4.0825,2.1813,1.1479,-0.6468,0.0482,2.5084,0.9778,-1.6503,0.0000
1.1702,0.1931,0.5622,1.3425,0.6643,1.3917,-0.0808,-0.3767,0.0000
2.8112,2.3527,-1.1765,-0.4483,-0.0792,-1.8453,-2.0193,0.3071,1.0000
-1.6666,0.7070,0.3269,-0.3081,0.2516,-3.2253,-0.4877,1.8167,0.0000
0.8063,-1.3825,1.2861,0.0939,0.0360,2.1194,-0.8954,0.1905,0.0000
1.7185,2.2056,-0.0792,0.1438,1.6131,0.3437,0.6183,-0.8040,0.0000
1.1166,0.7253,1.9096,-1.2092,0.2280,-1.1254,-1.7092,2.0619,1.0000
0.8008,0.6499,-0.0120,0.2617,-0.3361,-1.4617,-1.4628,1.1265,1.0000
2.8515,4.3880,0.6711,0.8467,2.4790,-4.1378,-3.1491,0.4602,1.0000
-1.3107,-2.6026,1.6930,1.9106,-0.4181,-0.8646,-3.0972,4.7289,1.0000
-0.6329,-2.9291,1.1501,-0.1923,0.4173,2.5018,-1.2704,1.4922,0.0000
-1.6751,-1.1927,-0.6548,1.5566,0.6622,0.7176,0.6881,0.0680,0.0000
0.8344,-0.3441,-0.0680,-0.1390,0.4482,1.2838,-0.3738,2.4957,1.0000
2.5716,1.5104,0.2904,-0.5725,-0.1882,2.4499,1.9698,-2.3599,0.0000
3.1676,2.8907,0.7791,-0.5619,-0.7184,-1.8131,-1.1146,0.6380,1.0000
-0.8771,-2.4214,0.2732,-1.9349,-2.4624,1.0951,0.1713,0.7654,1.0000
0.6751,0.1919,-0.9596,-1.2711,-0.7232,-1.2542,-1.5344,1.3582,0.0000
-2.7755,-2.6980,1.1611,0.1357,-1.7587,-0.7211,-0.3463,0.9944,0.0000
1.0595,-2.7714,0.1933,-0.0026,-2.7182,-0.1287,-4.2487,2.4822,0.0000
-1.2922,-1.9343,-0.7716,-1.3268,1.1613,0.3939,-1.6099,4.2461,1.0000
-0.7634,-2.4560,-0.9316,0.5213,-0.3584,0.3672,-2.2970,1.8827,0.0000
-2.3316,-2.2676,1.5018,-1.3897,-0.6379,0.4447,0.3512,0.1082,0.0000
-2.6756,-2.3992,2.5654,-1.3460,0.3425,-0.6229,-1.3073,0.9131,1.0000
1.0020,1.7172,1.3066,1.1668,1.6819,-0.8805,-0.6704,0.5047,1.0000
-2.3417,-1.9495,0.7459,-0.0350,-3.0661,-2.1903,-0.5713,0.3145,0.0000
0.5644,0.3100,0.6375,1.0131,1.2443,-0.5458,-1.6595,2.0233,0.0000
-1.2577,-0.2964,1.4781,-0.9223,1.6472,0.0235,0.1249,0.2361,0.0000
-1.7019,-0.4552,0.3464,0.0174,-2.1164,-3.0299,-0.5763,0.7316,0.0000
-2.1788,0.9673,1.1522,0.5559,2.9185,-0.6712,1.7674,-0.2368,0.0000
0.6589,2.1370,-0.3400,-0.6243,1.7585,-2.3781,-1.3900,-0.6279,1.0000
1.3703,0.3618,0.0339,-0.6038,-0.1336,2.0967,1.2641,-1.5022,0.0000
-1.6384,-1.7598,1.6476,-1.3560,0.6930,-1.1780,-2.4780,2.5017,1.0000
1.2984,1.2742,-0.4557,-0.7018,0.6880,-0.7057,-0.8928,1.2079,1.0000
0.6850,0.8492,-1.9482,-0.3018,0.4353,-2.1725,-2.3348,1.3944,1.0000
2.2865,0.3123,-0.3057,0.0717,0.2084,0.4312,-2.1500,1.4052,0.0000
-0.1544,1.3239,0.7149,1.7499,2.1740,-1.5607,-0.8861,0.8886,1.0000
0.2634,-0.4237,0.3403,0.5340,-0.1149,-0.9125,-1.9760,2.1740,1.0000
4.3977,4.3665,-0.1243,-1.4685,1.3383,1.0891,1.6141,-1.9098,0.0000
-0.2378,0.0858,0.5689,-2.2854,0.5089,-1.9309,-2.1116,1.5583,1.0000
0.4824,-1.3009,1.4699,1.4370,-1.9738,0.3567,-1.0075,0.9923,1.0000
-1.6937,-0.7434,0.5615,-1.4559,-3.1971,-2.7421,-0.0294,-0.2302,0.0000
-0.8168,2.1948,-0.3045,-0.4470,3.3916,-3.3310,-1.5395,-0.5840,1.0000
-1.5071,1.0095,-1.4955,-0.9432,2.2692,-4.2471,-2.8538,0.5393,1.0000
0.5831,-1.7735,-1.2994,0.6311,-3.9011,-0.4304,-1.4165,4.0197,1.0000
-0.5657,-0.7216,0.1426,2.4463,-1.4215,-1.4701,-1.1714,0.9669,0.0000
1.6855,0.9471,0.6622,-0.4449,0.7767,0.3578,-0.8335,-0.4562,0.0000
2.2570,1.6423,-0.9810,-0.7218,0.5117,0.5968,-0.0105,-1.0721,0.0000
0.0242,-0.0250,-0.2029,0.5812,0.8487,-0.4989,-1.1302,2.6621,1.0000
-1.9625,-2.4021,-1.9050,-1.7281,-2.1271,-0.6445,-0.6411,0.3682,0.0000
-0.2583,-1.9735,0.5951,-0.7978,-1.4805,-1.3783,-3.4155,3.5110,1.0000
4.1137,4.0018,0.0736,1.1072,1.0289,2.7753,3.5819,-2.5440,0.0000
-1.0497,0.9922,0.3735,0.2489,2.1282,-0.4869,1.0293,-0.3794,0.0000
-0.8527,-0.5830,0.1048,0.2763,-0.9539,-1.7794,-1.2280,1.2003,0.0000
-2.5543,-0.9884,1.3111,-1.1514,1.2542,0.2425,1.2335,-0.3548,0.0000
1.9827,2.3725,0.4227,-0.2021,0.1810,-2.5204,-1.8107,1.0249,1.0000
-1.2904,0.6071,-1.5966,-0.5859,-0.2768,-3.4788,-1.1175,1.5593,0.0000
0.6715,0.2925,-0.9538,-0.2292,-1.7735,-0.1830,0.5867,0.3350,1.0000
-1.5399,-0.5735,-0.4191,-1.8702,2.8078,0.3750,-0.2581,1.8403,0.0000
-0.1537,0.4783,1.2480,0.8191,-0.0902,-0.7167,0.1987,-0.3774,1.0000
-2.9749,-0.4732,-0.8910,0.0189,2.9765,-0.8359,0.2971,1.7570,0.0000
0.7555,1.5005,1.1166,2.0786,1.3587,-1.3247,-1.0201,0.1716,1.0000
-0.3537,-0.4497,-0.9846,-0.1410,0.6961,-1.3237,-2.2153,2.4025,1.0000
-0.6527,-0.6471,0.0209,0.3549,-1.8604,-1.7730,-0.9945,0.8500,0.0000
-3.2792,-2.2460,0.6239,1.0668,-0.5574,-0.7133,0.2628,0.6131,0.0000
0.0336,0.6896,-0.2903,-0.2025,1.8257,-0.5674,-0.7783,0.9105,1.0000
-0.1916,-1.1988,-1.1988,0.6535,1.2634,0.8368,-1.5347,1.6621,0.0000
1.6534,1.8687,0.9027,-0.8925,1.0451,-2.0698,-2.2999,0.1197,1.0000
3.6998,3.2715,0.0251,-0.0603,0.4678,-2.5643,-2.9107,0.5732,1.0000
-0.6034,-0.3668,-0.4472,1.4005,0.0340,-0.6678,-0.5728,0.8631,0.0000
0.3679,-0.5609,0.3503,2.0319,0.2650,0.5527,-0.9728,-0.3032,0.0000
1.8388,3.9937,-0.7991,-0.8384,1.9274,1.2368,4.2086,-2.5983,0.0000
0.7757,-0.4477,-0.9714,0.6261,-1.2362,-0.9997,-2.0804,1.4580,0.0000
3.3699,3.7269,0.1177,-0.3191,0.1985,-2.0184,-0.9111,-0.3927,1.0000
1.1657,0.4511,0.8707,0.3939,-1.0544,-0.9271,-1.1844,0.6284,0.0000
-2.9814,-1.4703,0.3426,0.1332,-4.9516,-2.9572,1.3894,-1.5800,0.0000
1.9131,0.4609,2.2142,-0.5251,0.2560,1.9831,0.3167,-0.9207,0.0000
2.6917,5.2037,-0.7008,-0.0708,3.8129,-0.9575,1.2062,-1.7331,1.0000
1.0297,0.2882,0.8972,-0.2467,-0.5965,-0.5837,-1.1959,0.1868,1.0000
-0.0407,2.4409,1.1737,0.6410,2.5025,-0.3568,1.9522,-0.9276,0.0000
-0.1312,0.0346,0.6915,1.3120,-1.1638,-0.4505,0.5097,0.3114,1.0000
1.7175,1.2117,-0.5645,0.7659,0.0941,-2.1092,-2.8210,1.4410,1.0000
-0.0587,0.1813,-0.0123,0.7660,1.1801,1.5163,1.3556,-0.5628,0.0000
2.0960,3.4981,-0.1135,1.5133,1.7933,-2.3174,-1.0047,-0.2729,1.0000
1.4016,1.9353,-0.8206,0.8322,0.9377,0.8704,1.6495,-1.6365,0.0000
1.4824,3.3786,0.4688,0.1183,2.0902,0.1758,2.3368,-1.5715,0.0000
3.3311,2.6065,0.7059,0.3399,0.2731,0.3265,0.0426,0.2813,1.0000
0.1575,-0.9988,-0.9879,1.3724,-0.6314,-0.9428,-2.4792,2.0810,0.0000
2.1175,1.8001,0.5093,-0.0713,0.7515,0.5376,0.2959,0.8922,1.0000
2.9369,0.9850,-0.0063,0.4240,-1.9494,-0.3405,-1.3980,0.3942,1.0000
3.8683,0.9793,1.3668,-0.8497,-4.3287,-0.6189,-1.2390,3.4585,1.0000
1.9861,1.3284,0.2362,-0.6657,-0.3669,-0.7561,-1.1418,-0.2930,1.0000
-0.5750,-0.7591,0.5102,-0.8202,-1.9029,-0.8263,-0.0758,2.0750,1.0000
3.0097,6.5183,-0.7923,0.0533,3.0220,-0.1491,4.4182,-2.9577,0.0000
-0.9364,-2.3572,0.7724,0.8737,0.3821,1.9220,-0.6217,0.3312,0.0000
3.3731,2.6137,-0.7139,1.2527,0.0853,0.3910,0.2186,0.6330,1.0000
-0.6128,-3.0849,1.7386,-0.2118,-2.7427,0.9930,-1.1807,1.7611,1.0000
2.1157,5.0944,2.3045,0.6089,2.6031,-4.3944,-1.4589,-1.7247,1.0000
-1.5909,-3.7024,0.8304,-0.5927,-3.3367,1.5446,0.1605,1.3235,1.0000
0.8782,0.0102,-0.7305,-0.1477,0.9917,1.6447,0.0955,-0.1994,0.0000
2.9793,1.8802,-0.5003,-1.2785,0.4410,1.5270,0.5543,-1.2398,0.0000
1.8044,1.8653,-0.9499,0.3729,0.8754,1.9651,2.3294,-1.6905,0.0000
1.7278,1.5821,0.8781,0.9628,1.3899,0.6390,0.1475,0.9445,1.0000
1.3301,2.6233,-1.1908,0.1747,1.9824,-1.9569,-1.1791,-1.4754,1.0000
0.6019,0.2589,-0.7720,0.1138,0.1511,-1.2142,-1.8459,1.9786,1.0000
1.6414,2.9225,-1.2603,0.1855,0.6296,1.1568,3.4581,-3.1065,0.0000
-1.6372,-1.9966,0.2400,-0.5561,-1.2415,0.0797,-0.1466,0.4284,1.0000
-1.2609,-0.4893,1.4636,-0.5142,-0.4888,-1.4247,-0.4017,1.4501,1.0000
-0.4335,1.1390,0.6585,-0.2916,1.5492,-3.7919,-3.0220,1.4079,1.0000
0.4812,1.3369,0.5464,-1.8989,-0.6277,-0.7750,1.0593,-0.5787,1.0000
-0.7648,-0.0317,1.8175,-0.8636,3.0651,0.7015,-0.2122,1.4234,0.0000
-0.2549,-2.1266,-0.5304,0.5564,-0.5226,0.6991,-1.9430,1.5959,0.0000
3.1348,-1.0575,-0.1133,-1.2677,-1.1183,3.3592,-1.2764,-0.4213,0.0000
0.1179,0.1846,-0.0721,0.8177,-2.3294,-1.8571,-0.4656,0.0942,0.0000
-0.2204,0.5608,-1.1801,0.7212,-0.0317,-4.3406,-3.8026,2.4352,1.0000
1.7099,-0.0793,-0.4659,0.9875,-2.3292,-1.0173,-1.9469,2.8038,1.0000
2.9931,3.6907,0.1779,1.9617,1.6588,0.0802,1.0232,-0.7758,1.0000
-1.9112,-1.6473,1.0344,0.5314,1.2584,0.5931,-0.2887,0.4658,0.0000
-0.7623,0.0157,1.2833,-1.0381,-0.0607,-1.5201,-0.6645,0.9529,1.0000
2.0757,0.4368,-0.1764,-1.2002,-1.6085,-0.5355,-1.5902,0.8212,1.0000
-2.2401,0.1145,-0.4026,-1.1835,-0.5065,-2.3524,0.7741,-0.0984,0.0000
2.6879,3.3363,-1.1746,-0.8502,1.2214,1.9647,3.3258,-2.1945,0.0000
0.8517,0.0381,-0.5190,0.1458,-0.7958,-1.6621,-2.4219,2.3668,1.0000
-1.9301,-0.5913,-0.5740,-0.5140,1.0024,-1.5196,-0.7841,1.7261,0.0000
3.1719,1.5406,0.3106,-1.3956,-2.0991,-0.7031,-1.0924,0.9910,1.0000
0.1128,1.3294,1.1695,-2.6870,0.2900,-1.1609,0.4515,-0.7613,1.0000
1.7881,3.1065,-0.5145,-0.5759,0.9200,1.2131,3.4541,-2.6668,0.0000
-1.8951,-2.3078,-0.1632,-0.3148,-4.4214,-2.2611,-0.9535,-0.1429,0.0000
-0.3132,-2.0557,0.8920,-2.4965,-2.5676,0.2208,-0.8860,2.2644,1.0000
-2.2964,-1.0007,0.2937,-1.2037,-1.8237,-2.1535,0.1406,0.2132,0.0000
-0.3684,1.0630,0.2801,1.8904,1.3076,0.9121,2.4143,-1.1696,0.0000
1.8132,0.2774,0.5135,0.8652,-1.7109,-1.4654,-2.4344,3.1151,1.0000
2.1069,-0.2054,0.7218,0.4948,-1.9573,-0.3103,-2.1635,1.5894,1.0000
2.8170,2.3626,0.8197,0.0962,0.7591,0.9500,0.6737,-1.2778,0.0000
1.7972,0.1507,-1.0122,0.5811,0.2499,2.7170,0.8425,-0.7369,0.0000
1.9111,1.3839,1.2647,1.2586,0.8628,1.1783,0.4853,-0.9568,0.0000
0.6513,-0.8266,1.3473,-0.0318,-2.4044,-1.5238,-2.3753,1.3179,0.0000
-3.0140,-0.6688,0.6211,-0.2595,-1.5875,-3.0136,0.4764,0.0510,0.0000
-2.6220,-3.3283,-0.9429,1.6178,-0.8340,0.9052,-0.3523,-0.1060,1.0000
-0.8555,0.7367,-0.0467,1.6594,1.6818,-0.8915,0.2139,0.7639,0.0000
2.1674,-2.3288,1.2376,-0.1807,-1.1508,1.9589,-3.6267,1.8978,0.0000
2.1615,1.4553,-1.0655,1.5168,1.9548,3.6899,2.5866,0.7936,1.0000
-0.5416,-1.3530,1.8764,0.3001,-2.0430,-0.0663,-0.1301,1.6670,1.0000
2.2798,0.2310,-0.0361,2.1377,-2.2971,-0.2474,-1.3708,1.4019,1.0000
0.4701,0.2638,1.7123,0.3100,0.2280,-1.7385,-2.3631,1.3673,1.0000
2.1939,1.8980,0.3649,-0.8653,-0.3651,-1.9590,-1.8403,1.1912,1.0000
1.3239,2.1517,-0.0203,0.0849,1.3808,-1.2867,-0.6857,-0.0753,1.0000
1.1277,1.6425,-1.4026,0.3554,1.8409,-0.3751,-0.4922,0.0689,0.0000
-1.7372,-1.4258,-0.2098,-0.0842,-2.2556,-0.5007,0.9024,-0.5184,0.0000
2.8387,3.8102,0.3213,-0.1734,1.2834,-1.9111,-0.6584,-0.2440,1.0000
1.1788,1.9121,-0.3519,0.4342,0.7021,-2.8689,-2.2445,1.3560,1.0000
0.6323,1.5882,1.3078,-2.1782,1.7771,-1.6914,-1.3330,2.3239,0.0000
-0.6423,-2.0647,-1.6245,0.5376,0.1842,1.9576,-0.3615,0.1861,0.0000
0.2293,0.3010,0.0906,1.1187,-0.1658,-0.4179,-0.2369,-0.9767,1.0000
0.5684,-0.7951,1.0628,1.4862,0.5813,1.7908,-0.3687,-0.0923,0.0000
0.9821,-0.4828,-0.2161,-1.5049,-0.4254,-1.8019,-3.8568,3.0760,0.0000
5.0083,2.3757,0.7025,-0.7046,-0.4369,2.4624,0.3170,-1.7652,0.0000
-2.5240,0.1117,-0.6587,1.4015,0.3565,-2.1006,0.8798,0.2451,0.0000
2.1641,1.7609,1.4725,-1.0133,0.8152,1.2391,0.8697,-1.0994,0.0000
-1.8849,-0.3601,0.7073,0.3122,0.9788,-1.8394,-0.8217,1.7810,0.0000
0.9694,1.4458,2.0265,1.3805,1.3583,2.1493,2.6750,-1.1757,0.0000
0.6949,-0.8968,-0.2139,-1.1860,-1.1550,0.8919,-0.5807,0.1802,0.0000
3.8023,1.7539,-0.1140,0.8278,-2.6904,-0.5662,-1.0111,1.2959,1.0000
0.8141,2.2857,-0.3682,1.6864,1.1264,-3.4818,-2.2090,-0.0628,1.0000
-0.5205,-3.0746,0.1125,-0.9992,-0.4262,1.0869,-2.7285,2.5033,0.0000
2.1235,2.5928,0.1818,-2.1143,0.7958,-1.3449,-0.7123,-0.2597,1.0000
0.7560,1.1142,0.9609,-0.3796,0.7093,1.1720,1.6824,-1.3756,0.0000
1.1212,2.4770,-0.7144,-0.1167,1.5703,1.9903,3.8188,-2.0105,0.0000
1.0162,1.6637,0.5058,1.1593,-1.1072,-2.2298,-0.4122,1.9649,1.0000
-2.5945,-1.4987,-0.0435,0.4620,-1.4901,-1.4645,0.3049,0.1835,0.0000
3.9332,1.1192,0.2526,-0.3738,-2.8286,-0.7404,-2.3167,2.2955,1.0000
3.5907,0.7783,-0.5720,2.2072,-2.2854,0.1180,-1.8540,0.4195,1.0000
-1.4688,0.2478,-2.2371,-1.2540,0.3414,0.2057,2.3297,-2.0148,0.0000
-2.4516,-1.3328,-0.5457,-0.7120,0.6821,-4.3729,-4.4802,2.0065,1.0000
-1.2433,-0.4745,-0.3842,0.1805,1.6968,-0.1020,-0.3235,1.3955,0.0000
-0.4376,-1.7690,-0.0712,-0.0397,-0.4356,0.4684,-1.4517,1.1572,0.0000
1.9170,2.8918,0.4159,0.4869,1.3216,-2.4117,-1.5286,0.5092,1.0000
0.7535,-1.2525,0.5976,1.3465,-1.3812,0.0946,-2.0067,1.1206,0.0000
2.4965,0.7910,0.3176,-0.9042,-1.0263,-0.9352,-2.4344,1.0513,1.0000
0.1245,0.1223,1.4938,-1.1315,-1.1689,-1.8339,-1.2351,2.5459,1.0000
0.6070,0.0353,-0.0034,1.0812,-1.8766,-0.5906,-0.1123,1.6199,1.0000
0.7319,0.8495,-0.9418,0.0827,1.1247,1.3489,1.2287,-0.7263,0.0000
1.2920,0.6070,0.0196,1.2166,-1.0213,-0.8803,-1.0549,0.7980,1.0000
0.6186,0.3151,-1.1156,-0.6957,-0.2152,-1.7821,-2.2166,1.6138,1.0000
-0.8519,1.4846,0.3801,0.4182,2.3498,0.3478,2.4098,-0.7265,0.0000
0.9762,-0.5923,0.4288,2.2143,-0.5600,0.3177,-1.3927,3.5839,1.0000
0.7621,1.4659,0.8730,-0.4229,-0.1503,-2.2792,-1.1346,1.4356,1.0000
-1.3656,-1.5386,0.9162,0.6127,-2.2115,-1.8216,-1.3284,0.9377,0.0000
2.9143,2.0787,-1.1834,-0.3615,-1.0765,-0.7920,-0.6946,-0.0143,1.0000
2.8709,3.2907,0.0857,-1.4871,0.1226,-2.7107,-1.6706,1.0267,1.0000
-1.5580,-1.7096,-0.4776,-0.1895,-1.7878,-1.2341,-0.9395,1.0147,0.0000
-1.9078,-2.0707,-0.6475,0.4547,-2.4890,-1.2269,-0.6074,0.3831,0.0000
3.0307,1.5118,-0.1452,0.0237,0.0360,1.2968,-0.1291,-1.2705,0.0000
1.2702,0.5936,-1.8581,-0.2033,-0.7395,-3.0296,-3.7176,2.6390,1.0000
1.1096,0.7913,-0.4464,0.3367,-0.5684,-2.1513,-2.2534,2.3555,1.0000
2.5206,4.7212,0.0475,-0.5214,0.5097,-3.9557,-0.5248,1.6740,1.0000
-0.7004,-0.9573,-0.0709,1.8788,-0.4276,-1.2096,-1.7138,1.8166,0.0000
1.1856,0.5795,-0.3691,-1.0869,1.7816,2.3746,1.0762,2.4534,1.0000
0.8705,-0.7408,-0.2117,-0.0938,-1.4456,0.7824,-0.5225,-0.5393,1.0000
2.0768,2.8946,-1.1720,-0.1615,1.8136,1.7261,2.7570,-1.5671,0.0000
-1.0852,-1.8424,1.0504,-2.7880,-1.5179,-1.1004,-1.8091,1.4587,0.0000
-1.6011,-0.8114,-0.4207,0.9586,1.7758,1.0165,0.8337,0.4113,0.0000
2.4766,3.5925,0.2110,-0.5945,1.6572,-0.6819,0.6193,-1.5532,0.0000
2.7950,0.1004,-0.8128,-1.3902,-3.4657,0.8301,-0.2178,1.1364,1.0000
1.6790,-0.4239,0.2662,-0.9196,-1.1685,-0.2380,-2.2992,3.8593,1.0000
2.5980,1.9189,-0.6213,-0.5413,0.5352,1.0393,0.5952,1.0763,1.0000
2.9242,2.7219,-0.2061,-0.3046,0.9984,2.5090,2.7931,-1.8985,0.0000
-0.1718,-1.8936,1.6379,1.2304,-0.4741,0.4903,-1.9502,1.5642,0.0000
0.5661,-1.9308,-0.8145,-0.2720,-2.1299,0.8584,-1.4849,0.6342,1.0000
-1.3811,-1.3625,0.5213,0.6310,1.2811,1.3039,0.3003,0.5189,0.0000
2.2107,0.6860,1.1515,-1.3691,-2.8507,-1.0501,-1.0366,2.6925,1.0000
2.6133,2.0618,-1.7309,-0.6874,-0.6797,-0.9091,-0.7491,-0.5528,1.0000
-2.3826,-1.7084,-1.2337,0.1533,0.7717,-0.8774,-1.1771,0.2763,1.0000
-1.9292,-0.1575,-0.5095,1.1183,1.4487,0.0707,1.4185,-0.7036,0.0000
0.9303,1.2590,0.7067,-0.0049,1.5041,-0.7630,-0.9951,2.3201,1.0000
-0.2185,0.4339,-1.1792,-0.5012,0.5695,-2.8300,-2.6976,0.9163,1.0000
-0.1778,-1.0767,-2.0135,-0.8932,0.2152,-0.1630,-1.7798,2.6289,1.0000
-4.1456,-2.3046,0.5068,-0.6468,-4.5930,-3.9037,0.2514,-0.5467,0.0000
1.6013,2.8648,0.8531,0.9643,2.1139,0.1873,1.3391,-1.0314,0.0000
0.6614,0.4993,1.4230,-0.5186,0.2528,-0.7539,-1.0737,1.3769,1.0000
-2.7250,-0.9679,0.1833,-0.0402,-1.6444,-3.0139,-0.3608,0.4158,0.0000
-2.0040,-0.1711,-0.9336,0.0100,1.2060,-0.2314,1.2998,-0.7927,0.0000
-0.8954,-2.3804,-0.8240,-1.3423,-2.6979,0.6643,-0.0460,1.6875,1.0000
3.1182,0.3974,0.1576,0.6922,-0.4838,2.5217,-0.2810,-0.9728,0.0000
-0.2800,1.3629,1.1764,-1.8540,1.9236,0.8596,2.3270,-0.8122,0.0000
1.6866,0.1619,-0.0716,2.1544,-2.4477,-0.5806,-0.9491,1.9642,1.0000
3.0003,4.7001,-0.8972,0.9888,2.0282,-1.4677,0.5465,-2.0300,1.0000
-2.8604,-2.9169,2.0258,-1.3831,-1.0542,-0.5474,-0.8667,1.1039,0.0000
1.1967,2.6270,0.7515,1.1205,1.1294,1.6814,3.8666,-2.7652,0.0000
-0.9151,-1.7927,0.7379,1.2170,0.0251,0.0719,-1.5994,1.8422,0.0000
0.3443,1.2416,0.1763,0.5056,2.1649,-0.6718,-0.5732,2.2868,1.0000
0.7996,0.4702,-0.9238,1.0339,-0.3011,-2.0813,-2.4772,2.1497,1.0000
-0.6365,0.1039,1.1999,1.2876,0.5481,-1.4610,-0.9984,1.7529,0.0000
3.8955,6.9781,0.1406,0.8415,2.5486,-3.8277,-0.1135,-3.8436,1.0000
1.1221,0.3267,-1.1664,-0.0433,-0.3096,-0.7163,-1.5649,1.2256,1.0000
-0.8811,0.3100,-0.9787,-0.1314,1.0276,-1.7581,-1.0762,0.1438,1.0000
-2.7105,-1.1047,-0.4094,0.6585,1.0064,-4.7004,-4.3239,2.8039,1.0000
0.8814,0.0682,-0.0731,0.3044,0.2219,-0.5106,-1.7557,1.9515,1.0000
-0.5908,0.1551,1.3689,2.5387,1.2575,-1.8173,-1.9093,1.2024,1.0000
-0.7493,-0.7412,0.8155,0.0068,0.5499,-1.8272,-2.6497,2.7347,1.0000
0.6535,1.4965,2.5335,-0.8933,0.7588,-1.8964,-1.1925,-0.5840,1.0000
-0.8189,-1.4063,0.9014,0.0076,0.9199,0.4538,-1.1398,4.1304,1.0000
2.2532,1.8711,-0.0518,-1.2420,0.6121,0.9667,0.7374,-1.3175,0.0000
-0.2321,0.0765,0.5237,1.3746,0.7415,-1.5202,-1.7918,1.8485,1.0000
-0.0373,-0.9742,1.8862,-0.8505,0.7157,1.0126,-0.8537,0.1354,0.0000
0.9297,0.9007,-0.5802,-0.4344,0.3835,-1.3152,-1.4928,2.1103,1.0000
-1.9570,-1.2868,-0.6180,-0.8785,0.6490,0.4390,0.5665,-0.4799,0.0000
1.4735,-0.1814,-0.7944,0.0976,-1.2356,-1.2683,-2.8790,2.0155,1.0000
2.0107,2.1886,-1.2692,-0.0953,0.9300,-0.9380,-0.8205,0.2083,1.0000
-0.8722,0.0931,-0.9667,0.6903,-0.9292,-1.0726,0.7436,1.0089,1.0000
-0.8544,-0.2723,-2.2394,-0.8762,-0.9403,-1.2975,-0.1260,1.5649,1.0000
2.3938,2.5939,1.0638,-1.2578,0.9028,-0.0906,0.2847,-1.5589,0.0000
1.4567,0.0522,-0.1195,-0.0648,0.6904,1.1280,-1.0183,0.0426,0.0000
0.9039,2.2732,-1.3456,0.0083,2.4308,-0.8433,-0.1006,-0.0270,1.0000
0.4513,0.3143,-0.6170,1.0880,0.2061,0.4520,0.1995,-2.4470,1.0000
0.4729,1.4520,0.5764,0.1990,1.1833,-0.1267,0.7733,-1.0790,0.0000
0.3315,0.4074,0.0294,0.1087,0.7701,-0.9932,-1.4025,1.7214,1.0000
0.5061,-0.5643,-1.3809,-0.4014,1.3800,0.4302,-1.9660,2.1312,0.0000
1.6789,1.8388,0.0414,0.1933,0.8539,-0.7250,-0.6600,-0.0521,1.0000
-2.6168,-0.3344,0.7929,0.4666,-0.4082,-1.4378,1.5483,-0.3189,0.0000
0.1571,-0.7911,0.5770,0.1793,0.1837,-0.1255,-1.7401,1.5466,0.0000
0.8671,-1.9846,1.2977,1.7455,-0.5693,1.3723,-2.4606,0.1549,0.0000
3.4795,4.8841,0.2579,0.7992,2.0666,-0.0972,1.7614,-3.0858,1.0000
1.5991,-0.7721,-0.9621,-0.8575,-1.8669,0.7486,-1.2924,-0.0024,1.0000
2.8598,0.5473,-1.6965,-0.0502,0.4160,2.6314,-0.1298,-0.1913,0.0000
-1.0346,0.4925,-0.0950,-0.7104,-1.0640,-2.7735,-0.3226,0.5546,0.0000
2.8196,2.7887,1.1761,0.6949,1.7527,0.8167,0.5735,-0.5985,0.0000
-0.6377,-2.5937,-0.6537,-1.1521,-2.2481,0.2446,-1.5510,1.8774,1.0000
-0.1068,1.7326,-2.5626,0.6110,2.8367,-1.6678,-0.8636,0.5670,1.0000
2.0316,0.6844,-0.0987,-0.9075,-0.9488,-0.7940,-1.8218,2.0319,1.0000
1.1073,-0.1810,0.2147,-0.6416,-1.2173,-0.6552,-1.6925,1.3626,1.0000
0.7857,0.6779,-0.5862,-0.3145,-0.1470,1.1811,1.4728,-2.2123,0.0000
1.4171,0.8068,1.4571,-0.7468,1.0143,1.3688,0.4057,1.0515,1.0000
0.1561,-1.5012,-1.2103,-2.4196,-0.5145,-0.6573,-3.0395,2.4543,0.0000
1.5236,4.7552,-1.0124,1.6782,3.7302,-3.7993,-1.2906,-1.8839,1.0000
2.1465,1.4508,-1.9015,-0.7808,0.0447,-0.3226,-0.8372,1.5702,1.0000
-0.2730,4.2436,1.0934,-0.1524,2.5914,-0.2943,5.2049,-2.8528,0.0000
0.8191,-0.2122,-0.3675,0.6765,0.0934,3.3402,2.3864,-1.3559,0.0000
2.3724,2.9484,-0.7210,-0.4142,-0.1580,-3.1798,-1.8708,2.3872,1.0000
-0.1296,-0.7504,1.0341,-0.8942,0.0330,-0.5164,-1.5860,2.8706,1.0000
0.6821,-0.8222,-1.4061,-0.4471,-2.9165,-0.3006,-0.5549,2.3861,1.0000
0.7849,1.7843,-0.5209,-0.1277,1.5447,0.6952,1.6278,-1.2623,0.0000
1.8986,1.8945,1.2126,-0.7489,-0.8748,-1.5869,-0.6735,0.7405,1.0000
-2.2169,-3.9812,-0.2812,-0.9045,-1.7287,1.1158,-1.0873,0.8415,0.0000
-3.2645,-0.9939,-1.1351,1.9050,-0.0914,-1.3266,1.2592,0.0544,0.0000
1.6389,-0.5432,-1.2517,-1.0685,-3.3197,-0.1736,-0.9436,2.7829,1.0000
2.3433,2.9846,-1.0200,-0.7819,0.9814,-3.1162,-2.5324,1.0957,1.0000
0.8984,2.3127,-0.9114,-1.1029,0.9311,-2.2369,-0.6644,-0.1073,1.0000
4.5114,2.7405,-1.9739,-0.2509,-1.4822,-1.9469,-2.7752,1.7944,1.0000
-1.7417,-1.8620,1.5931,2.0834,-1.5200,-0.7978,-0.6233,0.6796,0.0000
-1.2475,-2.0906,-0.1031,-1.3032,-1.8660,-0.0037,-0.4499,1.6567,1.0000
0.4372,-1.3525,0.9061,0.5475,-3.5947,0.9621,0.8104,1.2780,1.0000
-0.8262,-1.0401,1.4036,-1.6128,-2.1772,-1.7777,-1.2268,0.3417,0.0000
-1.5167,-1.3256,-1.0936,0.0204,-1.8694,-1.2131,-0.1870,2.9500,1.0000
0.3847,-0.0547,0.7796,-0.6140,-2.0737,-0.2498,0.5598,1.1691,1.0000
-0.7079,-1.0263,0.0374,1.8584,0.7447,0.4017,-0.7814,0.0417,0.0000
2.1298,3.0997,-1.9951,-0.7204,2.0694,0.3660,1.2584,-0.9953,0.0000
2.0489,0.8032,-0.0015,0.2158,-1.6030,-1.1745,-1.6702,1.6332,1.0000
1.0823,-0.8291,-2.0738,-1.0595,0.6299,1.8763,-1.0257,0.5595,0.0000
0.8384,0.3413,1.4394,-0.3006,-0.5823,-0.1566,-0.3848,-0.6276,1.0000
1.4389,0.8070,-0.5569,-0.6224,0.0612,-1.0094,-1.7429,2.4057,1.0000
1.6598,-1.2203,1.0504,-1.1547,-1.8136,-0.0872,-3.0799,1.6701,0.0000
3.2962,2.8820,0.8436,0.5328,0.9662,1.6442,1.5513,-1.8109,0.0000
-2.0951,-0.9689,0.5454,0.1708,2.3698,0.3334,0.0835,1.7905,0.0000
0.1507,2.6691,-0.2024,0.1312,1.5492,-0.5703,2.4177,-2.1223,0.0000
-0.7004,-0.4864,-1.5874,-0.2282,1.9019,0.5628,-0.4296,1.3894,1.0000
-1.0615,-1.0624,-1.3586,0.6986,0.2328,-1.9093,-2.6398,2.8002,1.0000
-0.6097,-0.9105,-1.5937,-1.0132,0.6541,-0.4822,-1.6326,1.8159,0.0000
1.7522,-0.0527,1.6409,0.8119,-3.1135,-1.1383,-1.5233,3.7923,1.0000
2.7751,2.1211,-0.3765,-0.6462,0.1306,0.6888,0.4206,-1.8554,0.0000
3.4913,3.1765,1.6812,-0.2945,-0.1997,-1.5388,-1.1637,-0.6663,1.0000
1.1983,2.7391,-1.2038,-0.1983,2.6198,-0.5411,0.4958,-0.3007,1.0000
2.0811,0.2613,-0.4937,2.3938,-0.5668,1.7400,0.1388,1.5418,1.0000
1.1015,2.2558,-0.1171,-0.2361,1.5642,0.6166,1.8700,-1.4446,0.0000
0.6856,1.5301,1.7790,2.1348,-1.0231,-2.0275,-0.0112,1.7789,1.0000
-0.1333,-0.5169,-0.2685,-0.6528,1.7117,0.2387,-1.4828,1.9199,0.0000
2.4996,1.6974,-0.9544,-0.5173,-2.6670,-1.3146,-0.1935,2.4088,1.0000
-1.0649,-1.3902,-0.5018,-0.2528,-1.7243,-1.9068,-1.8937,1.6144,0.0000
-0.1043,-1.7356,0.6273,1.4525,-1.9194,-1.1126,-2.6884,1.7753,0.0000
-1.9196,-1.3467,-0.3442,-0.7550,-0.4390,-1.2251,-0.7380,1.3858,0.0000
-0.3176,-1.4804,0.1919,-0.4925,-2.7296,0.4343,0.4096,1.4586,1.0000
-0.0601,-1.3987,0.8824,-0.5087,-0.9502,0.1309,-1.4319,0.3552,1.0000
0.1892,-1.0608,0.9217,0.1693,-2.9391,-2.1644,-2.5432,1.1538,0.0000
-2.6850,-1.5216,0.2577,-0.1199,-3.5467,-2.3650,0.6826,-0.7482,0.0000
3.8932,6.4635,-0.5101,-0.0683,3.1952,-1.4019,1.5250,-2.7701,1.0000
-0.2774,-1.0774,-0.9068,1.0272,0.9575,1.2869,-0.5282,0.3695,0.0000
-0.7896,-1.6861,-0.2382,0.5116,0.2946,-0.3463,-2.1878,3.7768,1.0000
-2.1496,-1.2417,-0.2481,-0.3689,-0.0448,-0.7907,-0.0263,0.8602,0.0000
1.5959,0.6132,-1.3424,0.7814,-1.5621,-0.2320,-0.3457,0.1212,1.0000
1.7998,0.1648,-0.8123,-2.1329,-1.4848,-1.0799,-2.3539,1.9034,1.0000
-0.5672,1.5719,-0.6451,-0.0416,1.5458,-2.7748,-0.9408,0.5899,1.0000
0.6183,-1.8558,-0.2084,-1.3248,-2.3098,0.9435,-1.1994,0.7844,1.0000
3.4340,1.3636,1.0074,0.0894,-0.3182,3.1387,1.4869,-1.8227,0.0000
0.8496,2.4753,0.0571,-1.1563,2.4216,-1.9055,-0.9255,0.4762,1.0000
-1.4263,-2.0374,0.8640,0.6101,-2.0200,-0.9147,-1.1516,0.4550,0.0000
3.1301,0.8319,0.1414,2.1502,-0.4631,1.7482,-0.5125,-1.0967,0.0000
3.4285,1.3335,1.4935,-1.1865,-0.2183,1.6757,-0.3506,-1.4669,0.0000
-1.9513,0.3732,1.4924,-0.3538,-0.4626,-1.7019,1.5398,-0.5170,0.0000
-0.2761,2.1414,-0.2913,0.7844,1.9457,-1.6999,0.5468,-1.0699,0.0000
4.4192,0.8681,0.4070,-0.4395,-3.1037,0.6361,-1.6475,0.5319,1.0000
1.0830,-0.8724,1.0071,-1.7230,-2.7707,0.0631,-0.8739,1.8491,1.0000
1.8550,-0.6193,1.0757,0.3702,-0.2257,2.7902,-0.0979,-0.4843,0.0000
2.7009,5.3639,-0.9933,0.5958,3.5680,-1.2973,1.1884,-2.5283,1.0000
0.2264,-0.9416,-1.1732,-1.2892,-2.5415,-2.0098,-2.4632,1.5868,0.0000
-1.2389,0.5146,1.0129,-0.3917,-3.2665,-2.8788,1.2888,-1.3276,0.0000
-0.1912,1.5273,0.5427,0.8148,1.3090,-2.3665,-0.8938,0.2289,1.0000
-1.1586,-3.0512,0.5736,-0.7420,-3.6302,-0.5095,-1.6129,0.6963,0.0000
1.4831,0.8021,0.8573,0.6468,-1.9326,-1.4473,-0.9649,2.4831,1.0000
-1.8842,-0.2110,-0.3255,0.2981,-3.2656,-3.4845,0.2785,-0.2825,0.0000
1.0844,-1.9414,-1.3172,0.1329,-0.2660,0.8080,-3.4611,2.4335,0.0000
1.5695,-0.4769,0.6498,-0.8320,-1.8874,0.5136,-1.0187,0.1387,1.0000
-1.6494,-0.2190,0.7142,0.0716,0.9009,-1.2768,-0.2965,-0.7616,0.0000
1.2255,0.4694,0.6812,-0.2433,0.9847,0.4233,-1.0441,0.1370,0.0000
-0.2252,-1.3615,-0.8954,-0.6401,-2.4558,1.0032,0.9126,0.1129,1.0000
1.5782,0.0020,-0.1304,0.1845,-1.0047,-0.0071,-1.4738,-0.2844,1.0000
1.1287,0.3204,-0.9459,-1.6220,-1.6998,-0.0042,0.1691,0.2042,1.0000
-0.2994,-0.9011,0.6743,0.0470,-1.7295,-1.1879,-1.2861,0.9640,0.0000
1.2686,1.9683,-0.4147,-1.3777,1.8455,-0.8671,-0.6499,1.8264,1.0000
2.5497,3.5175,-0.5895,-0.0130,2.2508,0.5352,1.4468,-1.3594,1.0000
0.5803,-0.9717,-0.3685,-0.6212,-2.2047,0.4341,-0.3513,0.7571,1.0000
0.6225,3.5593,-1.4165,0.6863,1.8073,-1.2740,2.2472,-2.1541,0.0000
-2.1923,-0.7754,0.5195,0.5979,1.2685,-0.9349,-0.2155,1.8523,0.0000
-3.4466,-2.6371,-0.5230,-0.8365,1.8424,0.2297,-0.6432,1.4721,0.0000
-1.2107,0.6929,0.1658,0.7300,3.1408,-0.3848,0.2566,1.3904,0.0000
0.2243,2.8586,0.6216,-0.2042,3.6199,-1.6891,-0.0442,-0.5442,1.0000
-0.1939,-0.9270,-0.1447,-2.0601,-0.1537,0.2697,-0.8300,0.6276,0.0000
3.3588,0.5322,-1.4043,-0.0475,-0.3658,3.1573,0.2936,-0.9756,0.0000
2.7884,1.1340,-0.1347,-0.0399,-1.2288,-0.1737,-1.2056,1.2070,1.0000
0.1268,-0.9676,-1.1789,-0.6372,1.0368,2.3982,0.3694,0.2351,0.0000
1.1516,-2.2079,-0.7598,-0.4328,-1.9941,0.3890,-3.3590,1.4275,0.0000
1.9116,-1.5125,0.1494,0.3951,-1.3270,0.2920,-3.7688,2.1699,0.0000
-3.1053,0.1859,0.3243,1.1904,-0.6237,-3.6404,0.6428,0.5276,0.0000
-1.2365,1.7929,-0.4972,-0.5579,1.9391,0.2172,3.5236,-1.8138,0.0000
1.2797,-0.5399,-1.1470,1.1620,-0.8699,0.6423,-1.1468,2.9585,1.0000
-2.8527,-0.8478,-0.2835,0.0679,-1.3831,-2.7345,0.1907,0.9386,0.0000
2.0180,1.2486,-2.7635,-0.7094,-0.0028,0.2604,-0.2809,1.4064,1.0000
1.3129,0.4298,-1.4838,-0.7049,-2.6162,-1.0970,-0.4596,2.7315,1.0000
3.2471,2.7465,-0.4920,-1.0526,1.0821,1.0970,0.6827,-1.3220,0.0000
-0.6468,-2.5498,1.0102,1.5800,-2.1576,0.0687,-1.7647,1.2544,0.0000
1.9070,-0.9042,-0.9380,-0.3255,-5.2359,-1.8333,-2.6808,0.4434,0.0000
2.8898,-0.1032,0.0767,1.7509,-0.3459,2.6482,-0.7368,-0.6702,0.0000
3.4014,1.4903,1.0231,-1.5002,-1.8640,-0.6905,-1.6353,0.9565,1.0000
-0.9880,-0.3001,0.6860,0.7371,-1.8733,-1.9290,-0.1678,0.1593,0.0000
-0.0628,0.1761,-0.6788,-1.0523,0.8953,0.0497,-0.1580,0.3562,0.0000
0.8150,-0.7702,-2.1573,-0.9540,-1.0578,-0.0980,-1.7379,1.0700,0.0000
0.2564,-1.9851,1.0306,0.7067,-2.8637,0.5099,-1.1103,-0.3134,0.0000
1.6708,1.0831,2.5063,-0.3374,0.5895,2.2277,1.7348,-1.2083,0.0000
0.9152,1.8197,-0.2841,0.8510,-0.6295,-2.0402,-0.1425,1.3605,1.0000
0.3758,0.0080,-0.2934,-0.5256,-0.8944,-1.7995,-1.9696,1.3081,0.0000
2.2549,3.1385,1.9607,-0.1631,1.0299,1.3047,2.9201,-2.3838,0.0000
-1.9025,-0.7613,-0.2989,-0.7668,-3.7198,-3.3250,-0.1067,-0.1013,0.0000
-0.6447,-0.4150,1.2457,-2.2744,0.5268,-0.3499,-0.5623,0.7200,0.0000
0.7036,-1.2657,-1.9718,-1.2880,-2.7407,0.7709,-0.2415,0.7629,1.0000
-1.8280,-1.5485,1.0177,-1.0747,-2.4450,-2.3229,-1.1729,0.5280,0.0000
-3.3678,-0.9767,0.7258,0.6495,0.5692,-1.0429,1.3158,0.0909,0.0000
3.1390,1.1902,0.4053,-1.1816,0.1532,1.9425,-0.1157,-1.0797,0.0000
1.5988,1.4430,1.0636,-0.3171,1.2979,0.9351,0.4311,-0.7254,0.0000
-1.3311,0.6545,1.2300,-0.0790,-0.3309,-2.8674,-0.2443,0.9724,0.0000
2.6376,1.2173,-0.5026,0.8414,0.3996,2.4572,1.0478,-1.2343,0.0000
1.5465,-0.4317,-1.1241,1.5618,-0.2167,2.0479,-0.2610,-0.5993,0.0000
4.6749,2.9737,-0.6085,1.9576,-1.1972,-2.0180,-2.8923,1.6896,1.0000
1.0807,0.0761,0.1078,-0.5907,0.0010,0.4199,-0.7677,1.6402,1.0000
3.3538,5.0284,0.5763,1.4345,1.6103,-3.0692,-0.9629,-1.0514,1.0000
0.1958,2.1136,-0.6062,2.3073,1.3925,-3.4896,-1.8179,0.6118,1.0000
1.7854,1.3315,-0.2165,-0.5901,-0.1716,-1.0239,-1.2969,0.1476,1.0000
-0.6454,-1.8845,0.7791,-0.3529,0.1749,2.3542,0.3981,-0.3545,0.0000
0.9779,-0.5849,0.6185,-1.6169,-0.1120,3.4682,1.8486,-1.1932,0.0000
2.4110,1.6579,-1.5329,-0.5796,-1.8331,-0.5942,0.0527,0.2750,1.0000
-0.6922,-3.5781,-0.1911,-2.2438,-0.0993,2.5061,-1.9187,1.4117,0.0000
0.4913,1.9267,2.0294,-0.2340,-0.4928,-2.2721,0.2393,1.2973,1.0000
2.1780,1.8334,-1.1201,0.1788,0.6699,0.5107,0.2536,0.0112,1.0000
-0.7659,-2.2720,0.1769,-1.5483,-1.1224,0.4061,-1.4359,1.4733,0.0000
-0.2784,0.4115,-0.9554,0.8198,-0.1453,-1.7536,-0.8657,1.2969,1.0000
-0.5465,0.6718,-1.7391,-1.8899,2.5874,0.1026,0.2422,0.5888,0.0000
0.3304,-0.1030,-0.9992,-0.2621,-3.5769,-2.0216,-0.6079,-0.6021,0.0000
1.6651,3.6386,0.2991,0.0268,2.8699,-1.0289,0.5715,-1.1995,1.0000
-3.6367,-3.2669,-0.6801,-0.1487,1.2238,0.8065,-0.3459,1.0405,0.0000
1.2650,1.3570,-2.1169,0.9903,-1.1226,-1.0234,0.1150,0.4014,1.0000
0.5863,-0.7919,1.3203,0.3313,-0.2473,0.5724,-1.2853,-0.3935,0.0000
-1.1485,-0.6988,-1.6206,0.3131,0.7831,0.2497,0.1325,-0.4931,0.0000
1.9292,1.0474,0.8031,-0.9298,0.1157,3.1896,2.7494,-2.2008,0.0000
1.1879,3.5506,-0.3870,-0.8408,1.6531,-0.2600,2.7674,-2.3901,0.0000
2.6162,0.9421,-0.0526,-0.1904,-0.9941,0.4022,-0.7496,1.5915,0.0000
2.1187,0.7147,1.0507,-0.4954,-2.0414,-0.3091,-0.6176,0.8481,1.0000
0.3604,2.7858,-0.4948,-1.0170,2.6823,-3.2062,-1.5497,-1.2979,1.0000
-1.3787,-1.3990,-0.4822,-0.0300,0.3157,-0.0186,-0.6356,1.4768,0.0000
0.6824,1.6817,-2.3581,-1.2202,1.6345,-1.9022,-1.4357,1.4903,1.0000
-0.8155,-1.1711,0.6609,-0.4514,-0.1335,1.9532,1.5169,-1.1735,0.0000
4.6081,1.3033,-1.4780,-0.8101,-0.9209,3.7056,0.8776,-1.8555,0.0000
1.0823,3.0009,-1.5039,-0.5676,1.5382,-0.2161,2.1423,-1.9777,0.0000
-0.2361,-0.8824,0.2169,-0.0796,-1.4251,-0.6765,-0.9219,1.3697,1.0000
1.8171,3.4103,0.6052,0.1648,1.8534,-1.9411,-0.4070,-1.1997,1.0000
2.4077,2.0821,-1.5117,-0.7121,-0.0616,-1.6866,-1.7413,0.4166,1.0000
0.1012,0.6334,0.8866,1.6469,0.1921,2.0029,3.0759,-2.1869,0.0000
0.7499,-0.7840,-0.0957,-0.0118,1.7466,0.4113,-2.8953,3.0640,0.0000
0.0383,-3.3733,-0.7947,-0.3089,-2.6512,1.0124,-2.6119,1.1811,0.0000
1.8721,1.2454,0.7122,-0.8521,-1.7339,-0.6548,-0.0261,0.6819,1.0000
0.7199,1.4539,-0.5441,-0.9804,1.2884,-0.9850,-0.5640,0.9058,1.0000
-4.1836,0.1199,0.1752,0.1815,-2.0035,-3.8256,2.6435,-1.1905,0.0000
-0.2189,-1.8921,-0.9876,-0.3899,-1.6892,-1.8786,-3.7647,3.9861,1.0000
0.9930,-0.2654,-0.1337,-1.3892,-2.9350,0.2356,0.5596,1.4017,1.0000
0.0976,1.5641,-0.5171,0.0555,1.2308,-3.3410,-2.3300,0.2623,1.0000
-0.7418,-0.1646,1.7556,-0.3132,1.4500,-1.0358,-1.4149,1.7444,1.0000
-3.4621,-1.8014,-1.6793,0.5669,-2.2855,-1.8218,1.0668,-0.4804,0.0000
1.7905,0.4323,-0.7492,-0.0738,-1.2191,-0.5447,-1.4999,0.5510,1.0000
0.8787,0.7686,1.3481,0.9711,1.6599,-1.2494,-2.4145,2.6569,0.0000
0.0871,1.5015,-0.7280,0.6633,1.9001,-1.8479,-1.1365,-0.5495,1.0000
2.2384,3.0700,-0.8312,-0.1114,-0.8035,-2.0817,0.1989,0.9468,1.0000
1.0243,-1.2150,-0.5243,-0.9435,0.0664,1.9485,-1.1334,0.2569,0.0000
-2.9065,-0.6188,0.5055,0.9932,4.4147,-1.0270,-1.1916,3.0714,1.0000
-1.0324,-3.1974,-0.6724,-0.4266,-3.5349,1.6306,0.4856,1.3820,1.0000
0.4754,-0.9880,-0.8578,-0.8481,0.0718,2.0004,0.0167,-0.4692,0.0000
-0.1001,-1.1722,-0.3902,0.6216,-1.9832,0.5609,0.2245,0.4680,1.0000
0.8517,-0.3283,-0.8139,-0.2759,-0.0833,0.4145,-1.0492,2.3453,1.0000
0.2404,-0.3050,0.3402,0.0046,-0.4137,1.5963,1.2771,-1.5904,0.0000
2.2003,1.4941,1.2853,0.2762,-1.9320,-1.4339,-0.7977,1.8244,1.0000
-0.0019,1.9217,1.1398,-1.8105,2.5035,-1.8204,-0.6749,-0.1204,1.0000
0.4129,-0.6022,-0.3886,-0.2252,0.3790,1.1440,-0.4789,-0.3533,0.0000
0.3006,0.8227,-0.4969,-1.0117,0.4520,-2.6152,-2.4626,-0.0985,1.0000
1.6874,-1.1717,1.3273,-0.4644,-3.8454,1.4252,0.1205,0.9024,1.0000
-3.0872,-1.8560,-0.0194,0.2742,1.1814,1.1574,1.6421,-0.4869,0.0000
0.5590,-0.8529,-1.3298,-1.2546,-1.5057,-0.2203,-1.3811,0.7689,0.0000
-1.1685,1.5658,-1.9299,-0.1896,2.3887,-4.8378,-3.1444,1.1120,1.0000
2.5608,1.8802,-0.2674,-0.6366,-0.5393,-1.5132,-1.7522,0.4344,1.0000
-2.6835,0.1711,-1.5892,0.1869,-0.2502,-3.1626,0.3913,1.2550,0.0000
2.6773,3.2156,-0.9602,1.4540,1.6943,0.2796,0.8862,-0.4609,1.0000
0.6731,1.2835,-0.8490,0.0726,1.3349,1.4466,1.9890,-1.0987,0.0000
-0.2208,1.4632,1.7770,0.4815,1.6923,-3.4654,-2.5309,0.2398,1.0000
3.7126,2.8776,2.5962,-0.2014,-0.5136,-1.8730,-2.0819,0.7749,1.0000
2.1419,1.0872,-1.7286,-0.2949,-0.5306,-0.9168,-1.8055,0.3813,1.0000
1.1955,-0.3335,1.8401,0.5152,-1.6938,0.5249,-0.4100,-0.3018,1.0000
-0.0165,-1.0581,0.6855,0.7614,-0.0654,0.2886,-1.2421,2.5382,1.0000
1.9834,2.2696,0.8860,0.9354,0.4422,-1.9037,-1.4637,0.2243,1.0000
1.5663,2.2751,-0.1377,-0.1135,0.9698,-1.5244,-0.8115,-0.0923,1.0000
0.0797,-1.0454,-0.9974,0.7820,-0.6566,-0.7187,-2.2070,1.1917,1.0000
2.1770,1.4167,-1.3921,1.4267,-0.1524,-1.3217,-2.0397,0.4743,1.0000
-3.9067,-1.7163,0.1962,-0.4630,-1.6087,-1.9571,1.2124,0.0554,0.0000
1.3631,0.2663,1.4729,-0.5787,-1.8308,-0.3132,-0.4884,0.8626,1.0000
