1,2,3,4,5,6
-0.0638,-2.3640,-0.5604,-1.2080,-2.1293,0.0000
0.8939,0.4468,1.8855,-0.5653,1.9657,0.0000
-0.7667,-2.0168,-0.0882,1.9469,1.8358,1.0000
1.0056,2.3488,-0.0948,-0.5960,-0.7987,2.0000
0.0242,2.5092,-0.8230,-2.1291,0.2537,2.0000
-1.4591,-1.3006,1.0808,0.7168,2.4259,1.0000
1.3534,1.3208,-0.0675,-1.4506,-1.2760,2.0000
2.1856,1.2145,3.7503,0.3944,-1.5396,0.0000
-0.2119,-1.9577,-0.6973,2.0936,-0.5356,1.0000
-0.5678,-0.4632,1.3141,-0.2526,-0.1362,1.0000
-2.1855,-1.4422,0.8878,2.8239,1.7244,1.0000
1.4055,0.2061,-1.7754,-1.8375,-0.5855,2.0000
0.0594,-1.2443,-0.2451,-1.2714,0.1604,0.0000
0.4433,-1.8311,-0.4375,1.0929,0.6917,1.0000
1.3376,-0.5863,2.0933,-1.4614,0.1155,0.0000
0.4203,-1.2753,-0.6544,-0.8192,-0.9290,0.0000
1.5756,-1.4422,1.3965,-1.1183,-2.2661,0.0000
2.5202,0.0739,-2.1513,-2.4515,-2.7894,2.0000
0.2982,-1.3534,0.3230,0.9928,0.9586,1.0000
-2.5982,-1.4979,0.9033,2.3452,1.7612,1.0000
1.6262,-1.0034,1.8174,-1.2660,-1.9367,0.0000
0.3003,1.4107,-2.2448,-1.4736,-1.4307,2.0000
-0.2786,2.6078,-0.3158,-0.7974,0.4587,2.0000
-5.4580,1.6568,5.0977,-0.6586,0.6504,1.0000
1.5881,-0.1902,1.3013,-1.4890,0.1043,0.0000
1.7162,-0.7919,0.6043,-1.2404,-2.0137,0.0000
2.5487,0.1198,-2.6644,-3.9964,-2.1186,2.0000
-1.3353,-3.1172,-2.4693,-0.8031,-0.8657,0.0000
-1.0535,-1.0694,1.0641,2.0672,1.3604,1.0000
0.9377,-1.0266,0.6702,-1.1457,-1.3458,0.0000
1.3747,-1.1929,2.5185,-1.3481,-1.3638,0.0000
-1.7271,0.4840,2.8006,-0.6034,0.3360,1.0000
0.3485,-1.9355,0.1989,-1.3315,-1.5089,0.0000
-0.6770,-2.1131,-0.7935,-1.2992,1.3018,0.0000
1.9344,0.8374,-1.5742,-1.6955,-1.6853,2.0000
0.1922,1.5239,-2.9258,-0.5963,-2.0760,2.0000
-3.9708,1.8519,5.7976,-0.9196,3.7957,1.0000
1.7849,1.5509,3.6759,0.5946,2.0466,0.0000
1.0971,-1.6339,1.6411,-1.5212,-2.4587,0.0000
3.2856,-0.5825,-0.5712,0.8032,-0.8197,2.0000
0.2486,-1.3948,0.0334,-0.1717,0.2073,1.0000
-0.9491,-1.4994,0.8751,-0.1203,3.0205,1.0000
0.2850,-2.0718,-0.0900,-1.0781,-1.6253,0.0000
-2.4694,-1.2935,1.0852,2.5430,1.5907,1.0000
-1.9210,0.1986,2.4541,-0.7569,0.1633,1.0000
1.0126,-1.4305,1.0227,-1.2500,-2.6231,0.0000
-2.7256,0.0610,2.6831,0.8533,1.0985,1.0000
-1.4948,-1.1111,1.4205,2.2255,2.5954,1.0000
0.5534,-2.1199,0.2704,-1.6717,-2.8303,0.0000
2.6260,0.7337,-0.7860,-2.5989,-0.5762,2.0000
1.7573,1.5908,0.0121,-0.0536,-2.0108,2.0000
-2.3570,-0.3596,1.9900,0.6148,0.8130,1.0000
-0.8008,1.2287,-4.3193,-3.1188,-3.7449,2.0000
-0.8424,-1.5570,-0.3354,2.7052,-1.3550,1.0000
2.0112,0.2782,0.9498,1.2627,-0.0417,2.0000
1.7345,1.2727,-0.6881,-0.2480,-0.4553,2.0000
1.0270,-2.2073,-1.1667,3.4616,-0.0687,1.0000
0.9483,-1.0060,0.3569,-1.5817,-2.8433,0.0000
1.8410,-0.7590,2.1545,-1.2720,-2.3501,0.0000
0.9773,-2.1525,-0.4974,0.2185,2.2443,1.0000
0.8011,-0.9154,1.3785,-1.6854,0.0228,0.0000
-0.5951,3.0320,-0.8854,-2.2454,0.5084,2.0000
0.1356,-1.4498,0.4459,0.7166,2.0080,1.0000
4.0301,3.5031,5.3525,-0.8950,2.8941,0.0000
0.4351,1.1781,-4.4198,-3.7105,-2.6987,2.0000
1.1720,-1.0636,1.5142,-1.5290,-1.0326,0.0000
1.0204,0.7821,-1.1003,-0.4475,-1.2590,2.0000
-0.8754,-1.4127,0.5395,1.5869,1.3540,1.0000
0.0007,-1.5719,0.8374,0.2108,3.9118,1.0000
1.2995,-1.4048,1.2351,-1.3168,-2.0089,0.0000
1.3411,-0.1115,2.2811,-0.4603,-0.2137,1.0000
1.1331,0.8257,-1.6736,-2.7594,0.6207,2.0000
0.0483,-2.3819,0.2751,-1.3821,-0.9342,0.0000
3.5150,2.0513,-0.2228,-0.9622,0.2870,2.0000
0.1629,0.2666,-1.9456,-1.3253,-0.1594,2.0000
0.5308,-0.8586,0.3448,-1.0636,0.2227,0.0000
-0.8078,-2.3284,-1.1753,5.3900,-1.0652,1.0000
1.7560,1.0540,-0.2083,-1.2954,-0.1911,2.0000
1.7741,-1.1017,0.6100,1.0120,-2.1586,2.0000
-0.6338,-1.0277,1.4936,1.4555,3.5530,1.0000
-1.9099,-0.8853,0.7744,2.1523,-1.3024,1.0000
0.6428,-2.2966,0.7042,-0.4907,-3.3652,0.0000
0.8887,-0.6344,0.7727,-0.2227,-2.4426,0.0000
2.5263,2.0695,3.2609,-0.2196,1.3285,0.0000
0.7981,1.6237,-1.5617,1.4595,-2.6131,2.0000
-0.4503,1.8165,2.7881,0.9892,0.6475,2.0000
0.0413,-1.2314,0.8672,0.5222,2.3578,1.0000
-2.5365,0.2371,2.1322,2.4362,-1.8029,1.0000
1.4139,2.5711,-1.7377,-2.7389,-2.3244,2.0000
2.8204,-0.6115,-2.6681,0.5465,-2.1705,2.0000
2.0112,0.6020,-1.9470,-1.9154,-1.6501,1.0000
0.9455,1.3187,0.8895,0.4285,0.2286,2.0000
-1.5966,-1.2216,0.7439,0.5515,0.7439,1.0000
0.4701,-1.0542,0.4704,0.0268,0.3989,0.0000
-0.0587,-1.6678,0.6886,-0.3409,-0.4685,0.0000
1.1936,1.4681,-1.6924,-3.4195,-1.3601,2.0000
2.5202,-0.0290,-2.4758,-2.4075,-2.4486,2.0000
-2.0908,-1.4464,0.4758,3.7692,0.1632,1.0000
-1.0645,-1.7103,-0.0200,0.9040,0.4068,1.0000
0.8206,0.9327,-3.8481,-3.7043,-3.0275,2.0000
1.5119,0.1631,2.1725,-0.7414,0.9942,2.0000
-0.9890,2.5664,-2.2525,-2.3801,-0.6004,2.0000
2.4773,0.3167,-0.0854,-0.1422,1.0489,2.0000
-0.9232,-1.4329,0.8739,0.0524,2.6635,1.0000
2.6790,-0.3890,-0.9510,-0.1289,-2.2683,2.0000
0.5168,0.6147,-1.4307,-0.7773,-2.1157,2.0000
-0.9033,-1.5141,0.5043,2.2719,1.4623,1.0000
0.3718,-0.9769,1.1535,-1.6519,2.7947,1.0000
-3.0553,-0.3328,2.6351,0.9535,2.8034,1.0000
-0.1543,-2.6805,-1.0845,-1.1013,-2.8400,0.0000
1.7058,0.3918,0.5513,-1.4146,0.1337,2.0000
2.0787,0.4241,1.4747,-2.0306,0.0916,0.0000
0.7402,-1.1824,0.8693,-0.5644,-1.3331,0.0000
0.0362,1.2248,-3.0013,-1.7565,-1.6240,2.0000
0.7591,-0.6512,0.7079,-0.6082,-0.1121,0.0000
0.5909,-0.3127,0.6364,-1.2928,2.4411,0.0000
2.3096,1.4125,2.6048,-0.5400,1.7217,0.0000
0.9971,-1.4363,0.5396,0.8294,3.0383,1.0000
-1.5695,-5.3465,-2.1139,-2.2835,-3.9289,0.0000
-0.8292,-0.8900,1.1734,1.3566,1.3357,1.0000
1.3102,0.2359,1.7879,0.4375,-0.7699,0.0000
1.0950,-3.5945,-2.3277,3.6735,2.1340,1.0000
-0.5293,-1.2942,0.5630,2.2790,1.1265,1.0000
1.4455,-0.5914,1.7980,-1.4987,0.1772,0.0000
0.6610,1.8500,1.7175,-0.5895,2.4326,2.0000
1.0753,-0.0096,-0.2992,1.6111,-1.1582,2.0000
2.2521,1.4160,-1.9747,-2.7456,-2.1345,2.0000
1.9521,-0.4336,3.5486,0.2606,-1.6741,0.0000
1.5280,2.1752,-0.8239,-1.4652,0.0659,2.0000
2.3668,1.3772,2.9444,-0.4709,0.1717,0.0000
2.5578,-1.3758,-1.0462,0.3693,-1.5632,2.0000
0.6667,-2.8042,-1.6299,1.8952,0.7111,1.0000
2.4620,0.1604,2.9624,-0.7669,-2.3659,0.0000
0.7929,2.1575,-1.0029,-1.8400,-0.4776,2.0000
1.8303,-0.2783,1.2238,1.6509,1.1257,2.0000
-1.1058,-0.4370,2.0908,-0.3560,2.5329,1.0000
-0.2722,-2.8121,-0.3242,-1.6209,-2.5707,0.0000
1.2456,-0.6664,1.2377,-0.4444,-0.4530,0.0000
1.4148,-0.3923,2.4745,-0.2598,-1.2757,0.0000
-0.8714,-0.5769,2.3465,-0.7950,4.4340,1.0000
0.7426,-2.2929,0.7915,-1.2076,-2.0543,0.0000
-1.0632,-1.1994,0.3848,1.0452,-0.6177,1.0000
-0.8835,-2.6083,-2.2419,-0.5732,-0.3931,0.0000
1.3551,0.4266,-0.0591,0.0393,-1.7073,2.0000
-3.2881,-0.7427,1.8158,0.1811,1.0935,1.0000
2.9912,-0.7413,2.2264,0.9351,1.4346,2.0000
-2.1749,-1.0338,0.7757,4.2442,-0.7849,1.0000
-1.4667,-0.9034,0.8675,0.0666,-0.5138,1.0000
1.4497,-2.2083,-1.1257,2.1330,0.5808,1.0000
1.4340,0.8583,0.3091,-0.4895,-1.6235,1.0000
0.8561,-1.5171,-0.3940,-0.7523,-0.5107,1.0000
2.4574,0.7294,-1.7204,-1.6067,-1.0230,2.0000
-1.1025,-1.6111,0.2331,2.7540,0.7446,1.0000
0.4159,-1.9569,-0.7057,2.2197,0.0624,1.0000
0.8925,0.4001,0.5856,-0.4285,1.3663,2.0000
1.2651,-0.4364,1.7891,-0.6190,-1.7402,0.0000
-0.1318,2.0281,-3.7334,-1.0500,-2.3091,2.0000
0.4301,-1.4082,-0.3457,-1.0693,-1.6608,0.0000
-2.6096,-0.1751,2.0311,-0.1435,-0.2630,1.0000
0.0589,-1.8706,0.0978,0.2294,2.5892,1.0000
2.2169,0.7675,4.3355,-0.3968,0.3037,0.0000
2.1384,0.0045,-1.9391,-1.3093,-1.1551,2.0000
1.5840,-1.1389,2.2049,-1.4727,-2.5029,0.0000
1.5498,0.9834,-3.0826,-1.3742,-2.9299,2.0000
0.9452,-1.2811,0.3565,-0.5600,-2.8649,0.0000
-0.2440,-1.6235,-0.1949,2.1933,-0.0608,1.0000
0.3803,-2.7761,0.7088,-1.0903,-4.9297,0.0000
0.1382,-1.2891,-0.6009,-0.7408,2.8445,0.0000
-0.4041,-1.5633,0.1772,0.7008,1.0255,1.0000
-0.5967,2.0625,1.3145,0.8226,0.0640,2.0000
0.7497,1.5049,-0.0972,-1.1689,-3.0956,2.0000
-1.6405,-0.2135,2.0692,0.0994,0.9352,1.0000
0.5008,-1.7546,-0.4954,-0.5266,-3.9513,0.0000
0.9604,-0.1872,2.2989,0.2881,-0.3712,0.0000
1.3022,-1.5217,-0.7676,-0.5691,-1.5658,1.0000
-1.3106,2.3990,-4.1819,-4.9529,-2.4073,2.0000
1.6047,0.2286,1.5297,-1.1018,0.2528,0.0000
1.0851,-2.3499,0.8538,-1.2838,-4.5493,0.0000
0.6486,1.2871,-0.3892,-0.5735,0.3075,2.0000
0.6125,0.7511,-3.3548,-3.5680,-1.7324,2.0000
1.8320,0.0039,-2.2489,0.1670,-1.3758,2.0000
0.0206,1.7263,-2.0005,-3.0368,-1.4444,2.0000
2.4038,0.5322,-3.3908,-2.8434,-3.3820,2.0000
1.2327,1.3046,0.3442,-1.9416,0.1275,2.0000
1.9125,-0.3187,1.5534,-1.4506,-3.4736,0.0000
-0.1888,1.1118,-2.1513,-0.8012,-1.9540,2.0000
0.3463,0.1253,-0.4638,0.5378,-2.0391,2.0000
-0.1298,-2.6627,-0.1323,-1.1150,-2.5473,0.0000
0.7920,-1.1017,1.1731,-1.9176,-0.5760,0.0000
-2.1206,-0.4908,2.1213,2.1089,2.0454,1.0000
-1.9335,-0.7346,1.5963,-1.0978,1.3869,1.0000
3.0968,1.1707,-0.6815,-2.9507,0.0270,2.0000
2.7344,0.2920,4.0250,-0.4766,-3.9436,0.0000
-0.2986,-1.1706,-0.4036,-0.3240,0.6822,0.0000
0.3938,2.8247,-1.5311,-2.3665,-0.9603,2.0000
-0.5963,2.3600,-0.6488,-2.4842,-0.9675,2.0000
2.1410,-0.2399,1.4197,-2.2156,-3.6356,0.0000
0.3336,0.1909,-1.5592,-1.2892,-1.5664,2.0000
2.0469,-0.0531,1.9541,-0.1270,-2.2003,0.0000
1.7916,-0.0951,1.5331,-0.4187,-1.2592,0.0000
0.3816,-1.7319,-0.2757,2.7733,0.5645,1.0000
1.5272,0.9005,0.0335,0.6297,-0.8418,2.0000
1.7357,-2.3864,-0.7513,1.6813,3.1532,1.0000
1.9073,0.3706,-2.7928,-1.5581,-1.7436,2.0000
0.4332,-1.3733,1.0404,-1.5237,4.2293,1.0000
1.0269,-1.1276,0.4624,-1.1831,1.2793,0.0000
1.9193,0.6627,0.1372,-0.2992,-0.5324,2.0000
-1.1831,-1.3867,0.4563,1.8713,0.6435,1.0000
1.1190,-1.7600,-0.2047,-0.9798,1.5990,1.0000
-1.4207,-1.0181,1.2475,1.1821,1.8077,1.0000
-2.9062,0.5296,3.1032,1.9063,0.4835,1.0000
-0.5709,-2.4018,-0.9720,-0.7243,-0.6626,0.0000
3.0631,-0.4637,1.9260,0.8464,-0.1320,2.0000
2.9399,1.0325,2.5856,-0.7702,-1.7828,0.0000
2.3034,0.7758,2.2178,-0.9931,-0.5230,0.0000
1.2734,-0.8058,0.4122,-0.8664,-1.7811,0.0000
1.6374,0.6711,1.0510,-0.0470,-0.8875,2.0000
-2.7994,-0.1634,2.3453,-0.5904,0.8517,1.0000
2.6134,2.3994,4.1242,0.0823,1.7760,0.0000
0.6268,1.7389,0.4675,-0.5176,0.3240,2.0000
-0.2925,2.2087,-0.7493,-1.5997,0.4661,2.0000
-0.1523,-1.6475,-0.1123,1.0016,0.4658,1.0000
-0.6629,-4.1285,-0.7773,-0.6011,-5.0023,0.0000
2.3795,0.1041,2.5368,-1.6454,-2.5430,0.0000
-4.9865,-0.0665,3.0881,0.5992,1.3370,1.0000
-0.2445,-2.7819,-0.8096,5.3888,3.0818,1.0000
0.4862,1.1186,-1.0323,-2.2083,0.8320,2.0000
2.0442,0.4716,1.8549,-1.0315,-1.3768,0.0000
1.1515,-2.0922,1.2339,-0.9852,-5.2574,0.0000
1.6282,-0.5427,0.4090,-1.7833,0.1878,0.0000
-0.6844,-2.0341,-1.5580,-0.9388,1.3667,0.0000
3.0510,-1.3771,-2.6280,-1.4031,-2.2587,2.0000
-2.3667,-0.4881,2.3274,2.6027,2.5021,1.0000
-0.1700,-2.6106,0.2005,-1.0016,-0.5987,0.0000
0.3781,0.9621,-2.1970,-1.3403,-2.6783,2.0000
1.3852,-0.7557,1.2576,-1.2673,-0.8125,0.0000
2.6427,0.6809,-1.3434,-0.0215,-1.4527,2.0000
1.1298,-1.4950,-0.3205,-1.0688,-3.0198,0.0000
-0.6362,0.3024,-2.9677,-0.1738,-2.6925,2.0000
0.4327,2.2500,0.3135,-0.2944,-2.2073,2.0000
1.6302,-2.3206,-1.8748,2.7157,-1.8782,1.0000
1.6122,0.4968,-0.4650,0.6626,0.0008,2.0000
1.7597,0.5793,-2.0156,-3.3762,-2.6657,2.0000
-0.4617,-2.8714,-1.9707,-1.0032,-2.0933,0.0000
1.3421,0.0785,0.0472,1.4254,-0.8927,2.0000
-0.9674,-1.0045,1.3079,0.7006,2.2478,1.0000
-0.8523,-0.6404,1.6278,0.9762,1.9570,1.0000
1.6720,1.3905,-2.2720,-2.8990,-0.4151,2.0000
1.9455,1.1328,0.2749,-1.2024,-2.3779,2.0000
0.4823,-0.8016,1.4234,-0.1318,0.8430,0.0000
-2.6481,0.4854,3.4883,0.1069,2.5528,1.0000
-0.3546,-1.2079,1.0251,0.6060,2.7477,1.0000
1.1316,-1.6866,-0.2109,1.2755,1.3385,1.0000
0.5985,0.8445,-1.1351,-1.4663,-1.8050,2.0000
-1.3354,-1.1150,0.6190,0.5671,-0.3034,1.0000
0.5101,-1.6855,2.1408,0.1484,-2.4041,0.0000
0.2829,-1.2656,-0.0944,-1.4541,1.0529,0.0000
0.9962,-0.5015,0.0614,-1.0903,-0.5271,0.0000
1.1176,-0.6190,1.6105,-0.4032,-0.2590,0.0000
-0.0223,-2.7243,0.2464,-0.0660,-2.3914,0.0000
0.2732,-1.9974,-0.5729,1.8055,0.8133,1.0000
1.1410,0.1546,-0.9379,0.0037,-1.8441,2.0000
-5.0017,-0.0597,3.0238,1.6312,1.2847,1.0000
1.4653,-0.3402,-0.0530,-1.5809,-1.5871,0.0000
0.0502,-1.2243,0.0399,0.0850,-0.7916,1.0000
1.3290,-0.7834,0.5969,-1.2357,-2.0223,0.0000
0.1114,-2.4403,-0.5309,0.9511,3.0175,1.0000
1.0231,-2.9238,-2.0872,4.3520,-0.3306,1.0000
1.9039,-0.0307,1.9363,-1.5579,-0.4937,0.0000
-0.5295,-1.9805,-0.7961,3.1807,-0.9731,1.0000
-0.8368,-2.8567,-1.9100,-1.4964,-1.2969,0.0000
0.7684,1.2940,-1.6429,-1.9351,-0.8627,2.0000
-0.2138,-2.0883,-0.5024,4.6356,0.9259,1.0000
2.9255,-0.6602,0.4837,2.4151,-1.3652,2.0000
2.7022,1.3340,3.8239,-0.2844,0.6123,0.0000
0.3370,-2.1719,-0.7113,1.1351,0.8759,1.0000
2.8332,2.3518,3.4424,-1.0428,2.2324,0.0000
1.0184,-0.6371,1.2533,-0.5375,-2.1899,0.0000
-0.0436,-2.5862,0.7793,0.3925,-2.1316,0.0000
-1.4342,-0.5828,1.7217,0.4321,1.4492,1.0000
-1.9256,-0.2304,2.1594,2.0700,1.2724,1.0000
1.8638,0.4844,2.8560,-0.1811,-1.3577,0.0000
-2.8391,-0.6736,1.6499,-0.2734,0.3933,1.0000
-1.3433,-1.3245,0.6414,0.8325,0.8323,1.0000
0.8809,0.2303,-2.6767,-0.5539,-2.2446,2.0000
-4.2387,0.6643,3.5387,0.2988,0.3588,1.0000
-3.0880,0.6075,3.8177,0.8515,2.7494,1.0000
-0.0326,1.5036,-1.5652,-1.3857,0.0313,2.0000
1.3956,1.1448,1.6125,0.2106,-0.2973,2.0000
1.1472,-2.2501,-1.0922,0.0574,0.5314,1.0000
1.7412,-0.3656,3.0470,-0.3418,-0.9383,0.0000
1.3435,-1.5995,1.6586,-1.1881,-2.3366,0.0000
-2.6208,-0.6105,1.5121,0.0959,-0.2112,1.0000
0.8933,-1.4976,0.6632,-1.4162,-0.8996,0.0000
1.6812,0.8870,-2.1181,-0.3414,-0.3419,2.0000
1.6761,-0.0265,1.5037,-0.7241,-0.0566,0.0000
0.6203,0.9851,-0.6951,-1.8830,-0.3685,2.0000
-1.7187,2.1594,0.5664,0.8166,-0.9971,2.0000
-0.8437,-0.2844,1.9913,1.3530,1.7043,1.0000
-1.5802,1.7078,-1.6749,-1.2279,-0.5426,2.0000
0.9718,1.4961,-1.3806,-3.1428,-0.6793,2.0000
1.7486,-0.0910,1.9076,-1.7565,0.2815,0.0000
0.8794,0.6405,2.1491,0.1337,1.0069,2.0000
0.6118,-0.7020,0.8084,-0.4813,1.5739,0.0000
0.4482,-1.4854,-0.2155,1.8767,-0.3102,1.0000
1.1696,-1.2671,0.8365,-1.0549,-1.5709,0.0000
1.4495,2.8273,1.7153,-1.4163,-0.2436,2.0000
1.0751,-0.0052,-2.9295,-2.0880,-1.7192,2.0000
0.4925,-1.5381,0.1579,-1.8400,-0.6815,0.0000
-0.2921,2.6237,-0.4167,-1.5596,-1.6103,2.0000
2.1507,1.2831,-1.8593,-2.3910,-1.0254,2.0000
1.6886,0.8136,-0.1353,-0.6449,1.5867,2.0000
-2.1858,-1.1178,1.7146,1.3240,3.6170,1.0000
-0.8593,-2.3238,-0.9070,2.2105,-0.0389,1.0000
1.6478,1.9160,-0.9591,-2.7964,-0.4089,2.0000
1.0322,-1.3011,2.1289,-1.5988,-1.0985,0.0000
2.8804,0.6739,1.0343,0.3298,-2.5911,2.0000
-0.1541,3.0222,-2.6993,-2.6223,-1.3593,2.0000
0.4578,2.2794,-0.6610,0.8733,-1.7379,2.0000
-2.2315,-1.8889,0.1333,3.4997,0.8737,1.0000
0.7208,1.1027,-1.2325,-0.6107,-1.2408,2.0000
0.7329,-2.1011,-0.2033,-0.8862,-1.6179,0.0000
-1.7733,-0.3870,1.9324,-0.8806,1.1861,1.0000
1.7065,1.2585,-0.7230,-2.0240,-0.5928,2.0000
1.1764,-1.1863,1.3858,-0.4216,-2.0332,0.0000
1.1133,0.4837,-3.3054,-2.0167,-0.8499,2.0000
-0.7334,-1.6008,0.3782,-0.3839,1.5610,1.0000
-2.5854,0.0522,3.3967,-2.4443,4.2249,1.0000
1.5339,-0.3209,1.7856,-0.2375,-1.2201,0.0000
0.2605,1.3908,-3.5989,-1.3686,-3.0245,2.0000
-1.9194,3.9552,-3.1135,-3.2218,-1.6695,2.0000
-0.2428,-0.9124,0.9144,1.5875,0.8377,1.0000
0.3809,-1.5535,0.1263,-0.7310,0.5032,0.0000
1.4150,-0.7774,2.0838,-1.1313,-0.9795,0.0000
0.9000,2.3525,-0.0211,-3.5420,1.6406,2.0000
2.6576,-0.8791,0.0287,-0.2209,-0.3629,2.0000
1.3489,-0.4290,2.0498,-0.7006,-1.0653,0.0000
2.1195,0.4380,-0.0323,0.0663,0.6723,2.0000
-0.6524,1.3162,-1.8360,-2.7877,0.5273,2.0000
1.2575,0.9591,1.8100,-0.8536,2.2586,0.0000
1.2520,-1.7696,-0.4033,0.7370,1.0547,1.0000
-0.1135,-3.0871,0.6248,-1.2337,-1.6332,0.0000
-0.0721,-2.2694,-0.4519,2.9665,2.1958,1.0000
1.3864,0.8294,-0.1104,-1.3743,0.1729,2.0000
1.1572,-2.0691,-0.0288,-1.9743,-3.2501,0.0000
0.2663,-0.9128,0.7507,-0.5897,0.7256,1.0000
1.9354,0.0840,-0.4549,0.0346,-1.5423,2.0000
-0.6525,-0.6924,0.7539,1.4173,-1.2420,1.0000
-2.8447,-0.7198,1.7696,1.0242,1.1353,1.0000
2.6420,0.0193,2.2331,-1.6626,-4.3281,0.0000
0.9958,2.7038,1.1297,0.2704,0.9698,2.0000
1.0011,2.4295,-0.2258,-2.0877,1.4411,2.0000
1.2297,1.2933,1.9161,0.7465,0.3819,2.0000
1.0651,-1.1979,0.3550,2.4605,1.2418,1.0000
1.2302,-0.8662,1.7748,-0.7055,0.3861,0.0000
-0.2125,-2.1365,-0.9311,3.6948,-0.6113,1.0000
-0.9530,-2.0851,0.8046,1.3183,5.7579,1.0000
-0.0582,-2.3923,-1.0075,2.5878,0.2174,1.0000
-1.7160,-1.2201,0.9713,2.0556,1.5031,1.0000
2.1354,-2.8465,-2.0068,3.5731,0.5256,1.0000
0.0235,-3.7428,-0.5756,-1.9799,-4.6156,0.0000
-1.4039,-2.6694,-1.2921,0.9191,-0.2910,1.0000
-1.8067,-0.6255,0.9384,1.8939,-1.8179,1.0000
-0.2787,-3.8151,-0.4518,-1.3317,-3.2537,0.0000
1.9027,0.9479,1.9146,-0.7355,1.8378,0.0000
-1.6015,-1.5345,-0.0167,2.1216,-1.0493,1.0000
0.8121,0.3045,1.0538,-1.0538,2.3701,0.0000
1.8580,1.0366,-3.9612,-2.4440,-1.5571,2.0000
1.4993,-2.1556,1.4745,-0.9524,-4.9135,0.0000
0.2524,-1.7739,-0.8998,4.5051,-1.9189,1.0000
0.7816,-1.5902,0.9949,-1.6226,-1.2706,0.0000
2.5371,0.7383,3.2556,-1.0184,-0.2056,0.0000
-3.5075,0.2653,2.8563,0.9692,0.2198,1.0000
-2.5007,-0.1398,3.0870,-1.7105,4.0315,1.0000
0.0949,-2.7747,0.1336,-1.0210,-2.7862,0.0000
-2.8032,1.2735,4.2822,-2.5400,1.5301,1.0000
0.7198,1.7541,-1.2914,-0.4778,-2.4368,2.0000
2.1334,0.3320,3.3545,-0.2628,-1.2580,0.0000
0.9016,1.0514,-2.1592,-0.7859,-0.7806,2.0000
-0.5429,-2.3778,-0.5911,-0.3689,-0.0317,0.0000
-0.3052,-1.4669,0.3848,0.3436,1.4221,1.0000
3.2713,-0.8715,-0.0584,1.8258,-1.5254,2.0000
2.0559,0.7001,3.1644,-0.1854,-0.4977,0.0000
0.5377,-1.9375,-0.6804,2.7289,0.1458,1.0000
-2.9470,0.1877,3.3245,0.8888,2.8258,1.0000
-1.4381,2.1366,-0.8055,-0.4280,0.4349,2.0000
-0.3677,-2.9104,-0.5212,-1.6072,-2.1470,0.0000
0.4639,1.3863,-1.8768,-3.1404,-1.9269,2.0000
0.3812,0.9427,-0.4452,1.5377,-1.0305,2.0000
2.6518,-1.7346,-0.5719,-0.8540,1.3147,1.0000
2.0367,-0.0652,0.9184,1.9395,-0.3215,2.0000
0.4788,-1.1283,0.6460,0.0105,1.4419,1.0000
-0.7604,-2.2738,-0.8142,4.6294,0.1501,1.0000
2.4248,-0.6223,0.0129,-0.4163,-1.0887,2.0000
-1.4285,2.9192,0.9937,0.5486,0.2486,2.0000
-0.2593,-1.4969,0.0806,0.5299,0.3498,1.0000
1.5956,-0.8813,1.2897,-1.2872,-2.3144,0.0000
-0.4347,-2.0686,-0.5618,-0.3700,0.4166,0.0000
0.2955,-1.3003,-0.4224,-0.8304,1.2467,0.0000
1.0699,-1.5090,0.7527,-1.8596,-0.5998,0.0000
2.2668,1.3006,1.9989,-0.1662,0.4542,0.0000
1.3835,-1.2372,1.4594,-1.2452,-1.9174,0.0000
-1.4064,0.2749,1.4463,0.7088,-3.8684,1.0000
-0.3134,-0.4165,1.8878,-0.5649,2.3614,1.0000
-3.6815,-0.2832,2.0372,-0.3159,-0.7865,1.0000
-0.8437,-0.6635,1.4989,1.7078,1.5525,1.0000
1.1719,0.9589,2.6276,1.2296,-0.2856,2.0000
-1.1921,-1.2334,0.4124,1.6408,-0.2190,1.0000
-0.1448,-2.2536,0.7429,-1.1050,-1.6409,0.0000
-1.4128,-0.9137,0.7301,3.5296,-0.8164,1.0000
1.2781,-0.6628,1.4714,-0.6282,-0.6174,0.0000
-0.5055,-3.4120,-1.6626,-1.4703,-2.3105,0.0000
1.7583,2.0093,-1.3827,-2.4553,-0.4053,2.0000
0.9207,-1.6447,1.0333,-2.0919,-2.9115,0.0000
-1.1959,-0.0873,2.2713,-1.1071,1.5914,1.0000
-0.8972,2.1195,-2.7844,-2.1442,-2.3503,2.0000
-1.2810,-1.4360,0.0110,1.0272,-1.1959,1.0000
0.9000,0.5813,-2.1467,-2.0914,-0.6789,2.0000
0.3542,0.6643,-0.8727,-0.2110,-1.4728,2.0000
0.4537,-0.5588,0.9153,-0.3266,0.9319,0.0000
0.8363,-0.6691,-1.1317,0.9200,-2.7381,2.0000
-0.1306,0.9708,0.6048,1.1631,-0.5477,2.0000
0.6847,-0.4347,0.5013,-1.0344,0.9630,0.0000
1.5729,0.3653,-1.7566,-0.1608,-4.8139,2.0000
-0.5389,-1.4153,1.0049,0.0915,3.4451,1.0000
2.0063,1.2663,2.9965,0.7142,-0.9511,2.0000
-1.3009,-0.0232,1.7702,0.1471,-0.9217,1.0000
0.8692,1.5982,0.0171,-0.3649,0.1088,2.0000
1.6155,0.7538,-1.2099,-2.4055,-1.6916,2.0000
-0.0999,-1.7555,-0.3485,-0.6152,-0.5782,0.0000
1.5969,-0.6651,-0.7205,-0.0394,-0.7285,2.0000
-0.6276,-1.9972,-1.5709,-0.9498,-0.5645,0.0000
0.8842,-0.9239,1.1326,-0.4751,-0.9923,0.0000
-0.1023,-0.5221,1.3423,-0.7797,0.8296,1.0000
1.8222,0.5785,-1.3501,-1.3610,-0.7790,2.0000
-0.2817,-1.4841,0.1634,1.7309,0.6757,1.0000
2.8973,-1.1507,-1.3465,-1.2415,-0.0678,2.0000
-2.3576,-0.2537,1.5802,1.6346,-1.5334,1.0000
-1.3463,-0.2558,1.9103,1.2967,0.6893,1.0000
-0.2438,-2.6416,0.2300,-0.8178,-2.5774,0.0000
-0.1918,2.5717,1.0256,0.4644,-0.5073,2.0000
0.0738,-2.3607,-0.7597,3.5453,1.5941,1.0000
0.9163,-1.9323,1.2395,-1.2052,-0.1030,0.0000
-0.3398,-2.3890,-0.0018,-0.8898,-0.9150,0.0000
0.1340,-2.1408,0.9060,-0.1347,-1.9725,0.0000
-1.5448,-0.5179,1.3486,1.4290,-0.3961,1.0000
-2.3551,-0.7618,1.6795,-0.4860,1.3631,1.0000
-0.6973,1.4225,-3.2632,-2.6382,-0.6080,2.0000
0.6214,-2.1853,-0.8331,2.2185,0.8180,1.0000
1.3261,0.3453,1.0429,-0.8696,1.7901,0.0000
-0.6352,0.6476,2.6948,0.2829,-0.0033,1.0000
0.8423,-2.7576,-1.3438,2.4321,1.8171,1.0000
-0.4120,2.5995,-3.3072,-3.8187,-0.3074,2.0000
0.0319,1.3493,-0.2807,-1.7321,0.8974,2.0000
0.9071,2.2073,-1.8299,-2.7147,-1.5750,2.0000
2.4278,0.6505,-3.2106,-2.5604,-3.4495,2.0000
2.9254,-1.0991,0.8058,1.6451,0.0764,2.0000
2.4924,-0.0905,2.5967,-1.7573,-1.6897,0.0000
-2.8811,-1.0515,1.1935,3.9705,0.4136,1.0000
-0.2940,-0.4679,1.7740,3.1025,2.0921,1.0000
-2.1541,-0.3721,2.1118,0.4568,1.5323,1.0000
-0.5620,-1.6136,-1.5872,-1.1842,0.3652,0.0000
0.0302,-1.5130,-0.0625,-0.4728,0.1098,1.0000
2.0542,1.2856,-1.7582,-2.4187,0.8826,2.0000
1.9874,-0.1713,2.1979,-0.9517,-3.2396,0.0000
-0.6785,-1.0056,1.0545,0.8686,1.5913,1.0000
-0.1373,-1.2676,0.4545,1.8581,0.8465,1.0000
1.0190,2.5867,-1.8596,-4.7561,-0.0838,2.0000
0.1706,-2.8940,-0.6569,-1.1336,-3.0253,0.0000
1.5479,-0.7624,1.8319,-0.9759,-0.6617,0.0000
-1.5982,-0.9706,0.8891,2.9394,-0.2798,1.0000
0.7765,-2.6939,-1.4235,-0.2378,1.1495,1.0000
-0.0200,-1.7056,-0.6872,-1.3164,-0.8782,0.0000
1.3362,0.0140,0.9328,-1.3111,0.8384,0.0000
2.2089,0.8404,3.3712,-0.6576,-0.9979,0.0000
-1.2804,1.9101,-0.8234,0.0413,-1.5970,2.0000
0.7092,-2.3175,0.0124,-0.6775,-3.2906,2.0000
0.1773,-1.7595,-0.1087,0.8278,1.2678,1.0000
2.8381,-0.0040,-2.9884,-0.7305,-2.8252,2.0000
-0.1439,2.1801,-1.5533,-2.2204,0.3153,2.0000
1.0792,0.9011,-1.6560,-2.1156,-1.7866,2.0000
0.6404,2.1543,-2.5117,-2.4837,-1.7325,2.0000
-1.4191,-0.3710,1.6115,1.5615,-0.0292,1.0000
1.0461,1.4759,-3.0316,-2.1580,-1.1392,2.0000
-0.5529,3.1163,1.7877,-1.0937,1.4003,2.0000
2.1192,-2.2226,-1.1585,2.1547,0.9860,1.0000
0.6099,-2.9318,0.0485,-1.4270,-4.1504,0.0000
-1.6149,-0.0991,1.7747,0.8363,-0.7412,1.0000
1.4238,-1.4574,1.2161,-1.5043,-1.5807,0.0000
2.7570,0.1552,3.5625,-1.7265,-0.6605,0.0000
0.6353,0.6740,2.3086,1.0483,1.4054,2.0000
0.9787,-1.8400,0.3386,-1.4697,-2.7290,0.0000
2.6723,0.0406,3.6803,-1.3733,-2.9051,0.0000
-0.5373,-1.4570,0.4484,1.7943,1.4114,1.0000
1.2541,0.3677,-1.5341,-3.1416,-1.4389,2.0000
1.4418,-0.7509,1.7548,-1.3756,-1.1590,0.0000
2.2379,0.8116,-1.5254,-1.2194,-2.0250,2.0000
1.4322,-0.2221,2.1633,-0.2586,-1.4916,0.0000
2.3534,1.2590,-1.5119,-3.3803,-1.1720,2.0000
0.4228,0.8211,-0.2854,-0.5888,-0.2423,2.0000
-0.0444,-1.9212,-0.0634,0.5629,2.1145,1.0000
1.2892,2.4863,-2.3499,-2.5166,-1.4669,2.0000
0.2892,-1.4768,-0.5659,-0.9253,1.0419,0.0000
-0.2543,0.3366,1.5132,1.6449,0.8130,2.0000
2.0444,0.1685,-3.4265,-0.4978,-3.2437,2.0000
0.1825,-1.2243,-0.0461,-1.4294,-0.0413,0.0000
0.6142,2.2951,-0.5422,-1.5233,-0.8107,2.0000
2.4739,1.9610,3.0073,-0.8767,2.6195,0.0000
-0.7314,-1.5714,0.3803,1.3768,1.6404,1.0000
-3.3992,-0.6404,1.7422,2.3013,0.1766,1.0000
0.1678,-0.7939,0.1021,-0.5928,0.9476,0.0000
-3.2722,0.2996,3.2477,0.2044,1.8469,1.0000
1.7668,0.5623,2.7249,-0.9600,1.0394,0.0000
1.3086,-1.6263,2.3196,-1.0361,-1.8441,0.0000
2.9132,1.7885,4.4073,-0.3371,-1.2993,0.0000
0.4257,0.4175,0.0727,0.6677,-1.5869,2.0000
-1.0419,1.6910,-2.6360,-1.8587,-2.6483,2.0000
-1.3774,-3.6573,-1.4099,-0.9811,-1.4815,0.0000
-0.6363,-2.5097,-0.3762,3.5795,3.0770,1.0000
-1.7754,-0.6217,2.3477,1.1756,3.8438,1.0000
0.0345,-1.3122,0.2245,0.8884,0.2670,1.0000
2.4752,-0.1993,-3.9694,-1.6387,-3.9834,2.0000
-1.8846,-1.7991,0.5631,2.6192,2.5642,1.0000
0.5532,1.0692,1.2401,-0.2114,0.1108,2.0000
-0.4335,-0.3129,2.0294,-0.2886,2.2032,1.0000
0.2377,1.0596,-3.1692,-3.0069,-2.5245,2.0000
1.9252,0.6761,4.0873,1.0398,-0.3650,0.0000
0.1362,-2.2515,-0.2381,-0.9145,-2.1487,0.0000
0.5166,-2.0333,-0.7090,-1.3029,-1.7877,0.0000
1.9238,0.0282,2.1647,-0.5208,-0.8115,0.0000
2.2111,0.6598,-1.8674,-1.2039,-2.7345,2.0000
-0.4601,-1.2080,0.2448,3.1776,-0.5223,1.0000
1.4730,-0.2252,2.5422,0.1765,-0.1278,0.0000
3.5537,1.9638,4.2351,-0.3665,-1.4324,0.0000
0.6206,1.1389,-0.6848,-2.0369,0.2683,2.0000
-2.3394,0.6010,3.5203,-1.2744,2.2141,1.0000
0.3697,1.3497,-1.1678,-3.7671,-2.0661,2.0000
-0.4205,-3.2789,-1.4677,-2.6343,-0.8337,0.0000
-2.3855,-0.7117,1.3985,0.7353,-0.0541,1.0000
0.0043,-1.6892,0.5544,-1.1916,1.5095,0.0000
-0.7500,-4.3396,-1.7055,-1.8418,-3.8244,0.0000
0.7180,2.0017,-0.7957,-1.3877,0.3002,2.0000
-1.2592,0.6883,2.7090,-1.7189,-0.5925,1.0000
1.9355,-0.1858,-1.1793,1.2035,-2.5632,2.0000
-1.1555,-1.8164,0.5354,1.4738,3.0711,1.0000
1.1165,1.8365,0.4299,-2.3364,3.3663,2.0000
1.1293,-0.0943,1.4681,-0.8441,-0.7723,0.0000
1.8867,0.6430,2.0911,0.7426,0.5886,0.0000
1.1485,-1.5807,1.7782,-0.3908,-2.4296,0.0000
-1.4437,-1.5452,-0.2329,5.1564,-1.8311,1.0000
1.8849,0.1318,2.0473,-0.4684,-1.4040,0.0000
-0.3031,-2.1027,0.4207,-0.7304,-0.5687,0.0000
-0.2976,0.7992,-1.1463,-2.7439,-2.2896,2.0000
2.2004,0.2459,2.8919,-1.1711,-0.5072,0.0000
1.4538,-0.3958,1.7006,-0.5148,-0.8043,0.0000
-0.5023,3.7480,0.6042,-2.0487,-0.3183,2.0000
0.5831,-1.8094,0.4781,-0.8861,-1.7066,0.0000
1.4762,1.0367,0.1981,-0.8032,1.3201,2.0000
1.8409,0.1299,3.1060,0.3156,-1.8841,0.0000
1.9536,2.7189,1.1914,-1.4411,1.1058,2.0000
0.2026,-1.5966,0.2391,-2.3291,1.9647,1.0000
1.6099,1.5971,-0.0336,0.1227,-2.4380,2.0000
0.4035,-2.7236,-0.8717,1.1508,3.0902,1.0000
-0.3840,-1.7027,0.2042,2.5460,1.7406,1.0000
0.3607,-1.2121,0.6205,-1.2111,1.8242,0.0000
1.8278,-0.7987,2.0294,-1.2247,-2.6922,0.0000
0.0137,-2.1441,-0.2302,2.9949,2.5507,1.0000
-0.7015,-4.1310,-2.5732,-2.7086,-3.5792,0.0000
0.7489,1.6679,-3.3926,-2.5731,-3.4719,2.0000
2.1757,-0.9402,3.6383,-1.4537,-3.3690,0.0000
0.9780,-0.8798,0.8678,-0.0607,-1.6760,0.0000
-0.6884,-1.3316,0.7411,0.6056,1.9422,1.0000
0.8493,-0.8715,-0.5150,2.9483,-4.2407,1.0000
1.2746,-1.4397,0.4167,-2.8746,-0.8469,0.0000
1.3314,1.5177,0.8173,-0.9051,0.1562,2.0000
0.8732,0.7689,-0.2718,-0.1710,-0.3075,2.0000
0.6759,0.3565,-1.5136,-2.2263,-3.1515,2.0000
1.7678,0.5118,1.4295,-1.6628,0.5512,0.0000
-2.5960,-0.7758,1.9805,0.4150,2.4783,1.0000
-0.4711,-2.2636,-0.8135,-1.5786,-0.1635,0.0000
0.0819,0.8684,-1.2867,-0.2162,-3.4478,2.0000
-1.9993,0.0181,2.0781,1.5235,-0.6626,1.0000
-1.9328,-0.7816,1.6430,0.3000,1.8773,1.0000
1.9788,0.2239,2.7425,-0.6844,0.0692,0.0000
-1.8052,-0.8355,1.1845,2.5817,0.2756,1.0000
0.7976,1.5333,-0.3523,0.0147,-0.2580,2.0000
0.3832,-3.8309,-0.2595,-1.8747,-5.7917,0.0000
1.2860,-1.5760,0.9003,-1.8094,-2.5211,0.0000
0.2432,-1.6898,-0.2991,-1.5468,-1.1681,0.0000
1.4233,-0.5939,2.0259,-0.6621,-1.1976,0.0000
-2.1359,0.7096,2.9116,-1.0585,-0.5463,1.0000
2.6316,-0.9038,-4.7365,-1.7161,-3.4053,2.0000
-0.4586,1.6969,-1.0086,-1.8593,0.9529,2.0000
-2.6354,0.0370,2.3146,1.3504,-0.3270,1.0000
0.5546,-2.6299,-0.7306,0.5991,3.2607,1.0000
1.1751,-2.1358,1.2523,-1.3104,-3.4000,0.0000
0.5647,-1.9768,-0.7259,-1.1629,0.2340,1.0000
0.6253,0.9476,1.8055,1.5115,1.5054,2.0000
1.2010,0.3086,0.5012,-0.7852,1.1902,0.0000
3.2024,-2.2689,-1.1525,0.1467,2.0766,1.0000
1.7604,2.7721,-0.7208,-1.8836,-1.8632,0.0000
0.1864,2.2900,0.5283,-1.4485,0.7586,2.0000
0.8558,2.6815,2.1529,0.2613,0.8252,2.0000
-0.0588,-1.9857,-0.9396,1.2264,-1.1335,1.0000
1.0046,-1.4314,1.2550,-1.3512,-2.0128,0.0000
-1.6794,-1.8711,0.4439,0.0442,2.4383,1.0000
1.3425,-1.3216,-3.5882,-0.7222,-2.8809,2.0000
0.8604,-0.4760,1.1987,0.5263,0.7462,1.0000
2.2057,0.4833,2.6426,-0.2419,-1.3150,0.0000
2.4134,0.8019,1.7585,-1.4380,0.0197,0.0000
0.4653,1.4929,2.1746,0.5683,0.7336,2.0000
0.3948,-1.2755,-0.1251,-1.7674,0.3351,0.0000
0.0143,-2.4988,-1.9696,-0.6993,-0.6502,0.0000
0.3996,-1.4859,-0.0642,0.7685,0.3356,1.0000
-1.8855,-1.1007,1.2971,-0.2697,1.9117,1.0000
0.3290,-0.2059,-4.8522,-0.0986,-3.6174,2.0000
-1.8156,0.1131,2.1140,-0.8626,-0.6811,1.0000
1.9744,1.0073,1.5812,-0.7438,1.5756,0.0000
0.4961,-1.5196,0.7243,-0.5354,-0.8447,0.0000
-0.7794,1.2799,0.3492,0.1036,-0.0052,2.0000
-1.2690,1.8510,-1.8767,-0.7149,-0.8980,2.0000
-0.2455,-4.2360,-1.2697,-1.2537,-5.2067,0.0000
0.7231,-0.8355,1.2532,-0.3011,0.6589,0.0000
0.4784,1.5053,-1.4568,-1.6346,-1.1121,2.0000
-2.0285,-1.0139,1.0392,-0.3205,0.2927,1.0000
1.3684,0.1690,0.8859,-0.4625,0.7076,0.0000
-3.8660,0.6998,3.6101,-0.2731,0.6275,1.0000
1.1804,1.0721,1.3760,-0.2171,1.7804,2.0000
-2.1003,-0.9401,1.5518,1.3602,2.0059,1.0000
0.5966,2.5695,-0.4322,-1.0938,0.2527,1.0000
-0.6468,2.6597,-0.2095,-0.8961,1.5375,2.0000
1.3415,-2.0902,-0.7584,3.5633,1.2661,1.0000
-2.0758,-1.0534,1.1260,1.2294,0.7800,1.0000
1.7417,-0.1506,1.2433,-0.9908,-0.8251,0.0000
1.9607,1.9634,-1.8534,-2.7667,0.0963,2.0000
0.7670,-1.4710,-0.2805,-1.7210,-0.0640,1.0000
0.6778,-0.8801,1.0431,0.8787,-1.3257,0.0000
1.9184,0.1833,2.2966,-1.1409,-0.2259,0.0000
-0.3062,3.2753,-2.5259,-1.8806,-1.8648,2.0000
0.8708,-1.3957,-0.8870,-0.8382,-1.2191,0.0000
3.7401,0.3408,-1.3044,-1.2015,-1.1904,2.0000
1.0714,-1.9092,0.8747,-1.3910,-2.0865,0.0000
0.3656,1.0025,-0.2097,0.0520,-1.3721,2.0000
-2.5027,-0.6340,1.9465,-0.6704,1.6950,1.0000
1.2492,-1.4425,0.8031,-1.1099,-1.8735,0.0000
-2.5265,-0.8331,1.7597,1.1292,1.8761,1.0000
0.9022,-0.8774,-0.4655,1.7034,-0.5881,2.0000
2.0652,-2.4139,-1.5906,0.7360,0.0048,1.0000
0.6763,-1.2443,1.0634,-1.2533,-0.3913,0.0000
-1.0483,-0.7657,1.0827,-0.4538,0.1682,1.0000
1.7504,0.3581,-3.8751,-2.6116,-1.7289,2.0000
2.7387,1.8443,3.4301,-0.1555,-1.2909,0.0000
0.2362,-0.6283,-0.4169,-1.4706,2.3001,0.0000
1.3737,-0.0721,2.2260,-0.7144,-0.2013,0.0000
-0.0181,-2.1213,-0.8535,-2.4359,0.4007,0.0000
1.4385,-2.5414,-1.4933,2.7025,0.6264,1.0000
1.6943,-1.1437,2.0553,-0.3055,-4.5576,0.0000
-1.0139,-2.1109,-0.4327,2.8678,0.6236,1.0000
1.9504,-0.0092,-1.5247,-0.8475,-0.6978,2.0000
0.7156,-2.1469,0.9174,-1.7487,-1.7069,0.0000
0.4975,1.6171,-0.3108,-1.0490,0.3877,2.0000
0.9711,-2.2334,-0.4553,-0.1257,2.8723,1.0000
1.7381,-1.0845,-3.2299,-1.0870,-2.2782,2.0000
-3.4608,0.0104,2.8074,0.9822,1.2821,1.0000
1.3561,-0.3273,0.8955,-1.0954,-0.1413,0.0000
0.5496,-0.4850,-0.1446,-1.0026,0.8931,0.0000
-3.1256,-0.0219,1.8494,1.9167,-2.0375,1.0000
2.1429,0.3732,2.3907,-0.2370,-2.5706,0.0000
0.5415,-0.8200,-0.1266,-1.6265,0.1496,0.0000
1.8022,1.8860,1.3011,-2.3069,1.4009,2.0000
0.4516,1.9192,2.3982,0.1843,0.2941,2.0000
-0.9204,-1.4348,0.4277,2.9109,0.8464,1.0000
2.6345,0.3764,1.7756,-0.8223,0.4833,2.0000
2.1756,0.3025,3.0311,0.1377,0.2987,0.0000
1.2896,1.2429,-0.7695,-2.1872,-1.1184,2.0000
1.8624,-2.5587,-0.8016,0.8265,3.7204,1.0000
3.1882,1.3770,-0.5387,-2.8754,-1.8573,2.0000
-0.7062,-1.1126,0.8003,0.9812,1.1129,1.0000
0.6536,2.0468,0.5716,-1.6290,-2.1399,2.0000
-1.8564,-1.4163,1.0411,0.5421,2.5163,1.0000
0.7285,-1.0926,0.5076,-0.9406,-0.4790,0.0000
-1.3294,-1.4817,0.4742,2.0244,0.9223,1.0000
1.7747,0.1567,0.0309,1.8546,-1.2414,2.0000
1.4231,-0.5852,1.9489,-0.6791,-0.1361,0.0000
1.3793,-0.0897,0.5524,-0.8571,1.1010,0.0000
2.1193,1.6159,2.9659,-1.0648,2.6258,0.0000
1.3973,-0.5362,0.7056,-1.6101,-1.4953,0.0000
0.8445,-1.0532,0.1498,-1.2453,-0.8053,0.0000
-1.2940,-0.7602,1.6316,0.7331,2.1724,1.0000
-0.4615,-1.4861,0.1819,2.2508,0.6201,1.0000
0.8252,-1.4907,0.0141,-1.6631,-3.6744,0.0000
1.0718,-2.1408,1.7316,-1.4729,-1.2664,0.0000
0.0572,-1.8361,0.0622,-1.7270,0.4251,0.0000
-0.3679,-2.5484,-0.9387,-0.7685,0.0131,0.0000
-0.6992,1.9796,0.2450,-2.3341,0.3936,2.0000
1.4284,-0.9304,1.6191,-1.9240,-1.2640,0.0000
-0.7599,-1.0688,0.5321,0.4429,-0.3032,1.0000
1.4106,1.1375,-1.6716,-1.9308,-1.5514,2.0000
1.0207,-2.1503,-0.6159,-0.8980,1.9159,1.0000
-0.0610,-1.4656,-0.2621,4.0121,-0.9155,1.0000
0.2390,2.0208,-0.6219,-0.9075,-0.6899,2.0000
0.4235,-1.3772,-1.2451,-1.5113,-0.0499,0.0000
-1.6184,-0.0987,2.2066,-0.6296,0.8354,1.0000
1.9170,0.5889,-0.6277,-0.7393,-1.0707,2.0000
-0.6063,3.1084,-1.5430,-4.3034,-0.3618,2.0000
1.0397,-1.0356,1.8838,-0.0045,-3.3707,0.0000
0.6953,-1.1568,1.3107,-0.7824,-2.0158,0.0000
1.2957,0.1365,-2.5405,-2.4427,-0.9748,2.0000
-0.7993,0.0877,-1.1099,0.5777,-0.6969,2.0000
-1.4819,-2.0276,-0.4234,2.6932,-0.1331,1.0000
3.7975,0.1411,0.4136,-0.4465,-0.5886,2.0000
2.8982,0.0939,-4.4037,0.7431,-4.0109,2.0000
-0.8476,-2.8596,-1.0815,-1.6788,-1.3349,0.0000
1.0093,-0.2045,0.6027,-0.8400,0.2507,0.0000
-1.4004,-0.9445,0.8335,-0.6944,-0.3379,1.0000
-0.0840,1.4180,-1.0966,-1.1052,-0.6274,2.0000
-1.9469,-0.7094,1.7515,1.5410,1.7296,1.0000
-1.2134,-0.0385,2.1075,0.8639,0.4679,1.0000
-1.5949,-0.5993,1.9766,0.2584,2.5189,1.0000
0.6581,0.5057,0.6002,-1.4142,3.1056,0.0000
0.2940,0.4140,0.3995,-1.1286,0.6526,2.0000
-0.4512,-1.4080,-0.8104,-0.3233,1.6861,0.0000
-0.0595,-2.7024,-0.0308,-0.5850,-3.7370,0.0000
-1.5980,-3.1253,-1.9549,-1.3261,0.4047,0.0000
-1.0502,2.4070,-0.6563,-1.3891,-1.2765,2.0000
2.0575,-1.6284,-0.5458,1.9765,0.3864,1.0000
-2.3772,-0.3062,2.7799,-2.2747,3.5184,1.0000
2.5918,1.1193,-2.0892,-3.5616,-2.3820,2.0000
0.8446,-1.4018,1.2429,-1.8158,-0.0960,0.0000
-2.0903,-0.8460,1.3836,-0.2823,0.7502,1.0000
1.8949,0.5007,-1.0900,-0.3185,-1.4293,2.0000
1.1555,-0.1891,1.8021,-1.1033,-0.1179,0.0000
-2.9562,-0.4821,2.4179,0.4810,2.5777,1.0000
-1.1812,-2.0513,-0.1075,2.7621,1.5832,1.0000
1.1388,-1.1131,1.1997,-1.0445,-3.1975,0.0000
0.7094,-1.4202,0.1875,2.2864,1.1891,1.0000
0.5921,1.3704,-1.2739,-2.1169,-0.8179,2.0000
0.8419,-1.2307,0.7505,-0.4322,-0.2760,0.0000
1.0421,-1.7264,-0.2849,-0.5734,0.9744,1.0000
-0.0085,-1.2806,0.1669,-1.2941,0.6739,0.0000
1.3915,-0.6073,2.0797,0.3736,-1.5298,0.0000
-0.9816,-1.5733,0.6114,-1.1563,2.1850,1.0000
0.6798,0.4783,-1.0531,-0.6357,-0.9473,2.0000
0.9145,1.0289,-2.1272,-2.4179,-1.8635,2.0000
-0.4899,-2.0282,-0.2253,-0.0408,1.4472,1.0000
2.6627,0.9354,2.8859,-2.1895,-0.7766,0.0000
-0.1680,-0.7733,0.6923,0.5532,-0.5133,1.0000
1.0302,0.6892,-1.4158,-1.4297,-1.3929,2.0000
2.0315,-0.5565,2.1716,-0.6178,-2.2489,0.0000
-0.0138,0.4098,-2.9663,-1.7820,-2.1738,2.0000
-0.2782,-1.1982,0.6755,0.9348,1.2124,1.0000
1.1129,-1.1558,1.4456,-1.2490,-1.0403,0.0000
1.7816,0.1321,1.5890,-0.4867,-0.9853,0.0000
-1.7199,-0.8717,1.5485,-0.4076,2.1435,1.0000
1.6092,1.3576,0.1196,-0.0668,-2.4013,2.0000
1.7383,-1.0173,1.8733,-1.2605,-3.2321,0.0000
1.0409,-1.5597,0.5737,-1.2817,-2.6788,0.0000
-0.9540,-1.0976,0.6954,0.3574,0.3127,1.0000
-0.0854,1.8773,-1.4880,-1.3200,0.1059,2.0000
0.0636,-1.2517,0.7751,0.5462,2.2807,1.0000
1.5458,-2.0770,-0.8492,2.3399,0.9739,1.0000
-3.1497,0.5096,2.8341,-0.1654,-0.7435,1.0000
-0.3519,0.9487,-1.6402,0.4431,-1.5479,2.0000
0.9801,-1.6433,0.8434,-1.2463,-2.3199,0.0000
0.0019,-2.2864,-0.5568,-0.9869,-1.1347,0.0000
-0.0605,-1.5740,-0.9013,3.5713,-3.1660,1.0000
1.5516,-0.6702,1.3942,-0.9633,-2.7558,0.0000
0.4823,-1.7612,-0.2110,2.1286,1.1132,1.0000
0.3612,-1.9863,-0.4200,2.3680,1.2817,1.0000
-0.3650,-3.5906,-2.2007,-1.4829,-3.6980,0.0000
1.2659,-1.3961,-0.3691,1.4515,-0.7211,1.0000
0.4929,1.0109,2.0524,0.7773,0.4109,2.0000
1.9566,0.8799,-0.9937,-0.0797,-3.1389,2.0000
1.5566,0.9352,0.5456,-0.4189,2.7201,0.0000
-0.3264,-2.0786,-0.2222,2.0044,2.0190,1.0000
0.1457,-0.8435,0.1676,0.2747,1.7267,0.0000
-2.9583,-0.7928,1.7740,0.8807,1.5967,1.0000
-2.4102,0.0752,2.2113,1.5541,-0.5263,1.0000
0.3071,-1.8437,0.5149,-0.3155,-1.3958,0.0000
-0.4082,-1.1355,0.9237,0.3268,2.0045,1.0000
0.7703,-1.2843,-0.1184,0.2638,-0.7025,1.0000
1.3778,-1.0800,2.4210,-1.2400,0.0604,0.0000
-1.2118,-1.1391,1.2666,-1.1832,2.6199,1.0000
1.3285,1.2566,-1.7703,-1.9936,-0.7992,2.0000
0.5151,1.5305,-2.0865,-1.8305,0.6285,2.0000
-0.1066,-1.3759,-0.4244,-0.8001,-0.5429,0.0000
0.7139,-1.6192,1.1187,-0.9507,-2.5858,0.0000
0.7850,-0.4627,1.0142,-1.6973,-0.0672,1.0000
1.6108,-0.4927,1.8100,-1.7950,-2.5404,0.0000
0.8546,1.4959,-0.9105,-0.6391,-1.6000,2.0000
0.8324,-2.2676,0.9101,-0.8622,-4.3934,0.0000
2.6600,0.0510,0.0062,0.3222,-0.9678,2.0000
1.4394,-0.3037,1.6533,-1.8446,0.8928,0.0000
0.1507,1.5252,-2.4425,-1.7157,-0.9174,2.0000
-1.5577,-0.7226,1.5498,1.5290,1.3899,1.0000
-2.6828,-0.2981,2.5579,-0.4917,2.4376,1.0000
2.2820,1.3642,3.1259,0.0572,0.9379,0.0000
1.5754,0.0052,2.2784,-1.1353,0.2946,0.0000
-1.4146,-1.7921,0.0263,3.3839,0.6802,1.0000
0.6804,2.0500,-2.0015,-2.1581,0.1610,2.0000
0.8414,1.3330,2.1236,1.6172,1.5699,2.0000
0.4741,-1.7729,-0.7327,-1.1555,-2.3486,0.0000
0.2117,-1.2426,0.0394,-0.0996,0.5128,0.0000
-0.4959,-1.4448,0.4122,0.7026,1.1723,1.0000
0.9272,1.2469,-2.5675,-2.5956,-1.2100,2.0000
1.3737,1.8730,-0.3889,-1.2074,-0.4923,2.0000
1.3363,0.6918,0.1938,-1.3976,-0.1360,2.0000
1.6628,-1.0094,2.3656,-0.3972,-3.8037,0.0000
1.6366,0.3263,-1.5365,1.1924,-2.7799,2.0000
1.5106,-0.9671,2.3038,-0.6377,-1.7080,0.0000
-1.4149,-0.5908,1.3567,2.8466,-0.0759,1.0000
1.6715,0.5739,1.5357,-0.3645,-0.7292,0.0000
-0.5428,-2.6507,-0.7115,-1.3875,1.8247,0.0000
0.2286,-1.4998,-0.1308,3.7411,-0.0240,1.0000
-2.0053,3.1751,-2.4020,-3.3508,-0.0593,2.0000
0.5347,-2.4107,-0.4840,-2.2623,-3.2850,0.0000
-2.5948,-0.7656,1.7086,-1.0107,1.3356,1.0000
-2.2230,-1.0185,1.5014,2.1046,2.3157,1.0000
0.6204,0.6865,1.3140,-0.3911,1.3240,2.0000
0.3846,-0.1027,1.0413,0.7464,-2.0880,1.0000
0.4904,-2.8429,-0.4848,-2.0825,-3.3437,0.0000
0.2913,1.2106,-0.4693,-2.1385,-0.5293,2.0000
0.3175,1.2402,-2.2934,-1.3557,-2.9040,2.0000
2.8674,0.9753,3.8713,-0.1314,-1.2990,0.0000
1.4318,0.2344,1.5879,-0.6025,0.1928,0.0000
-2.6637,-0.6119,2.7215,0.2850,4.5685,1.0000
0.2276,-1.7434,1.0762,-0.3825,0.0048,0.0000
1.0706,1.4950,-0.0654,-1.3110,-1.1676,2.0000
-0.6012,-2.3094,-1.0663,2.2277,-0.5228,1.0000
-0.3060,-1.2808,0.1464,0.7953,-0.5403,1.0000
2.1241,1.3106,1.0224,-1.9917,-0.3260,2.0000
-1.9945,-0.5859,1.6906,1.9812,0.9810,1.0000
2.4022,0.6034,2.8195,-1.5470,0.9034,0.0000
0.0547,-1.6288,-1.0275,-1.2916,-0.5684,0.0000
-2.0078,-1.4123,0.4098,3.7338,-0.1499,1.0000
2.9364,1.9451,3.2679,0.0271,1.5084,0.0000
-0.8406,2.6442,-2.8222,-3.0091,-0.5739,2.0000
-3.1753,-0.2909,2.6555,-0.8683,2.2436,1.0000
1.5200,1.4735,2.4996,-0.4341,-0.3760,2.0000
1.3349,-0.4674,1.6747,-0.1409,-1.7278,0.0000
0.8613,0.2110,-2.1100,-0.3108,-1.9412,2.0000
1.4808,-0.8763,1.5756,-1.2512,-0.5745,0.0000
-1.2644,-1.6262,0.0193,2.7428,-0.1202,1.0000
2.5560,1.8636,1.3540,0.1431,1.3213,2.0000
0.2775,-1.8590,-0.6198,0.9272,-0.2286,1.0000
1.3589,2.2708,-2.6636,-3.6777,-1.0383,2.0000
1.3790,-1.5482,1.7397,-0.9853,-2.8681,0.0000
1.0886,0.6148,-3.2873,-3.0008,-3.6020,2.0000
0.9478,-0.1355,0.7959,-0.5828,0.9924,0.0000
1.3398,-0.4974,1.6146,-0.7239,-2.5517,1.0000
1.6642,-0.9964,1.2251,2.7741,-0.5282,2.0000
0.5972,1.4170,-2.0330,-3.6118,0.2275,2.0000
-1.8580,-0.4320,1.5420,1.4156,-0.1599,1.0000
0.0491,-1.8847,-0.5228,-1.4082,-0.5718,0.0000
2.6487,0.0449,-1.3187,-0.4542,0.1529,2.0000
-0.2529,-1.9798,0.2083,-0.5236,-2.1660,0.0000
-0.3911,1.6681,-0.2269,-0.5123,-1.6174,2.0000
-1.9227,-0.1690,2.3185,-2.8334,1.3027,1.0000
0.6336,-0.6827,1.0890,-0.9069,0.5336,0.0000
1.4325,1.8049,-2.0369,-2.4419,-0.8926,2.0000
-0.4336,3.1946,-1.2791,-0.8914,-0.5132,2.0000
1.6884,0.0499,-2.8926,-1.2274,-0.9727,2.0000
0.0711,2.0277,-1.1103,-1.6906,-0.0753,2.0000
1.7661,-1.0357,2.0364,-0.6429,-3.6737,0.0000
0.9792,-1.4019,-0.0610,-0.9824,0.3429,1.0000
-2.9687,-0.1112,2.5655,1.1229,1.2696,1.0000
0.5188,-1.3271,0.2456,-1.5846,-0.7856,0.0000
-0.2999,-1.4361,0.6950,1.6926,2.6019,1.0000
1.5772,1.1892,0.4493,-1.1436,1.4505,2.0000
0.1357,-2.3448,0.1229,-1.4636,-2.3625,0.0000
2.1493,-0.2535,-0.2308,2.0923,-1.9601,2.0000
1.7010,0.5140,0.3935,-0.9645,-1.2419,2.0000
-0.7553,0.9749,-3.8020,-2.5640,-1.8536,2.0000
-0.5548,-1.7148,-0.7539,-0.3244,0.1197,0.0000
1.9669,-0.5802,2.2755,-1.1834,-1.9762,0.0000
-0.7234,2.6810,-2.4714,-2.4317,-2.5360,2.0000
0.4997,-2.3893,0.9892,-0.0633,-1.9528,0.0000
1.5905,-2.4613,-0.8132,-0.0345,3.0868,1.0000
1.6418,-1.7110,0.1569,0.7112,3.3765,1.0000
-0.9705,1.2391,2.0345,2.1165,-0.8238,2.0000
-1.0124,-1.3607,0.5890,3.2687,1.0901,1.0000
1.7609,-0.3846,1.3330,-1.5277,-1.9463,0.0000
2.1501,0.6045,-0.4449,-0.4316,-1.4502,2.0000
0.9217,0.1037,-2.2474,-0.0483,-2.4680,2.0000
-0.9167,-0.7767,1.2103,0.1912,0.7998,1.0000
1.1682,1.5582,0.7403,-0.3046,0.2591,2.0000
-4.4970,0.6399,4.0928,-0.6068,2.4240,1.0000
0.3611,-1.9046,1.0741,0.0805,-1.7057,0.0000
-1.1283,-0.8085,1.1229,2.5718,0.3199,1.0000
0.7070,1.3589,-0.0206,-1.6004,1.2953,2.0000
-0.4006,-3.4031,-1.1830,-1.5589,-1.0835,0.0000
0.6189,-0.0446,-1.8541,-0.7501,-1.1459,2.0000
-1.9419,-1.0869,1.0612,4.7000,1.0254,1.0000
0.1379,-0.3644,1.2017,-0.3584,-0.4527,1.0000
-0.5457,2.1617,-1.0703,-1.8975,-0.2075,2.0000
-1.1008,-1.3120,0.8166,2.8569,1.5484,1.0000
0.9267,-1.9587,0.7856,-0.7365,-1.8695,0.0000
1.8373,-1.6264,-0.1214,-2.5006,1.9852,1.0000
1.3940,-1.0282,1.1168,-1.9282,-2.1650,0.0000
0.8967,0.5667,-2.7544,-1.6256,-2.2155,2.0000
-0.2031,-2.1137,-1.7253,-1.7543,-1.3819,0.0000
0.8381,0.9168,-2.0114,-0.0594,-2.4799,2.0000
0.0963,-0.8214,0.6780,-0.9857,1.4558,0.0000
1.7224,-0.0467,2.5819,-0.8821,0.0073,0.0000
-0.2063,-0.7420,1.2302,-0.3148,1.1252,1.0000
-1.8143,-1.1862,0.5684,2.6089,-0.4381,1.0000
1.2443,0.8046,2.1912,0.7540,2.2317,2.0000
0.1608,-1.6935,1.0526,0.0865,-2.5569,0.0000
-0.7040,2.2394,-3.4532,-4.9882,1.0706,2.0000
-0.8387,1.9841,-1.4580,-2.5339,0.2204,2.0000
1.2276,1.0048,-2.7032,0.0578,-0.4275,2.0000
0.8756,0.1367,-3.0560,-1.5608,-1.7375,2.0000
0.6140,0.4543,-0.0486,0.0908,0.4124,2.0000
-0.9435,-0.2850,1.9053,-0.9373,1.3692,1.0000
-2.6528,-0.7774,1.3255,2.2158,-0.3753,1.0000
-0.5060,-3.5410,-1.7179,3.1283,2.8390,1.0000
-0.3403,-0.8164,1.2936,1.5531,1.9651,1.0000
0.5879,0.1109,0.9681,1.5747,-0.9343,2.0000
0.9594,0.6344,0.3074,-1.3449,2.4526,0.0000
0.9214,1.4067,1.8226,0.1499,2.1010,2.0000
0.3244,1.1961,-3.5613,-0.8457,-2.4345,2.0000
-2.2294,-0.5257,2.1152,0.3823,2.1524,1.0000
-0.4217,1.7522,-3.9453,-2.2941,-2.9823,2.0000
1.4409,-1.7621,-0.3657,0.7279,1.2548,1.0000
-1.4347,-1.5285,0.6290,1.2773,1.5304,1.0000
0.3992,-1.4770,0.6886,-1.1363,0.4331,0.0000
-3.4273,-0.0976,2.8706,0.8283,2.2418,1.0000
-2.7904,-0.1809,2.7274,-0.0813,2.5366,1.0000
-0.3977,-2.8034,-1.1488,-1.0732,-1.5002,0.0000
0.5093,-1.5144,-1.6985,-1.6851,-1.1313,0.0000
-2.0049,-0.4975,2.2561,1.3292,2.8223,1.0000
0.3452,-0.9239,-1.5294,0.6401,-2.5425,2.0000
1.2207,0.8796,-0.6578,-1.3766,-0.0245,2.0000
1.7990,-1.0696,0.4121,0.1308,1.2044,1.0000
1.3502,-0.1983,2.4424,-0.5079,-0.1639,0.0000
-0.1274,1.7580,-1.9065,-2.2432,-0.9387,2.0000
2.2156,0.2234,2.8269,-1.3456,-0.4501,0.0000
-1.6186,-0.5303,1.4237,-1.7163,-0.0335,1.0000
0.1921,-1.3966,-0.0725,-1.1744,0.4635,0.0000
-0.5554,1.8835,-1.1203,-0.8635,-1.7632,2.0000
-0.1607,-3.2570,-0.1749,-0.8660,-3.2194,0.0000
2.8221,-0.1105,-0.2250,0.0318,-1.7960,2.0000
-0.0341,-0.5036,0.9596,0.3869,-0.6745,1.0000
-1.5711,-0.3040,1.7094,2.1153,-0.1481,1.0000
-0.3972,-3.1244,-1.7492,-1.6108,-1.2582,0.0000
-1.8913,0.1569,2.0552,1.0288,-1.2861,1.0000
1.9553,0.3507,-2.0707,-1.4723,-1.9414,2.0000
-1.7481,-3.5174,-3.2810,-1.4154,0.0480,0.0000
1.8959,-0.9072,1.5278,-1.7126,-4.8273,0.0000
0.5492,-0.4440,-0.2728,-1.3927,0.8908,0.0000
-0.1909,-2.2034,-0.9095,2.4309,-0.0269,1.0000
3.6923,0.2098,-0.5169,-2.1477,0.2478,2.0000
1.5089,0.4666,-2.5937,-2.2487,-0.8445,2.0000
1.7594,-0.0327,-1.4140,-2.0711,-0.1501,2.0000
3.0701,-0.3755,-5.4892,-3.9921,-2.8563,2.0000
0.4909,-1.0880,-0.4795,-1.7632,1.1071,0.0000
0.9210,-0.6008,1.9983,-0.8882,0.0957,0.0000
1.7871,1.5902,0.8030,-1.2883,-0.1676,2.0000
-0.4865,0.2109,2.2221,0.7556,0.3973,1.0000
1.8626,2.0599,-4.6629,-4.3733,-1.8201,2.0000
1.1787,-1.6777,-0.8171,3.7718,-1.2488,1.0000
2.6983,-0.4984,1.1537,-1.7325,2.6155,2.0000
0.1824,1.6582,-0.8164,-2.0266,-0.8622,2.0000
-3.3436,0.1941,2.9136,0.0646,0.8417,1.0000
-0.1608,-2.2575,0.3645,-0.4771,-2.2989,0.0000
-0.1258,-1.8127,0.7819,-0.9236,-0.8784,0.0000
0.5756,0.9964,-1.4043,-2.1326,-1.2607,2.0000
0.4549,-2.3955,-0.1969,-2.4274,-1.7903,0.0000
1.6376,0.9029,-1.3449,-0.4950,-1.5453,2.0000
0.9329,-2.2747,-1.2499,1.9364,-0.2250,1.0000
0.4012,-3.1195,-2.0912,3.9325,0.0947,1.0000
2.3555,1.2292,-2.2487,-1.5596,-1.1264,2.0000
-0.8555,-2.2645,0.4998,-0.6814,0.9954,0.0000
-0.1924,1.0326,-3.1493,-1.1239,-3.9466,2.0000
1.2347,0.6992,0.5526,-0.1629,-0.5664,2.0000
1.6213,-1.5305,1.5193,-0.8670,-2.6029,0.0000
1.4812,-0.7016,1.5574,-1.6491,-1.2457,0.0000
-0.4024,-2.7562,-1.1115,-1.5994,0.5418,0.0000
-0.6117,-3.8709,-0.9850,-1.8211,-1.6972,0.0000
2.2350,0.2729,1.8454,-1.7640,-1.0519,0.0000
-2.2573,-0.6770,2.0608,-0.3221,2.6272,1.0000
-0.1404,1.6378,-4.0017,-1.7705,-3.0804,2.0000
-1.3907,-0.6066,1.1720,0.0705,-0.7494,1.0000
0.7792,-1.5290,0.0666,-2.2813,-0.7901,0.0000
0.9164,-1.4568,-0.0817,-0.8452,0.5969,1.0000
0.0762,-1.8240,-0.7226,-1.0516,-0.3779,0.0000
0.7391,1.2763,-2.4610,-2.1121,-1.1566,2.0000
1.5775,1.8368,-0.8047,-2.3882,-1.2554,2.0000
0.6316,-1.8121,0.1968,-0.9606,-1.8384,0.0000
-1.2966,-0.5607,1.5520,-1.0122,0.8391,1.0000
1.5328,1.0518,1.2440,0.8846,-0.1085,2.0000
1.3301,0.7136,0.2017,-0.3398,-1.6034,2.0000
2.3147,0.1794,2.3614,-1.3056,-2.6470,0.0000
-0.4272,-3.6399,-1.0647,-2.0173,-1.9701,0.0000
1.8866,-0.2909,0.3417,0.2137,-0.9099,2.0000
1.9011,-0.3614,0.9457,-0.5853,-1.9051,0.0000
2.6875,0.2503,3.6319,-1.0053,-3.8489,0.0000
-0.9037,2.8236,-0.3915,-1.1721,0.9081,2.0000
3.9043,-0.4190,-1.1776,-0.4911,-0.7370,2.0000
0.5678,1.2873,-2.6063,-2.7553,-2.8766,2.0000
