1,2,3,4,5,6,7,8,9,10
-2.4786,2.5569,7.5822,-1.1200,-0.6492,0.0939,-3.3216,-3.7306,3.6016,2.0000
-2.0908,-1.5322,0.8448,1.5319,2.0472,2.1690,-0.1836,-0.8399,3.4540,1.0000
-2.8467,1.7618,-1.0587,1.3106,0.3621,-0.8838,4.5220,3.0938,-0.2446,3.0000
-0.3298,3.2589,4.2331,0.2632,0.2529,-1.8128,-0.1232,-1.8858,0.5753,2.0000
-1.7238,0.6826,2.1200,0.9882,-0.0154,0.0724,-0.6035,-0.5844,1.8458,2.0000
0.4178,-1.5255,-1.7466,-0.4212,-3.7685,-1.8830,-0.7048,0.3182,-1.5623,0.0000
-1.3454,-0.3431,-2.0702,-0.1143,-0.0427,0.0300,1.3247,2.4178,0.1525,3.0000
-1.6294,-2.0049,-0.2836,-0.7366,1.5482,5.4436,0.8157,0.3839,0.8330,3.0000
-1.5682,-1.4452,-0.1678,0.5637,1.9285,0.4394,0.7369,-0.5827,2.9435,1.0000
-1.3186,-1.3644,1.4962,2.4727,0.2653,2.9947,1.3076,-1.7828,0.5648,1.0000
1.5708,3.3924,2.0392,0.4422,1.3489,1.7325,1.8098,-0.0148,-3.2447,0.0000
1.4080,-0.4213,-2.0195,-0.9198,3.5404,1.6681,-0.1638,1.1699,0.4556,2.0000
-1.8803,-0.0998,-0.3356,-1.7187,-0.4021,-0.2474,0.4283,1.1961,1.1733,0.0000
-1.1684,-1.6550,-1.5539,-1.1711,0.3107,2.1675,0.5920,1.1936,0.5311,3.0000
-1.0459,-1.1349,0.6299,-2.0230,1.3391,0.6533,-0.1092,-1.1444,2.4016,1.0000
-1.8457,-0.4527,-1.9095,-0.3889,-0.3228,0.8079,2.4386,2.3818,-0.3621,3.0000
-2.6542,2.9801,0.7694,0.9671,1.6056,0.7404,0.7931,3.3004,1.2820,0.0000
0.3886,-0.0674,0.8470,0.4484,-0.7431,1.2463,1.9286,-1.2732,-2.0136,1.0000
-1.0427,-3.3408,-1.1088,-0.3150,-0.6785,0.2245,-1.5676,-0.8753,2.5504,0.0000
-3.4853,0.6503,5.5572,-0.4747,0.9999,3.6973,-3.2019,-1.9930,4.5846,2.0000
-0.7668,-0.2349,0.7058,0.0882,0.7008,2.9680,0.4736,0.0125,-0.0169,1.0000
-0.9410,-0.3353,-0.2659,1.9325,1.9898,0.3439,0.4112,0.2831,2.0141,1.0000
-1.1217,-2.1959,-4.0590,0.1717,-4.0181,2.4374,0.9632,3.8696,-3.2584,3.0000
0.0308,0.1511,0.6177,-0.9563,-0.3279,2.0727,2.5198,-0.5774,-2.2092,1.0000
-0.5949,1.8216,2.9377,1.0186,-0.5203,-0.5138,-0.3949,-1.1838,0.2690,2.0000
-1.4776,-1.7471,-0.4789,0.7352,1.7190,0.1330,1.7140,-0.8660,2.4911,1.0000
-1.4426,0.6260,2.8297,-0.3319,0.3650,1.7066,0.0646,-1.3512,1.0981,2.0000
-2.1537,0.6923,2.9488,1.5735,0.7487,-0.2531,0.4484,-1.6725,2.6282,2.0000
-1.4062,0.6877,-1.3422,0.0571,-4.4646,-1.7847,-0.8318,3.1210,-1.6255,0.0000
-0.7426,-1.5213,-2.3218,1.2507,0.3260,0.4548,0.6115,1.4813,0.6354,3.0000
0.6536,-1.2106,-1.9986,-0.5770,1.1755,-2.7138,0.1870,-0.1778,1.5256,3.0000
-0.5901,0.0467,-0.4596,-0.3841,0.2024,0.2894,0.3726,0.8493,0.2091,0.0000
-1.3993,-1.4645,-2.6388,0.8296,-2.5545,-1.5585,-0.5451,2.2969,0.3741,0.0000
-1.2090,-1.3486,-1.9369,-1.9211,-4.2870,-1.1411,-1.6300,2.0697,-0.6107,0.0000
-3.7154,-0.8512,0.8442,0.4556,-1.3781,-0.5879,-1.6918,0.7013,3.8270,0.0000
0.5632,-3.5265,-1.0427,0.6856,1.2430,5.3726,-2.2938,-0.6901,0.8438,3.0000
-0.1857,-1.0812,-1.1805,0.6526,1.6899,0.6813,0.0238,0.3808,1.3699,3.0000
-2.2388,1.5592,-0.4564,1.1661,2.7400,-2.7734,3.5665,1.3754,2.4618,3.0000
-1.5425,-0.4730,1.3229,-0.9680,2.5873,3.7658,-3.5440,0.4964,3.7624,2.0000
-0.0980,-1.1786,-2.4851,0.4284,-2.2837,-0.1539,-0.7110,2.0577,-1.1659,0.0000
0.4921,0.2408,1.1723,0.8845,0.2264,-0.0340,2.3226,-1.9294,-1.1199,1.0000
-0.0233,-1.7749,-0.3591,0.3930,2.8179,1.5931,-0.0250,-1.1502,2.2715,3.0000
0.1016,1.2846,-1.1154,-0.2934,0.0851,0.1915,1.6149,2.0673,-1.8230,0.0000
-1.8655,-1.5138,0.0390,-1.3963,2.0245,1.0596,-0.0532,-0.3723,3.4464,1.0000
-1.9837,-1.1750,-0.8176,-0.5758,2.2379,0.5011,2.7135,0.1427,2.2842,1.0000
-1.5609,1.8551,4.0882,-0.1942,0.5145,2.0646,-0.1752,-1.3757,0.9074,2.0000
-1.7880,3.3670,5.7619,-0.1469,-0.0112,0.9389,-1.9675,-1.4835,1.6036,2.0000
0.7398,3.5393,0.8026,1.4072,-2.2753,-1.1080,1.3909,1.6904,-4.1609,0.0000
1.0763,-0.1938,-2.8017,-0.4627,-0.7905,-1.5094,2.5967,1.4005,-2.6136,0.0000
-1.1090,-0.7781,-0.8574,0.4601,0.5123,2.9418,1.0012,1.3090,-0.1915,3.0000
-1.9236,-0.0339,-2.5210,1.7451,-1.0201,0.1623,2.1026,3.4867,-0.7589,3.0000
-1.5809,-1.7417,0.2664,-1.5130,1.3361,0.5368,2.0088,-1.5555,2.1828,1.0000
1.1327,-0.8942,-0.1112,-0.4000,2.7678,1.8229,-1.5662,-0.7954,1.4409,3.0000
-1.6558,-1.1706,-0.1158,0.1414,3.3408,0.7952,1.3123,-0.5200,3.4890,3.0000
-2.5499,2.1131,3.3128,1.1572,5.0298,2.6436,1.7161,-0.4863,3.5633,0.0000
0.2168,-0.8246,-1.6905,1.4577,-2.6837,-1.3471,0.1274,0.8665,-1.5833,0.0000
-1.3702,-1.0608,0.8874,-0.7547,0.9244,2.0278,-0.2431,-0.7432,1.8755,1.0000
-0.5430,1.8761,2.0303,0.7693,0.8273,0.6010,-2.3178,0.4569,1.3333,2.0000
-1.3592,-1.6239,0.9054,-1.9326,1.3974,1.1689,0.2223,-1.6924,2.6764,1.0000
0.0088,-2.2059,-1.4784,1.2559,0.9319,3.0132,-1.5302,0.5920,0.9096,3.0000
-1.1278,-0.2882,1.3887,-0.4815,2.5507,2.9700,-0.9868,-0.4428,2.4854,2.0000
-0.8975,0.0276,1.7962,1.1317,0.8772,1.2328,-0.8972,-1.0260,1.7113,2.0000
-1.5561,0.0088,3.1763,0.9328,1.3925,2.0380,-0.6417,-2.1146,2.5408,2.0000
-2.0887,0.7910,3.7858,0.1320,-0.6256,1.1545,-1.1865,-1.6430,1.8787,2.0000
0.7259,1.2391,0.0039,-0.1000,-1.8562,-0.6119,0.9067,0.5927,-2.7801,0.0000
-1.2913,4.3887,1.5954,1.4353,-2.3121,-0.6660,0.8299,2.9999,-2.6770,0.0000
-0.7831,1.6876,2.1759,0.7259,1.7403,1.0631,-1.8372,0.1609,1.9218,2.0000
-1.4071,3.5180,2.4147,-0.4102,0.9821,-0.6681,2.7243,0.5294,-0.3685,0.0000
0.2147,1.1433,0.9185,-0.5226,2.6874,1.1823,-1.3262,0.2966,1.4638,2.0000
-0.1932,-1.3935,-2.2282,0.9275,-0.1599,0.8901,0.2129,1.4541,-0.2297,3.0000
-0.5010,1.4884,-0.3226,-0.5306,2.9150,-3.5392,2.1744,0.3055,2.1532,3.0000
-0.1961,3.4043,1.0587,0.4120,0.6136,1.8028,1.3648,2.2672,-2.3732,0.0000
0.6173,3.4804,3.3721,-1.4378,1.4623,1.0321,-0.7967,-0.4608,-0.5941,2.0000
-2.3871,-2.4922,-0.8014,-0.8613,-3.7232,-1.9213,-2.1835,0.2375,2.2859,0.0000
0.4399,0.4706,0.4115,0.6198,1.0131,-0.1389,-1.3152,-0.0825,0.8616,2.0000
-0.9536,-0.5254,0.8802,0.1489,1.2461,2.0663,-0.0893,-0.5154,1.3760,1.0000
-0.4909,-0.8478,-0.9577,-0.1966,-4.8781,-1.3521,-1.8464,1.1185,-1.4806,0.0000
-0.5150,2.2776,2.7381,-0.7611,-0.1470,0.2933,-0.3907,-0.3987,-0.1745,2.0000
-1.5193,-0.2093,2.4361,-0.0771,-0.7343,2.4917,1.7638,-1.7502,-0.3753,2.0000
0.9496,-1.6656,-3.6130,-1.0187,4.0269,1.5122,-1.3020,2.1860,2.0513,2.0000
0.8102,1.5323,-0.1895,1.5880,-1.9137,-3.1397,3.3965,-0.2093,-3.1521,0.0000
-1.0295,2.8156,0.6596,0.3602,1.7851,-2.0050,4.2891,0.7934,-0.3050,0.0000
-2.4289,-2.1638,0.0843,0.5874,1.7711,1.4825,1.2816,-0.9093,3.3224,1.0000
0.1606,0.4716,1.1957,0.8479,-0.1304,2.7308,0.0090,-0.2378,-1.3502,1.0000
-2.2849,-0.8048,2.3834,-0.3417,-0.2823,1.1141,1.1501,-2.0990,1.7722,2.0000
-2.2403,-3.8356,-4.8690,0.9993,-1.5006,-1.7385,-0.5297,2.8186,2.6469,0.0000
-1.3036,-0.1853,-1.4464,0.8830,0.1545,1.7627,1.6314,2.2146,-0.5440,3.0000
-1.5068,0.4535,-0.5645,0.2690,1.4029,-0.3713,2.7829,0.9918,0.7904,3.0000
-3.4571,0.0755,3.7470,-2.1263,0.6177,2.6145,-1.1914,-1.2676,3.6925,2.0000
1.4870,-0.3641,-0.5982,0.5806,-2.5483,-1.8303,1.1879,-1.0054,-2.8034,0.0000
-1.0221,-2.6151,-1.1599,1.9047,2.2805,1.8069,0.2106,-0.4514,2.7837,3.0000
0.6522,0.9583,-1.4164,0.1318,-0.6100,0.0387,0.9890,1.9658,-2.3384,0.0000
-2.9882,1.0790,0.7804,-1.1330,-0.1094,-0.5041,0.3765,1.6096,2.0869,0.0000
-0.4515,3.6443,5.4134,0.5491,-0.6755,0.0374,-0.3255,-2.1306,-0.6004,2.0000
-0.4434,-1.6160,-2.7631,-1.3452,-0.4408,0.2807,0.0907,1.8730,0.0787,3.0000
-2.7593,0.7122,3.3541,1.2380,-3.0991,-1.4916,-1.5431,-1.2203,1.8763,0.0000
1.5025,0.7363,-2.4445,0.4376,-2.0708,-4.0177,3.8451,0.8319,-3.8137,0.0000
-2.5450,-2.2934,-0.3249,-0.4456,2.0703,0.7868,0.9158,-0.6413,4.0647,1.0000
-1.7486,2.4061,4.6976,1.8112,-0.2192,0.8162,-2.5793,-1.1049,2.0052,2.0000
-0.9272,-0.2521,-1.1207,-0.4119,2.0829,-0.1443,1.0386,1.0178,1.7312,3.0000
-0.7091,3.9410,-1.2496,0.8597,-1.5659,-1.0370,1.7818,5.0101,-3.3772,0.0000
-1.8394,-2.0609,0.1412,-1.5206,1.3365,0.9066,1.1386,-1.2737,2.7798,1.0000
-1.4916,0.0264,-1.0875,0.0295,0.6882,1.6912,1.6161,2.0511,0.0122,3.0000
0.0790,1.5272,0.1124,0.5019,2.4952,2.6180,-3.0520,2.4412,1.1929,2.0000
0.1093,-0.1146,1.1385,-0.8119,3.3634,3.0197,-1.1750,-0.7123,1.9366,2.0000
-2.0559,-1.5046,0.0774,0.4952,1.6452,1.7800,1.0917,-0.3431,2.5134,1.0000
-0.8320,-0.9084,-2.2928,0.8863,-0.5404,-0.1081,1.2872,1.8653,-0.3101,3.0000
-0.8212,-2.0560,-2.9745,2.3409,-0.8249,0.9456,0.6097,1.9896,-0.2108,3.0000
-0.4691,2.7796,3.9235,2.1262,0.3442,0.5245,-0.5446,-1.2163,0.1388,2.0000
-1.5563,-0.9221,-0.0452,-0.2584,1.8499,1.9669,0.3797,0.2686,2.1325,1.0000
0.0394,1.9920,1.4656,0.4322,0.9429,-1.3627,2.8241,-0.8767,-0.7681,0.0000
-1.0950,-1.1450,-0.2816,0.0487,2.1467,-1.2410,0.4931,-0.8394,3.3344,1.0000
-2.8666,2.9767,2.2415,0.1997,2.7288,0.8505,1.8621,1.4373,2.1183,0.0000
0.5391,0.3523,0.7203,-0.5444,-0.2721,0.3279,2.3900,-1.2157,-1.8800,1.0000
-1.6202,-2.4593,-1.2455,0.4876,1.2140,3.6620,0.4744,0.6611,1.5008,3.0000
0.2947,0.1830,0.5726,1.0072,-0.8992,2.5197,2.9867,-0.5769,-3.2743,1.0000
-1.8101,-1.6051,-2.7157,-0.5874,-1.2293,1.7507,1.2985,2.7714,-0.5060,3.0000
-0.4215,-0.9205,-0.6913,0.2350,1.8486,1.1137,0.3966,0.1299,1.3668,3.0000
-1.4829,2.6049,-0.3082,-1.2814,2.3298,-4.2735,3.9286,1.3512,1.4680,3.0000
-2.6529,-3.8205,1.1432,0.0420,2.3082,-0.8198,1.2579,-4.1987,6.0667,1.0000
0.0163,-0.3774,-2.7291,-0.0725,-1.6114,0.5254,0.6285,2.8207,-2.1719,3.0000
0.1978,-0.4948,-1.5330,0.4189,2.1118,1.7671,-1.7031,1.7706,1.2592,2.0000
-1.9980,3.4078,4.6439,-1.2751,1.1721,2.5135,-0.4722,-0.1493,0.9834,0.0000
-1.8054,-2.1232,-0.2639,-0.5804,1.7441,-0.4338,0.8381,-1.2258,3.6831,1.0000
-0.9954,3.0058,4.4387,0.7801,1.6131,2.9328,-2.7494,-0.2564,1.4770,2.0000
-0.0649,-0.7434,-1.7111,0.0265,2.7257,1.6177,-1.5799,1.7445,2.0230,2.0000
-1.6502,-1.8251,-0.7458,0.0912,2.7174,1.0141,1.3836,-0.3418,3.1074,3.0000
0.6435,0.7171,0.9900,0.0019,-0.9099,2.4721,1.8977,-0.4776,-3.2501,1.0000
-1.4703,-0.7314,0.2314,-0.0577,1.5438,2.4777,-0.2677,0.4153,1.8797,1.0000
0.8247,-2.4742,-1.3646,-1.0632,2.2795,1.3601,-1.7465,-0.7673,2.1738,3.0000
-0.7223,-0.9489,0.3585,-2.1799,0.3904,0.7743,0.7253,-0.9120,0.8442,1.0000
-0.5287,-0.7066,-1.3572,2.8412,-0.2426,-1.2993,1.3737,0.4849,0.2445,0.0000
-0.5121,-0.0769,-0.5161,-0.2118,1.7316,-0.9588,1.5080,-0.0064,1.3199,1.0000
-0.4151,-1.3308,-1.9715,-0.6300,0.1235,1.9186,0.8395,1.4442,-0.5280,3.0000
-1.5691,-1.1910,-2.3749,0.0192,0.0794,-0.7092,2.1142,1.6768,0.7744,3.0000
0.7691,-0.0063,0.8827,-1.2508,-0.3489,-1.0028,2.6966,-2.2809,-1.4635,1.0000
-0.8067,-0.3839,-1.1137,0.3075,0.4476,2.1742,1.4819,1.4928,-0.6646,3.0000
-4.0954,0.3980,4.9051,1.1888,-0.5733,1.7783,-1.0003,-2.0340,3.7558,2.0000
0.2541,-0.3226,2.0956,-1.0727,-0.5817,1.3998,2.0703,-2.8396,-1.4560,1.0000
-0.7776,-0.4341,-0.3991,-1.6165,1.0042,0.7794,1.4579,0.2152,0.5265,1.0000
-0.7338,0.0858,-0.0536,0.0041,1.4450,0.8722,1.1859,0.3462,0.6942,1.0000
-0.7224,1.5479,2.4908,0.2858,0.4025,0.2271,-0.2882,-0.8041,0.7162,2.0000
-1.3691,-1.3759,0.1783,-0.6601,1.5357,0.2335,1.7314,-1.2607,2.1802,1.0000
-0.4097,1.1111,1.0472,0.0022,-0.0249,5.6743,-0.9735,1.8505,-1.9907,1.0000
-1.7124,0.5707,-1.8548,0.3210,0.1657,-0.8221,2.2801,2.7812,0.0964,3.0000
-0.7750,-0.4872,0.1916,1.3649,4.0726,-0.6651,0.9260,-1.0670,3.7757,3.0000
-0.5200,-1.8335,-1.0310,-0.8774,1.1909,2.5002,-0.2900,0.2874,1.1091,3.0000
-1.5271,0.1717,-0.5395,-1.0295,1.7825,0.3784,1.7803,1.1020,1.3768,3.0000
0.3338,-0.0444,1.4783,0.1912,1.4678,1.7206,-0.2611,-1.5086,0.5655,2.0000
-3.6066,-0.5526,0.1461,-0.3142,2.3365,2.7395,3.8131,0.8841,2.1756,3.0000
-0.0995,0.7574,1.4977,0.1288,2.2659,1.5940,-0.9002,-0.4897,1.4147,2.0000
-1.4284,0.9245,-1.6933,1.4034,-0.9032,0.9982,2.1563,3.4016,-1.7865,3.0000
-1.5899,0.5986,2.4758,0.3395,-0.4856,0.4433,-0.4561,-1.0227,1.3054,2.0000
-0.2851,-0.4784,0.5601,-1.4178,0.7550,-0.2998,1.6291,-1.4649,0.5816,1.0000
-4.0664,-3.5072,0.8043,0.7336,3.3143,2.3908,-0.6235,-1.5526,7.2097,1.0000
2.4835,0.2836,-3.2139,0.3025,5.1026,1.2328,-2.0601,2.7454,1.0315,2.0000
-1.1027,-0.0598,-0.8113,0.2439,1.4594,-0.1914,2.1499,0.7438,0.9194,3.0000
0.0522,1.5192,-1.3926,0.2141,-1.4007,-1.0216,1.4638,2.4981,-2.4697,0.0000
0.1448,-1.7276,-2.1380,-0.6269,0.1668,0.6672,-0.3200,0.8813,0.2638,3.0000
2.1271,-0.9185,-6.0574,0.5561,3.6951,0.2776,-1.4064,4.6964,0.3623,2.0000
-1.9222,2.7191,1.7475,-0.4954,2.3030,0.1067,2.4928,0.9156,1.0630,0.0000
-0.5685,-0.3412,-2.6900,2.6396,-1.7872,1.3564,0.5220,3.3986,-2.1220,3.0000
1.2155,-1.2725,-2.1512,1.0421,3.5987,1.7687,0.8190,0.3980,0.6063,2.0000
1.3119,3.7716,1.9310,0.5103,-3.1263,-3.2271,3.1998,-0.5575,-5.0140,0.0000
1.3343,2.8962,-0.4843,0.7201,-2.4700,-2.1438,2.9613,1.5522,-5.0451,0.0000
-0.2172,-2.0975,0.1309,0.9864,3.3717,2.2212,-0.3055,-1.7208,2.9957,3.0000
0.9049,-1.1616,-1.4633,-0.4645,2.1015,0.8355,0.7788,-0.1681,0.3148,2.0000
-0.3285,-1.1101,0.0451,1.0538,2.9794,1.0662,0.6989,-1.1229,2.2803,2.0000
-0.7209,0.1565,2.1596,0.5950,1.4483,1.3511,-1.1409,-1.3754,2.0567,2.0000
-0.9645,0.4821,0.9837,0.4755,-2.5211,-0.3327,-0.7055,0.2445,-0.5641,0.0000
0.6044,1.8137,1.7136,-0.7878,1.1306,-0.2748,-2.1354,-0.1927,0.8307,2.0000
0.5099,-0.2269,-1.8112,1.2213,2.2905,1.1631,1.1384,1.3106,-0.1189,2.0000
-1.3584,-0.3773,-0.3361,-0.0202,0.9862,3.9456,0.1078,1.6770,0.2502,1.0000
-0.8334,-1.7425,-0.4758,-1.3605,2.2515,1.9021,0.8467,-0.6066,1.9713,3.0000
-0.0949,0.9722,1.1121,-1.0662,2.4330,1.3990,-1.4332,0.1990,1.6397,2.0000
-0.4633,2.4350,3.6724,-1.1708,1.5679,1.9095,-0.9610,-0.9336,0.7422,2.0000
-4.2893,0.5801,7.3525,1.1942,-0.9222,2.4615,-0.5269,-4.3685,3.6840,2.0000
0.0018,-0.7311,0.2447,1.0678,-0.1479,-0.2742,3.6446,-1.8919,-1.1755,1.0000
-1.7526,2.4019,3.2733,0.7189,-1.2358,0.2458,-0.5316,-0.0537,0.2320,0.0000
-3.3625,0.8888,-0.8439,-0.0995,0.7385,-0.7728,0.3301,3.2928,2.8417,0.0000
-2.6406,-0.3442,-2.1351,-1.5171,0.0286,-1.6204,1.1039,2.8180,2.0803,0.0000
-0.0675,0.6798,-0.3264,0.0705,2.3435,-1.7799,1.0009,0.0986,1.5996,3.0000
0.1850,-1.5718,-2.3037,0.2112,-0.9740,3.1585,-1.3160,2.2026,-1.3319,3.0000
0.1146,-0.7570,-2.3145,1.0073,-0.2134,0.0344,-0.0342,1.8256,-0.4226,3.0000
-4.3999,0.4104,6.6336,-0.0409,-1.1469,2.0676,-1.5033,-3.5188,4.1339,2.0000
-2.1759,-2.3570,0.8133,1.0652,1.0698,2.3466,0.3541,-1.5235,2.9451,1.0000
-0.8630,-1.1704,1.9188,1.4686,0.3886,1.6726,0.0878,-2.3914,1.3851,1.0000
-1.2630,-2.5365,-1.7977,0.5786,1.1992,1.6296,0.8807,0.3732,1.7727,3.0000
-1.3245,-1.1852,-1.6235,0.2206,-2.6912,-3.9310,1.3923,0.3239,0.4510,0.0000
-2.3566,2.1154,6.2869,0.1636,0.0482,1.3649,0.0493,-3.3181,1.8522,2.0000
-2.6782,-3.3095,0.5450,1.5531,2.4955,-1.1306,0.9822,-3.0683,6.0480,1.0000
1.0375,0.5604,1.3600,0.5111,-1.2264,1.0698,2.5292,-1.7429,-3.3194,1.0000
-0.4806,-2.2108,-0.3355,0.2048,2.9469,2.2128,-0.6037,-1.0517,2.9924,3.0000
-2.6427,-3.3205,0.4035,0.1118,1.7071,0.4937,1.0714,-2.4527,4.6871,1.0000
-0.3866,0.1986,2.1019,-0.6254,1.8204,0.8018,-1.0731,-1.6560,2.2096,2.0000
-2.4951,-2.0835,-2.6460,1.9289,-2.7509,-1.1997,-1.0770,2.5633,1.5798,0.0000
1.2826,-2.2018,-3.6696,-0.9188,-3.3997,-2.4822,1.0289,0.7226,-2.6696,0.0000
-1.6879,-1.0869,-0.2127,1.4438,2.8958,0.7271,1.8316,-0.4093,2.9182,3.0000
0.4227,4.3668,4.0328,-1.1281,1.5966,0.0504,-3.4461,0.1149,0.9633,2.0000
-3.5399,2.0626,6.7933,-0.8464,-1.9851,-0.4483,-0.5116,-3.4069,2.5612,2.0000
-1.4978,0.9552,-1.6838,0.2844,-0.1156,-1.1199,2.3968,2.7623,-0.3809,3.0000
-1.0310,3.8794,5.3965,1.6705,0.4529,0.1111,-1.7744,-1.3205,1.1929,2.0000
-1.6654,-3.3640,-1.5662,0.6233,1.0935,2.7363,0.5752,-0.0757,2.2148,3.0000
-1.0663,-1.3920,0.3449,-0.8592,0.5650,0.4882,3.0700,-1.7785,0.5618,1.0000
0.1867,-1.0062,0.0272,-0.6363,3.4957,3.5089,-0.9666,-0.3056,1.8715,2.0000
-0.8308,-0.9156,-2.1705,-0.4981,-1.3187,2.9535,0.3063,2.8414,-1.6978,3.0000
-1.2096,-1.4847,0.6856,-0.8493,1.0125,0.4038,1.0888,-1.7650,2.0743,1.0000
-0.1780,0.3972,2.0331,-1.1352,0.3187,2.9156,-0.3926,-0.9544,-0.3843,1.0000
-1.5548,3.9030,2.7577,0.6195,1.8137,-0.0117,2.4352,0.7522,0.0840,0.0000
-3.3465,1.2259,7.0006,1.5003,-2.0998,1.3410,0.5400,-4.3096,1.5906,2.0000
0.6509,0.7658,1.2298,0.5462,0.5415,-1.1062,0.5444,-1.4738,-0.0394,2.0000
-0.1769,-0.5479,0.7061,-0.4999,0.1493,0.6506,1.4736,-1.4033,-0.2061,1.0000
-0.5513,-0.1972,0.4262,-1.2287,0.6515,1.5271,0.4349,-0.1251,0.3049,1.0000
-0.5668,-0.9702,-0.4126,-0.2335,0.7302,-0.8484,3.2113,-1.2140,0.3419,1.0000
-1.7657,0.8081,4.0757,-0.2551,0.1693,0.7371,-0.2866,-2.5342,2.0165,2.0000
-0.9196,-1.2190,-0.4406,-0.6121,-0.8397,-1.0510,0.6585,-0.5086,0.8735,0.0000
-1.0019,-0.6663,0.4059,-0.4744,1.1244,1.2559,0.2075,-0.3669,1.4961,1.0000
0.8320,1.6871,0.4261,0.9810,-1.7615,0.9716,0.2306,1.0593,-3.3077,0.0000
0.6516,2.4188,1.4671,-0.4343,-1.4043,-0.4471,0.3714,0.2567,-2.4946,0.0000
-0.9654,-0.6973,-0.5263,-0.6485,2.4557,-0.1653,1.4635,-0.1916,2.2448,3.0000
-1.1462,1.2342,0.0313,2.0549,0.9464,-2.0796,3.0928,0.3990,0.4670,0.0000
0.7741,0.3323,-3.1453,-2.3925,-0.5460,-1.1959,2.7912,2.4630,-2.7796,0.0000
-1.1963,0.8840,2.1893,-1.6745,1.5495,1.2343,-2.5644,-0.1541,2.8314,2.0000
-1.9214,-0.0785,2.9958,1.3431,0.8637,1.7549,-2.6587,-1.3355,3.4999,2.0000
-0.0237,0.0076,-2.4190,-0.3354,0.5330,-0.8405,2.6136,1.8118,-1.0368,0.0000
-0.4760,-1.1343,-1.3085,0.7733,0.7377,1.9321,0.0444,1.0570,0.3813,3.0000
-0.6456,-1.1190,-2.3229,0.5867,-0.0292,-0.5369,0.7058,1.5662,0.4554,3.0000
-2.0430,-0.7524,-3.3925,-2.4459,-2.3289,-3.5585,1.3539,3.1707,0.4898,0.0000
-1.7533,-0.5628,-0.9452,0.0290,1.2043,1.7162,2.0667,1.3219,0.7505,3.0000
-1.2590,-0.0949,0.1024,0.0456,-0.8393,-0.5741,0.1563,0.3936,0.7048,0.0000
0.5133,1.0766,0.5033,0.3999,-0.0710,2.0228,0.6834,0.5607,-2.1153,1.0000
0.1573,-0.4917,-1.3663,0.7867,-3.5762,-2.7504,0.9436,0.3871,-2.0501,0.0000
-1.9754,1.4484,0.4946,-1.9349,2.1466,-2.9389,3.9930,-0.0162,1.9912,0.0000
1.9700,-0.4759,-2.7115,-0.2987,2.6658,0.3774,0.0559,1.2743,-0.3453,2.0000
0.5460,-2.4176,-0.4005,0.4730,2.1386,4.0282,-2.2099,-0.8033,1.5946,3.0000
-0.4342,0.9680,-1.2898,-0.3590,-2.0400,-1.5076,1.3710,2.0886,-1.9452,0.0000
-0.4987,-0.7374,-1.7529,-1.6573,0.6006,-0.9991,1.4919,0.8416,0.5638,3.0000
-0.4251,0.3925,-0.4445,-0.8397,2.7743,2.7933,-0.7666,1.7322,1.1923,2.0000
-0.2443,1.0708,1.5877,-2.2614,-1.1931,-1.1804,1.0588,-1.0445,-0.8167,0.0000
-1.9876,-0.8474,-1.9871,1.4796,0.4056,-0.9738,2.9451,1.5052,1.0095,3.0000
-0.5920,-0.3012,-0.1572,0.1387,2.8688,2.0845,-2.0175,0.9438,2.7213,2.0000
-0.3015,-1.1640,-3.5179,-0.2164,-2.9817,-3.2264,1.1866,2.1463,-1.3196,0.0000
-0.9255,1.3556,1.1842,0.8923,-0.1659,0.9960,0.4705,0.6587,-0.4199,0.0000
-2.6389,0.2384,1.5755,0.6366,-0.0027,0.6889,-0.7700,0.3049,2.5434,0.0000
-0.9554,-0.9532,1.2222,-0.3464,0.4007,2.3960,1.3110,-1.4599,0.3150,1.0000
-0.9464,0.2607,0.3220,-0.0722,2.8665,1.2471,1.1538,0.1716,1.7548,3.0000
-0.8958,1.5160,0.3207,0.2557,-2.7094,0.5181,-1.3962,2.3371,-1.5433,0.0000
0.4044,0.7374,0.5171,0.5108,-0.2125,1.2131,0.8767,0.0380,-1.6793,1.0000
0.1366,0.7383,1.4013,-1.2325,1.7096,2.0470,-0.4369,-0.4644,0.3979,2.0000
-1.9890,3.7486,7.6336,-0.2973,-2.6344,-2.9539,-3.2688,-3.5301,2.3875,2.0000
-0.6913,1.1035,1.2905,-0.4489,-3.9551,-1.4828,-0.1674,0.0642,-1.8470,0.0000
-1.5476,4.0610,6.8926,1.9177,-0.0219,0.3224,-1.8104,-2.4095,1.4913,2.0000
-2.1289,3.5017,7.1788,-1.6605,-0.8180,-0.2185,-2.6496,-2.7989,2.3940,2.0000
0.1848,-1.2220,-1.2053,-1.4464,1.8461,-0.4080,-1.0278,0.0149,2.1805,3.0000
-2.2140,-1.1446,-0.1201,1.9775,2.7574,1.9865,1.9986,0.0308,2.7050,3.0000
2.8059,-0.9872,-3.8628,-0.9490,2.8811,-1.1716,1.4412,0.8434,-0.8723,2.0000
-1.6733,-2.8845,-1.2830,1.5286,0.4412,4.0897,1.1867,0.3506,0.7069,3.0000
0.2286,-0.5131,0.0791,-0.7562,-0.5624,0.1251,2.9240,-1.3065,-1.6717,1.0000
-0.4797,-0.6177,-3.5702,-1.6330,-2.7150,1.0985,0.0728,4.1992,-2.6265,3.0000
-3.0961,-1.1079,3.4574,-0.9042,0.4253,1.6133,-1.7133,-2.3948,4.4866,2.0000
-2.2874,-2.5605,0.2271,-0.1258,1.2465,1.8723,0.7935,-1.2519,3.1327,1.0000
-0.7636,1.4520,1.5385,-1.5851,-0.1332,0.5527,0.6940,0.0940,-0.4078,0.0000
-0.4941,0.2439,1.1878,1.0767,2.1396,1.7335,-1.3627,-0.2567,2.0081,2.0000
-1.2316,2.0085,0.0907,1.0500,1.2473,0.0122,2.0355,1.8892,-0.0654,0.0000
0.7224,2.1876,2.8377,1.2304,2.1067,0.3423,-4.0593,-0.6335,2.1241,2.0000
-1.1739,0.9640,-0.9299,0.7018,-0.4507,0.5530,0.7146,2.6275,-0.6606,0.0000
-0.0621,2.2320,1.9026,-0.8983,-3.7191,-0.9002,-0.7838,0.3866,-2.6387,0.0000
-0.5097,2.5457,0.3549,-1.9321,0.9255,0.2280,2.4216,1.7064,-1.3992,0.0000
0.4013,-2.5639,-3.4544,1.3878,-3.4001,3.6387,-0.7320,2.6555,-3.4835,3.0000
-0.9635,0.2929,0.9054,1.1732,0.0992,-1.1028,-1.0072,-0.2537,1.8762,2.0000
-1.2168,-0.6482,0.2776,1.0971,1.3657,1.4277,0.1880,-0.0631,1.7446,1.0000
-0.9112,-0.8201,-0.5543,-1.3692,2.9354,0.4941,0.8539,-0.0395,2.6010,3.0000
0.2326,0.1896,-1.1982,0.0827,1.2080,-2.1711,0.9725,0.4554,0.7531,3.0000
-1.3291,-0.1485,-0.8364,0.7018,1.3989,-0.1165,2.0842,0.8543,1.1063,3.0000
-0.7741,0.0808,-0.0853,0.7167,2.7591,-0.6792,1.4856,-0.2174,2.1970,3.0000
-1.2528,-1.2339,-4.2138,-0.9311,-1.9274,-1.2593,-0.0647,4.0853,-0.1670,0.0000
-1.6052,-1.4683,-0.1491,0.1509,1.4274,0.5298,2.5592,-0.9612,1.7681,1.0000
-2.0464,-0.4383,-0.9266,-0.1238,1.6008,0.2224,3.1692,0.8867,1.3576,3.0000
-0.4364,-2.3219,-0.9916,0.8491,1.5917,3.6205,-0.3010,-0.0131,1.1345,3.0000
-2.4951,-1.7651,-0.1546,1.0502,2.6287,1.8893,0.1477,0.0600,4.0577,1.0000
-0.5966,-0.2777,0.3770,1.5380,-2.9001,-3.1663,0.7959,-1.0727,-0.3580,0.0000
-1.0454,-1.5347,-2.3399,0.1567,0.1243,0.6680,0.3306,1.8003,0.7834,3.0000
0.1808,-1.4027,-1.6017,-0.2742,2.5802,1.2456,-0.5384,0.5278,1.7880,2.0000
-0.8014,-0.1865,-3.0517,0.5144,0.3524,-2.7778,3.3912,2.0858,-0.0942,0.0000
0.4909,2.0400,0.6682,-0.3112,-1.7212,-1.6966,1.6548,0.2719,-2.6318,0.0000
-0.7695,1.5002,3.3569,-0.6850,0.7927,1.0457,-0.6883,-1.5163,1.1165,2.0000
-0.4542,-0.7062,-0.1406,2.4351,3.3404,-0.5709,0.9845,-0.9976,2.9458,3.0000
-1.3411,-3.5883,-3.3765,-0.4931,-1.3187,-1.6209,-0.1659,0.8228,2.0505,0.0000
-0.2697,-0.4048,-1.6728,-1.1626,-2.3801,-1.5705,0.7257,1.2850,-1.3555,0.0000
-1.6177,-2.3439,0.2668,-0.1802,1.8705,-0.8358,2.6533,-2.6798,3.2231,1.0000
0.6742,-2.7312,-1.7814,0.4971,0.1789,3.0241,-2.0002,0.2513,0.2243,3.0000
-1.2280,-1.1452,-0.2558,-1.0494,2.0299,-0.4639,0.5167,-0.5835,3.0274,1.0000
-2.8985,-0.0262,5.6210,-0.6283,0.6728,2.0735,0.3204,-4.2639,3.3409,2.0000
-1.1679,-0.8023,0.9182,-0.4599,1.4628,1.6693,1.0695,-1.1049,1.5197,1.0000
0.1780,-2.0798,-2.9389,-1.2744,-1.7368,1.7547,-0.4325,1.9282,-1.5620,3.0000
-0.9381,-0.4756,0.2048,0.9350,2.2030,1.7809,-0.6550,0.2335,2.2326,2.0000
-3.4118,-0.2163,-0.6708,0.8933,1.6535,0.6352,4.4891,1.3617,1.7160,3.0000
-2.1447,0.3775,-1.1620,-0.9976,0.7484,-1.6237,3.3715,1.5362,1.0111,3.0000
-0.2745,1.7565,1.9370,0.1657,1.1455,1.6318,-1.2647,0.2857,0.4648,2.0000
-1.4793,-0.5358,-1.0691,-0.3446,-0.8379,-3.2520,2.2060,0.2058,1.0486,0.0000
-0.3152,2.0767,3.4643,-0.6448,1.0205,0.2472,-2.6390,-1.1087,1.8311,2.0000
-0.1487,1.1881,0.9084,0.2750,2.4578,0.6163,2.9960,-0.5982,-0.1355,1.0000
-1.5648,-0.0648,-1.2696,0.6925,1.1579,-1.5302,2.6532,1.0644,1.3191,3.0000
-0.9132,-0.1018,-0.0933,-0.4960,1.3259,1.2560,0.9157,0.4883,0.8108,1.0000
-1.9638,-2.4895,0.2698,-1.0204,2.6267,-1.5822,-0.1846,-2.2321,5.7413,1.0000
-0.8397,1.4470,3.8012,-0.0387,1.2782,2.5949,-2.1103,-1.3274,1.6519,2.0000
0.0159,4.7161,5.9597,1.2520,-1.3554,-1.2312,0.1576,-2.3519,-1.6126,2.0000
-3.7144,3.9717,2.3850,1.1207,3.2996,2.6573,1.1201,3.2896,2.3017,0.0000
-1.4901,-2.9073,-2.0229,0.3734,0.3159,2.2074,1.0858,0.5911,1.1332,3.0000
1.5599,0.4026,-2.2506,0.4859,3.3355,2.1346,-2.0109,2.7108,0.3054,2.0000
-1.1138,-1.8663,0.0759,-0.6796,1.4767,-2.0347,1.9825,-2.4069,3.0172,1.0000
-3.8233,-0.4742,-0.8225,-0.9893,0.2601,0.5273,-0.6223,2.8420,3.5138,0.0000
0.7900,-2.7160,-1.1704,-0.9592,-0.0168,4.5843,-1.7296,-0.1106,-0.6539,3.0000
0.3303,1.5702,1.4818,-0.0009,0.9997,-1.2085,-1.0002,-0.5168,0.9259,2.0000
-0.8446,-0.7208,1.2473,-2.2410,-0.1380,3.1880,1.3111,-1.0629,-0.6256,1.0000
-3.5133,-0.0540,-0.2151,-1.0343,-0.7145,-0.5024,-0.6107,2.2239,2.9054,0.0000
0.6077,2.0460,1.3852,1.4479,1.2974,0.1892,-1.1795,0.2700,0.1083,2.0000
-1.9523,1.7175,5.3592,-1.2621,-0.1440,-0.6962,-1.1033,-3.1401,2.7532,2.0000
-2.5900,1.6138,6.4109,0.9088,-1.7380,0.5933,1.8579,-4.2510,0.5755,2.0000
-0.4370,0.0577,-0.6703,-1.1470,0.7900,1.0324,-0.8644,1.4368,0.6882,2.0000
-0.1986,-0.3056,0.6269,1.0163,0.6462,0.4954,0.1242,-0.8446,0.6941,1.0000
-1.2388,-2.3603,-1.4131,-1.5182,1.4083,2.4149,0.3786,0.4044,1.7972,3.0000
-1.3069,2.9093,1.0606,1.1812,2.1378,-0.1664,3.3814,1.2535,-0.1383,0.0000
-0.9701,-0.5784,-1.0007,-0.8308,1.1200,0.6043,1.1287,0.8729,0.9217,3.0000
-0.8818,0.5907,2.5145,0.1300,0.3992,1.9515,0.7903,-1.4570,0.1581,2.0000
-1.9891,-1.7751,0.6265,0.2744,1.7820,1.2872,0.1839,-1.1771,3.4637,1.0000
-1.3959,-0.1008,-0.1641,1.4708,3.9850,-2.1242,2.2526,-0.6483,3.9540,3.0000
-1.6768,0.0040,3.7224,2.4427,1.3395,1.9839,-1.3037,-2.5108,3.0676,2.0000
-4.0439,-2.1186,-1.5230,0.0727,-4.3973,-4.0859,-1.4369,1.6387,3.3887,0.0000
-3.4964,-2.8735,0.0413,-0.3871,3.3609,0.8944,1.0075,-1.2018,6.1219,1.0000
-2.7706,1.8991,6.9629,0.4345,0.6253,2.7837,-2.3893,-3.1543,3.4062,2.0000
-1.7944,-0.3036,-0.7983,0.4130,-3.4061,-2.0113,-0.1909,1.4641,-0.0453,0.0000
-1.1805,2.9730,4.7246,1.4169,1.5801,0.1301,-2.0543,-1.4018,2.5779,2.0000
-1.0065,-0.0889,-2.3786,-0.0704,-0.7290,-0.5795,1.4580,2.6944,-0.6472,3.0000
-1.1159,0.3048,-2.7436,2.8859,-0.1340,-2.9020,2.5901,2.5947,0.0428,3.0000
-2.2201,-2.4992,0.9610,-0.5970,1.9404,0.5504,1.1704,-2.5560,4.1223,1.0000
-0.6639,-0.0915,-0.1825,0.2223,1.3487,-0.2606,1.6182,-0.1092,0.9170,0.0000
-1.0263,-1.0513,-1.7376,-0.4177,0.3805,1.4126,0.9289,1.6089,0.2532,3.0000
-1.7322,-2.2695,0.2141,1.1531,1.2356,0.5349,1.7742,-1.8513,2.6206,1.0000
-0.3231,3.8905,5.9742,-0.8157,-0.9554,-2.3664,-0.9999,-3.0335,0.4242,2.0000
0.1177,0.4706,0.2161,-0.9259,-0.0027,1.7029,2.3110,0.0437,-2.0728,1.0000
-0.5918,0.5402,1.3740,-1.0072,2.4423,1.2803,1.1369,-0.8705,1.2572,2.0000
-1.2589,-1.4037,0.6506,1.3065,1.0841,1.0170,1.2515,-1.5062,1.7799,1.0000
-0.8185,-0.8936,-0.7949,-1.2804,2.0212,0.1549,1.0025,0.0770,1.9187,3.0000
-3.4919,-3.0312,-0.0382,-0.2110,3.5536,0.4203,-0.2548,-1.1118,7.0958,1.0000
-0.1556,-0.4209,0.3552,-0.5646,3.8916,-0.3659,0.4455,-1.3176,3.2186,3.0000
2.0561,2.8394,1.5062,0.0298,-2.3767,4.6960,0.7042,1.2112,-6.9386,1.0000
-1.5667,0.6717,1.5155,-0.9449,-1.3856,-1.6022,0.1544,-0.4879,0.9459,0.0000
-1.2362,-2.4708,1.4442,0.4489,0.6372,0.0494,1.9919,-3.8026,2.3017,1.0000
-2.2463,-0.0386,0.3794,-0.7042,-3.6363,-2.0385,-0.1658,0.6698,0.3227,0.0000
-2.3852,0.5958,0.7473,0.4456,-0.1972,-0.0657,0.5259,0.9399,1.5185,0.0000
-2.2653,-0.4438,-1.9677,-0.0407,-1.2623,2.7097,2.3114,3.3163,-1.4592,3.0000
0.1147,3.6675,5.6967,0.6392,-0.2502,-0.3077,-0.4921,-2.8330,-0.4882,2.0000
-4.2780,0.5305,4.3009,0.0340,0.6715,-0.2280,-0.8410,-1.8304,5.3645,0.0000
0.0556,0.2885,0.8043,1.0326,-0.6233,3.0402,2.0911,-0.2805,-2.6894,1.0000
-1.1336,-1.5432,-2.7214,1.8539,-1.0844,1.0191,1.1191,2.2964,-0.6137,3.0000
0.1874,0.2631,0.9583,-0.8138,-0.7873,2.5109,2.2051,-0.6981,-2.6921,1.0000
-1.6226,-0.3067,2.0698,-1.0421,0.9120,3.6074,-2.7006,-0.1977,2.4041,1.0000
-0.0413,-0.6086,-0.0959,1.0412,-0.4942,0.2135,3.1701,-1.0955,-1.5362,1.0000
-1.3423,-1.2709,-1.2842,-0.5259,1.6113,1.2614,0.8083,0.9314,1.7630,3.0000
0.4555,0.5280,0.0913,0.9174,-2.4565,-1.8348,1.2175,-0.3659,-2.1943,0.0000
-2.2366,-2.3114,0.4153,0.3544,1.4945,2.1711,1.5567,-1.3799,2.7083,1.0000
-1.3611,1.6982,3.8414,-0.4074,1.1993,2.6332,-2.2381,-0.7945,1.9477,2.0000
-0.6432,-1.9549,-2.3037,0.0337,2.5505,1.6176,-0.5218,1.3352,2.4189,2.0000
0.2283,1.5750,0.0330,-0.3618,-0.0758,-1.3918,2.9407,0.2835,-1.8388,0.0000
-0.7855,-0.2530,0.2755,0.2181,0.7830,2.6476,0.5629,0.3698,0.0549,1.0000
-1.4746,-0.3516,1.8883,-1.4581,-0.2606,-0.1482,1.9887,-2.0994,0.8897,2.0000
-1.7378,1.5130,0.7437,0.7719,-3.0608,-1.0408,-0.5759,1.7631,-0.6868,0.0000
-1.7424,1.1781,-1.3668,0.6371,0.1659,0.1258,2.4344,3.0479,-0.5604,3.0000
-2.0657,2.5046,4.7062,0.5491,0.0712,1.1519,-1.0124,-1.1582,1.5793,2.0000
-2.3052,-2.9698,0.6626,1.0585,1.6301,0.5184,1.2326,-2.6169,4.1376,1.0000
-1.1607,-1.1212,-1.8246,-0.8097,1.0154,-0.1475,0.9585,1.2297,1.4917,3.0000
-0.0904,-2.1584,-1.8979,1.2543,1.1823,0.7659,-0.2932,0.2476,1.4387,3.0000
-1.6541,2.5125,4.5212,-1.6116,-0.3134,0.8738,-2.2666,-0.9089,1.5887,2.0000
-0.7641,-0.4095,0.1130,1.9827,1.4593,0.1633,0.3238,-0.2784,1.7351,1.0000
0.3076,0.3257,-0.7948,0.4692,0.1242,-0.3439,3.3320,0.1294,-1.9089,1.0000
-1.5926,0.5493,2.7470,1.2148,1.1524,1.6491,-0.8993,-1.1178,2.2745,2.0000
0.0508,1.7121,3.2789,0.7834,1.1548,0.0491,-0.9649,-1.9170,1.1008,2.0000
-2.7767,-2.6005,-0.1518,-0.2948,3.3930,-0.7208,-0.9296,-1.0950,6.9031,1.0000
-2.8752,1.1660,4.3621,1.4262,0.2270,3.0125,-0.9867,-1.1366,2.2167,2.0000
-1.9834,-2.1175,1.2058,0.2903,1.0518,2.6523,-0.0227,-1.6663,2.7787,1.0000
-0.1240,0.3255,0.0553,-0.7675,1.8619,2.5871,-0.1217,0.8335,0.2397,2.0000
-2.0992,-0.3010,-1.4392,-0.0265,-2.0220,-3.7413,1.2292,1.4114,1.1416,0.0000
-1.8713,-0.0716,-1.0062,-0.4448,4.1786,-0.9590,4.0309,0.4438,2.9649,0.0000
0.5157,1.1108,0.2336,-1.4158,-3.4190,-2.4568,1.0221,-0.0184,-2.8711,0.0000
-1.5676,-1.8801,-3.1166,0.8576,-1.5187,2.3086,0.5352,3.1780,-0.7627,3.0000
-0.9849,-1.4304,0.7934,-0.0581,0.6811,1.0622,1.8081,-1.9205,1.0381,1.0000
-1.3624,-1.7731,0.1880,-0.1391,1.0210,0.4984,3.1983,-1.8789,1.2474,1.0000
-0.1762,0.0361,0.5749,-0.6321,3.3136,1.9061,-1.4799,0.0005,2.5267,2.0000
0.3437,0.1404,-1.5011,1.0599,-6.0451,-1.1288,-2.0273,2.4255,-3.7195,0.0000
-1.4205,-1.5560,-2.0134,-1.4832,0.6168,-0.0358,1.0629,1.2150,1.5181,3.0000
0.1958,0.3881,-0.8549,-0.4139,-1.6093,-1.0319,1.5256,0.7459,-2.0080,0.0000
-0.8569,2.7298,3.3188,1.5780,0.7849,1.7205,-2.3871,0.3292,0.9810,2.0000
-0.9789,-0.9936,1.2403,-0.5485,0.7675,1.8396,-0.3155,-1.3043,1.5983,1.0000
-1.8587,-1.1685,-0.2229,0.0435,4.0940,0.0788,2.0424,-0.7265,4.1506,3.0000
-1.3353,-2.0122,0.1303,-1.9251,1.1166,-0.2463,2.6632,-2.1369,1.9687,1.0000
-1.5486,0.0157,-2.1084,0.7507,-0.4753,-1.5600,3.2142,2.0937,-0.3728,3.0000
-1.3630,0.1011,-2.8367,-0.5627,-2.2140,0.2436,2.4872,3.7099,-2.4560,3.0000
-0.7318,-0.4625,1.6162,-0.8434,5.8408,-0.5954,0.8992,-2.8103,5.3477,3.0000
-1.5853,-1.0797,-1.6703,-0.2544,1.2634,0.0189,1.8352,1.1433,1.5778,3.0000
0.0566,-1.6218,-1.4492,-0.1110,1.1207,1.2792,-0.2391,0.3081,0.8473,3.0000
-1.5922,1.1175,0.2500,-0.6683,0.5443,-0.3110,1.1082,1.2703,0.8157,0.0000
-0.6072,0.2993,0.1200,0.9783,3.5355,-0.9779,0.8552,-0.3397,2.9619,3.0000
-4.0385,-1.7411,-1.8536,-2.6032,-0.0438,-1.4480,-0.1014,2.2868,4.5133,0.0000
-2.6145,2.1741,0.4882,0.4737,-0.5711,-0.7099,0.6085,2.7109,0.7467,0.0000
2.3679,0.5119,-1.5361,1.3591,3.2922,0.8857,-0.6760,0.9320,-0.3563,2.0000
-0.2705,0.7233,-1.1346,0.4150,-1.6374,-1.7074,1.0082,1.5832,-1.3695,0.0000
0.1566,0.3513,-0.2826,0.4264,1.0661,-0.7357,0.8306,0.0605,0.3118,1.0000
-0.6030,-0.7386,1.1411,-0.8108,0.7133,-0.6980,0.6459,-2.0495,1.7230,2.0000
-0.5592,-1.5135,-1.2064,0.0651,1.4291,1.1235,0.1079,0.3278,1.5002,3.0000
0.6781,0.7030,0.1833,-0.1688,-0.8955,0.6032,0.4009,0.2478,-1.9946,0.0000
-0.9014,-0.1416,3.0690,-0.4704,0.5626,0.4397,0.0153,-2.9921,1.8284,2.0000
-0.9992,0.2423,-1.3330,0.0974,0.1065,1.0674,1.0444,2.2889,-0.4795,3.0000
-2.7205,0.8173,4.1619,-0.2015,1.5994,1.6260,-2.8453,-1.3996,4.6483,2.0000
0.2457,0.9196,0.3246,0.3505,-0.2889,2.9080,0.7612,0.9953,-2.4186,1.0000
-0.9319,-0.2451,-0.1198,0.0431,0.5910,-0.7709,1.7465,-0.2625,0.8543,0.0000
-2.4197,0.9286,4.8797,0.2105,1.2671,1.7695,-3.0781,-2.1304,4.3204,2.0000
1.2090,0.6129,-3.9116,0.9021,-2.1680,-2.8720,3.5690,2.8844,-4.3045,1.0000
-1.2747,-1.6988,0.2849,1.2457,1.3313,-0.3325,2.1510,-1.9669,2.2084,1.0000
-0.8228,0.0113,-1.5599,-1.2025,1.5901,-1.9994,2.1857,0.9903,1.3023,3.0000
-1.7115,-1.0925,-0.5856,-0.0090,2.1817,2.1682,1.1464,0.6291,2.0270,3.0000
-2.3922,-2.5765,1.3318,0.7170,1.3429,2.5015,0.5636,-2.2266,3.4162,1.0000
-2.0721,-0.7586,-1.0805,-0.4816,1.7821,0.6751,2.2233,1.0909,1.8816,3.0000
-1.4030,-0.7594,-0.6180,-0.1049,1.7281,1.3944,1.1309,0.6591,1.5849,3.0000
0.3956,0.6651,1.0313,-1.8771,-0.4157,2.1724,0.9627,-0.3443,-2.0954,1.0000
-2.2035,-0.7967,-2.4877,0.5153,-0.2522,-0.1679,3.0171,2.4933,0.1855,3.0000
-1.4612,-0.7763,-2.3463,0.0053,-0.8252,-2.4728,2.1948,1.5920,0.5237,0.0000
2.1882,0.2968,-1.3983,0.6561,-1.3952,-3.0038,3.6854,-0.8963,-3.7551,0.0000
-0.1163,-0.9398,-1.7712,1.2107,0.0550,3.0289,0.3637,1.8412,-1.2499,3.0000
0.0777,-1.6525,-2.7115,0.1406,-0.5621,0.4117,0.4219,1.4603,-0.6199,3.0000
-1.7463,0.5117,2.6354,-0.0083,2.3912,1.4659,-2.4364,-0.7570,4.0638,2.0000
-0.8978,-1.2367,-2.3472,0.5397,-5.1255,-2.6476,-0.9016,1.9780,-1.3323,0.0000
-1.0714,2.8036,-0.5245,-1.4048,0.3417,-1.3295,3.1143,2.7280,-1.3635,0.0000
-1.3892,-0.7056,-1.1480,-0.1028,1.6508,1.3495,1.0118,1.3163,1.4261,3.0000
-1.8533,-1.9809,0.1068,2.3490,2.0803,0.0293,0.9849,-1.4233,3.7191,1.0000
0.8046,0.4446,0.5341,-1.3103,-0.8387,1.1617,2.3911,-0.7898,-2.9661,1.0000
-0.7191,-0.7174,0.7788,-1.7818,0.8714,0.7747,0.6395,-1.1898,1.2076,1.0000
1.4253,3.5741,0.9017,-0.9916,1.4959,0.0254,-1.9571,1.9324,-0.9760,2.0000
-0.2806,0.1512,1.0791,0.0034,0.1125,2.5539,0.8724,-0.4458,-0.9722,1.0000
-0.7274,-1.7926,-2.6938,1.3366,-1.2260,1.6480,1.0174,2.0068,-1.1357,3.0000
-1.6232,-0.4768,-1.9357,0.3298,0.1793,-0.7295,1.4623,2.0392,0.9153,3.0000
-2.4576,-2.5143,0.3937,-0.1153,2.4189,0.4143,0.7719,-1.7993,4.7702,1.0000
-1.7002,-0.5866,-1.3886,-1.2199,-1.0641,-0.7700,0.2419,1.7777,0.8493,0.0000
-3.1617,0.7897,5.4628,1.1761,0.3504,3.2021,-1.4510,-2.4126,3.1621,2.0000
-0.7474,-0.5604,0.7818,-0.6458,1.3893,0.5176,-0.7932,-0.8092,2.2770,1.0000
-1.4948,1.2187,-1.3698,-1.1117,0.0121,-1.6035,3.0760,2.3615,-0.4570,3.0000
0.4395,-3.8505,-1.9693,-0.4497,0.6343,4.4224,-2.3803,-0.0669,0.8938,3.0000
-1.9343,2.1253,1.2375,-0.0953,2.5331,0.8740,1.7629,1.2735,1.4389,0.0000
0.8178,2.3402,1.8545,0.9492,1.2555,-0.5132,-2.6956,0.0919,0.8430,2.0000
-1.0148,-0.6129,1.1515,-0.0786,1.3655,2.2351,-0.4267,-0.7544,1.7113,1.0000
-1.5843,-2.5760,0.9624,0.6966,1.1217,-0.2462,0.6313,-2.9799,3.6206,1.0000
-0.6906,-0.3718,0.3041,-0.5559,-0.3484,-1.3627,1.7023,-1.0357,0.4212,0.0000
-1.4017,0.7166,2.6460,0.0239,0.6329,0.3972,-0.2446,-1.3825,1.8578,2.0000
0.3579,-1.9270,-1.6937,0.5985,0.4117,1.6064,-1.1215,0.4909,0.4461,3.0000
-0.9045,-1.8600,1.3183,0.1590,0.5771,0.2857,0.8732,-2.9300,2.0170,1.0000
-1.8164,-0.0285,-2.3734,0.8501,-0.3141,-0.4861,2.6396,2.8966,-0.2712,3.0000
-1.9872,2.0083,5.4628,-0.6210,-1.4294,-1.0025,0.0662,-3.1825,1.3224,2.0000
-1.0209,-1.1149,0.4809,-2.1802,0.7115,1.3791,1.1211,-1.0091,1.0137,1.0000
-0.5430,-0.7069,-1.8547,0.0504,0.4698,-0.7957,1.3449,1.1105,0.4439,3.0000
-1.6916,-2.0963,0.0632,-0.6223,1.8132,-0.4143,0.8969,-1.6427,3.6706,1.0000
-3.2186,1.4175,0.6728,-0.2185,-0.5567,-0.2021,-0.2819,2.4623,1.9136,0.0000
0.2506,-0.6523,-0.1906,-0.0071,-0.5544,-0.9200,1.4723,-1.0833,-0.5760,2.0000
-0.4137,2.1746,-0.9237,-0.2201,-0.6015,-4.0155,4.4021,1.2926,-1.7942,0.0000
-1.5644,0.2735,-1.5077,0.6810,0.2368,0.9663,1.7391,2.6214,-0.2421,3.0000
-1.6544,0.7352,4.4118,0.2582,-1.4681,-0.5845,-0.9146,-3.0672,1.7109,2.0000
0.4512,-1.3855,-1.8807,-0.9008,0.7751,-0.0556,-0.7807,0.6075,0.8389,3.0000
-0.1017,-1.0779,-2.2818,0.0212,-1.2657,-1.0359,0.9337,1.2015,-0.7987,0.0000
-1.3966,-2.0680,0.3456,-1.2793,0.8205,0.4037,2.7735,-2.2197,1.5654,1.0000
0.0100,-0.1053,0.4780,1.2104,2.7370,1.8258,-0.0708,-0.4252,1.4037,3.0000
-0.2254,-2.2963,-2.0409,-0.6029,1.0919,-0.9832,0.4911,-0.2870,1.9160,3.0000
-1.5255,4.2995,4.3562,0.4205,-1.2262,-0.9554,1.3683,-0.3404,-1.0652,0.0000
-0.8572,-0.8528,-2.6281,0.8654,-2.0183,0.1789,-0.4451,2.9455,-0.8119,0.0000
-2.3678,-0.6693,-1.6086,0.6853,0.4318,1.6716,1.8918,2.4088,0.6974,3.0000
-1.3925,-1.4966,0.9323,0.3795,1.4289,0.7154,0.2286,-1.7064,2.8544,1.0000
-1.3184,-1.3868,-0.4565,1.0660,1.2537,0.5662,1.8546,-0.5062,1.5812,1.0000
0.3121,1.2105,-0.3862,-0.2399,-1.9468,-3.9790,3.5174,-0.2677,-2.3278,0.0000
-2.4119,-3.0781,0.2219,0.9542,2.3211,-1.4477,1.8287,-2.9022,5.2413,1.0000
-1.6547,2.6402,7.2776,0.4572,-1.1487,-1.2585,-0.5498,-4.7312,1.7471,2.0000
0.5536,1.9213,1.2360,1.1600,-0.7328,-3.0983,-0.9171,-0.3688,-0.0026,2.0000
-1.1387,4.3575,4.1795,0.9473,1.4356,0.2832,2.8860,-0.6148,-0.7566,0.0000
-0.5948,0.0926,0.0032,-1.9122,0.6775,1.9214,1.5681,0.4778,-0.5858,1.0000
-2.7854,-2.4907,1.0835,-1.5419,-0.1825,-0.2736,-1.3718,-1.7628,4.5898,0.0000
-1.3998,-2.0282,-1.4701,0.7678,0.5668,2.1860,1.3444,0.6723,0.7890,3.0000
-1.7439,-1.8784,0.0467,-0.8568,1.5980,0.7118,1.9359,-1.3153,2.4869,1.0000
-2.5591,2.8204,7.9734,-0.8059,0.2653,0.8593,-3.8308,-3.6425,4.1895,2.0000
-0.7675,-0.3293,1.8907,-0.1279,0.0122,3.7214,-0.9691,-0.7815,0.1702,1.0000
-1.0386,-0.7497,0.4496,-1.3347,1.6315,0.8422,-0.0042,-0.5861,2.2220,1.0000
-1.1888,0.5947,-0.8264,1.0562,2.5263,-2.9322,1.9854,0.6393,2.6405,3.0000
-3.3569,1.7018,6.2809,-1.4161,-0.1386,1.0677,-1.2288,-2.9066,3.4882,2.0000
-2.4511,6.2544,9.3998,0.0163,-3.2718,-2.8460,-1.4041,-3.1930,0.5018,2.0000
-1.5983,1.7830,-0.5036,0.1265,-1.0680,0.3499,-0.3888,3.4432,-0.5053,0.0000
0.4053,1.8382,-0.0411,1.2070,1.5891,-1.8154,3.8506,0.0178,-1.1787,0.0000
-0.9978,-0.9979,-0.7316,1.4456,1.9437,1.0243,0.3310,0.4028,2.0204,3.0000
-1.9381,-2.0540,0.3285,0.1635,2.0991,0.5224,0.9417,-1.5544,3.7101,1.0000
-2.2411,0.2520,3.2609,0.3568,0.6610,1.8186,-2.4560,-1.1476,3.3900,2.0000
-0.4073,2.0323,3.8835,-0.3933,2.2182,1.8450,-1.9492,-1.4338,1.9135,2.0000
-0.2602,0.1960,-2.4262,0.3734,-0.2616,-2.1275,1.6100,2.1129,-0.5160,3.0000
-2.2044,0.7371,-0.3939,1.2517,1.1336,-2.5877,3.1969,0.8064,1.8267,0.0000
1.3726,-1.3122,-3.8822,-1.1764,2.9342,0.6962,-1.9349,2.6370,1.2765,2.0000
-1.3102,-1.1424,-2.0382,-0.4865,0.0385,1.2238,1.6558,1.8270,-0.0295,3.0000
-0.9000,-1.8577,1.1463,0.9505,0.1202,-0.0279,2.0116,-3.0442,1.2571,1.0000
-3.0515,1.5624,7.8487,0.1237,-0.2012,0.9761,-0.5960,-5.1191,3.4137,2.0000
-2.4482,-0.4953,-1.9833,0.3937,0.1213,0.1447,2.8469,2.4397,0.5682,3.0000
-1.0729,-0.2294,-1.1210,-0.4694,1.3365,-1.1082,1.5118,0.8325,1.4983,3.0000
0.3517,-0.4372,1.4929,1.3900,-0.2140,0.0869,1.7369,-2.6382,-0.6534,1.0000
1.2038,1.7944,0.8860,0.3106,2.1843,-0.7802,-0.6084,-0.2290,0.4130,2.0000
-3.9957,2.6443,10.8102,-1.0166,-1.4125,1.9546,-2.4416,-6.0324,3.9097,2.0000
-2.1382,-0.8139,-2.3842,-0.6420,-2.0610,2.6869,2.7361,3.3321,-2.2283,3.0000
-2.6670,3.0293,6.7056,0.6028,-0.6589,1.9543,-1.9370,-2.0392,1.8544,2.0000
-0.9613,2.8982,1.0918,-0.0527,3.1159,-1.3065,4.4194,0.3683,0.3077,0.0000
-1.9226,-1.3807,0.4277,0.4694,1.4528,2.9064,1.0297,-0.3568,1.8320,1.0000
-0.4477,-0.8703,1.3652,1.2592,0.3875,0.7121,0.7747,-2.1360,0.8279,1.0000
-0.5334,0.4473,1.0993,1.4469,1.2802,1.1065,-1.0503,-0.0920,1.4118,2.0000
-1.1398,0.9892,-2.9594,0.5598,-2.4729,-1.1133,2.4965,4.2375,-2.7761,3.0000
-3.5343,-1.2297,5.6087,0.3652,0.1044,2.2766,0.4214,-4.9570,3.9901,2.0000
0.1188,-0.5340,0.3359,-1.6610,5.1426,-3.2377,0.0148,-2.3404,5.3650,3.0000
-1.6489,2.0350,4.9235,1.0828,0.5264,0.6322,-0.6418,-2.3511,1.9238,2.0000
-2.5816,-2.6338,-0.3235,-0.3443,3.2230,-1.0784,1.0034,-1.5791,5.8694,1.0000
-1.0184,-0.3940,0.4902,-1.4207,0.5687,3.7963,0.6543,0.4289,-0.3022,1.0000
-1.9881,-2.1951,0.2063,-0.0558,1.4540,1.4473,-0.0182,-0.9871,3.3727,1.0000
0.7758,-1.3494,-2.1659,-1.2410,-0.0164,0.0750,-1.2723,1.0122,0.0680,3.0000
-2.8602,1.9989,-0.7330,1.2807,0.4473,-1.5311,5.2335,2.6175,-0.2651,3.0000
-0.6024,-0.2598,0.1954,-0.7541,0.9974,0.7195,-0.0774,-0.0270,1.1487,1.0000
-0.7750,-1.9503,-0.7205,-1.8674,2.1859,1.5201,0.4264,-0.5593,2.2789,3.0000
-0.3831,-1.4108,0.1492,0.4939,3.8118,1.0774,0.1096,-1.4392,3.3805,3.0000
-0.4654,0.5308,0.0995,-0.0988,3.3614,-0.2777,0.6968,0.0654,2.3582,3.0000
-0.5868,0.4378,2.2103,-0.1116,1.8328,1.2928,-3.2152,-0.8011,3.0424,2.0000
-2.4140,0.1924,2.6134,0.2053,3.3981,3.5097,-3.1504,-0.0647,4.9759,2.0000
-0.1704,2.4385,3.4428,-0.2638,-0.2884,-0.2159,-1.0679,-1.1781,0.0466,2.0000
-0.6659,-0.6744,1.4199,-0.1548,0.3255,2.5998,-0.0742,-1.1841,0.4536,1.0000
-1.7651,-1.2204,0.2342,-0.8149,1.6351,1.5305,0.5505,-0.3437,2.4960,1.0000
0.7722,0.7274,0.8118,-0.2299,-0.5769,1.5034,2.2005,-0.7027,-2.8935,1.0000
-0.8804,-1.0882,-1.3819,-1.3125,0.8229,1.3407,0.5874,1.1135,0.7456,3.0000
-0.8959,2.0653,1.5426,0.2113,0.3725,0.1522,1.1657,0.4780,-0.3090,0.0000
-1.7308,-0.8853,-0.0054,1.0558,2.3628,1.4253,-0.0011,0.2505,3.0424,1.0000
-0.9578,-0.7764,-0.1857,2.6811,0.8891,1.1484,1.9377,-0.2531,0.4630,1.0000
-1.2012,3.0411,3.3248,0.5397,-2.0301,2.2751,-1.4900,1.0371,-1.5738,0.0000
-2.4867,-0.1682,-0.7356,0.4089,2.0499,0.5525,2.8738,1.2865,1.9461,3.0000
-1.3150,-1.0110,0.6707,0.1491,1.2760,1.4200,0.0575,-0.7535,2.1235,1.0000
-0.6349,-1.1527,-0.9893,0.5749,0.0131,4.6474,-0.5215,1.6972,-0.8170,3.0000
-1.5123,-0.8319,0.5853,-0.1193,1.2295,2.6197,0.7158,-0.2138,1.3282,1.0000
-1.7884,2.3740,4.0267,0.8219,0.6410,-0.4205,-1.0104,-1.1552,2.3247,2.0000
-1.4519,-0.8286,1.5808,0.3015,0.6765,3.3720,0.4660,-1.0355,0.9216,2.0000
-0.2990,-3.6074,-4.9185,-1.3901,3.9822,3.4486,-0.7359,2.8567,2.7234,2.0000
-1.3506,-1.6914,-1.8105,-0.4122,0.2889,2.1107,1.0533,1.4229,0.4392,3.0000
-0.5453,-2.1348,-1.0227,-0.6448,2.7777,1.3461,-0.5433,-0.4043,3.0498,3.0000
-1.6727,0.7775,-0.6649,1.1783,-1.3279,-0.2111,-0.4758,2.6046,0.1578,0.0000
1.0342,0.2653,1.3005,1.1316,-1.4444,1.1656,1.1122,-1.5724,-2.7278,1.0000
0.0535,-0.6715,-0.1355,-0.7670,3.2973,3.3319,-1.8256,0.4464,2.0787,2.0000
-3.1065,0.6300,1.1544,-0.3302,0.2347,-1.7388,1.0837,0.3026,2.9821,0.0000
-0.7938,-3.0040,-1.2759,-0.7067,0.9971,4.3330,-0.7055,0.1957,1.1872,3.0000
-0.6128,-0.8020,0.6982,-0.7078,-0.0641,2.1894,2.0159,-1.0966,-0.7558,1.0000
-0.2037,2.9346,2.5587,0.4321,-2.2511,0.7188,-0.2530,0.5535,-2.6061,0.0000
-0.9089,1.0697,2.5646,0.0732,1.2321,0.8662,-2.0598,-0.7369,2.2823,2.0000
-0.8922,-0.9837,-2.4527,0.2486,-0.6172,0.1889,1.1336,2.1271,-0.3712,3.0000
-1.6129,-1.0642,0.7300,-0.8510,2.0565,1.7613,-1.9534,-0.2194,3.7458,1.0000
0.7575,2.1979,-0.4068,-1.3656,-2.7054,-3.9644,3.0569,0.6425,-3.5957,0.0000
-0.7069,-0.5908,0.4116,-0.5034,1.1711,0.3508,1.8791,-1.1045,0.8715,1.0000
-2.4945,-2.5203,-0.2053,-0.9281,2.6648,-0.2149,0.5104,-1.2481,5.2160,1.0000
0.6976,1.1580,-0.6871,-1.3637,-0.4325,-0.4831,2.5720,0.7892,-2.6657,0.0000
-0.3169,0.1948,1.1041,-0.9510,0.3044,2.5573,1.0234,-0.4668,-0.8902,1.0000
-4.5276,2.0781,6.9462,-2.4908,-1.1159,2.4921,-1.2548,-2.1545,3.1358,2.0000
-1.9086,-1.6878,0.6467,0.0075,1.6655,1.4135,-0.0432,-1.0616,3.3178,1.0000
-0.9264,-1.1316,1.1170,0.3866,0.5595,1.1303,0.9571,-1.7950,1.1750,1.0000
0.6403,0.3072,-3.4084,0.8861,-4.5557,-3.0784,1.0071,3.1514,-4.0105,0.0000
-0.4122,-1.8631,-1.2710,-1.2371,2.1316,0.4818,-0.1767,-0.1900,2.4610,3.0000
1.6166,-0.4657,-2.1405,0.0636,3.5159,0.7636,-1.1655,1.1483,1.0934,2.0000
-0.9157,-1.0700,-0.6894,2.5455,0.4111,0.8482,2.8476,-0.2420,-0.1682,1.0000
-3.3853,0.1390,-0.2653,1.2488,1.6106,-2.1129,2.0676,1.0912,3.8343,0.0000
2.9512,1.7546,-2.3828,-0.6917,3.6308,0.8713,-1.5009,2.8916,-1.1202,2.0000
-0.8243,-3.1139,-0.4790,1.0420,2.5779,4.0536,-1.1386,-0.9134,2.9324,3.0000
-1.4067,-0.1113,-1.3215,-0.8222,-1.5355,-2.7874,1.5494,1.2018,0.2856,0.0000
0.0756,0.2007,0.7565,-0.4566,-0.0022,1.8704,0.3509,-0.2819,-0.9375,1.0000
-1.5583,0.9660,2.6260,0.7046,0.9853,2.0092,-1.1325,-0.4372,1.8177,2.0000
-3.2418,1.3376,5.1884,1.4388,2.8283,1.3615,0.4885,-2.7434,4.5566,0.0000
-1.1505,1.0860,-0.1322,-1.0308,-2.1503,-0.5002,-0.3572,1.9987,-0.8404,0.0000
2.3520,2.3050,-0.6685,-0.2821,1.6124,-0.8375,0.0619,1.2341,-1.9199,2.0000
-0.3312,-1.5782,-1.2522,1.2577,1.3324,1.8693,-0.4059,0.5189,1.1770,3.0000
-0.0730,0.1206,1.1150,1.3418,3.2593,2.7036,-0.6626,-0.5546,1.7829,2.0000
-2.2093,4.5793,7.7468,0.8092,-1.2777,-1.3121,-3.3684,-2.4267,2.4729,2.0000
-3.4434,2.1517,6.9060,1.5549,-1.0671,1.2692,-0.1738,-3.2246,2.2397,2.0000
-2.8803,-3.2143,0.1568,-0.6873,2.6753,-0.9331,1.6871,-2.5679,5.7946,1.0000
-0.2677,2.0446,3.4207,1.4309,1.6558,1.4876,-2.4397,-0.9043,1.6389,2.0000
-1.0100,-1.6769,-0.1023,-1.0782,1.7632,4.9634,-0.9283,0.4166,1.3256,3.0000
-0.9064,-0.6302,-0.1477,-0.2660,1.6956,-0.2472,1.1734,-0.4545,1.8712,1.0000
0.7523,3.2926,3.1059,-0.4773,-2.1590,0.1403,0.6503,-0.6196,-3.5635,0.0000
0.5210,0.1364,-0.4537,-0.3122,2.1515,0.9243,-1.6276,0.7503,1.2683,2.0000
-0.6960,0.6977,-1.4324,-0.4567,1.4950,-3.5844,2.2888,1.0016,1.4104,3.0000
-0.1200,0.7866,0.3647,0.4437,0.5684,2.1534,0.9137,0.7026,-1.1560,1.0000
-2.2031,1.7065,3.6062,1.5060,0.1650,1.3209,-2.8571,-0.1488,2.6827,2.0000
-0.2026,0.0528,1.3782,0.2650,0.0943,1.9562,0.8006,-1.0538,-0.6343,1.0000
0.0537,-0.0944,0.6386,-0.9824,3.2459,3.1448,-1.8774,0.1051,2.0247,2.0000
-1.6574,-0.9390,-0.6498,-1.0478,1.7247,1.4458,1.1926,0.6635,1.8372,1.0000
0.5081,-2.4435,-0.9078,0.8306,1.7752,1.7679,-1.5535,-0.9558,1.9143,3.0000
-0.2513,-1.4005,-1.5663,0.1041,0.7155,1.1141,0.4285,0.6607,0.4311,3.0000
-0.8535,-0.4876,1.3834,0.1238,0.6819,3.0749,-0.0439,-0.7805,0.5415,1.0000
-1.2688,3.4874,1.8119,-0.1793,0.0289,1.1001,0.2975,2.2339,-0.9659,0.0000
1.6438,4.7293,-0.3617,-1.2203,-0.4344,0.0966,3.7146,3.1920,-6.1023,0.0000
1.2896,-1.2186,-1.2569,-0.3355,0.8638,0.9892,-1.9424,0.1497,0.3446,3.0000
0.9282,0.8316,-0.2817,0.8252,1.9013,-0.4725,-0.3656,0.3558,0.4313,2.0000
-1.2473,-0.0550,-0.6372,0.5820,1.9508,0.2143,1.6184,0.8167,1.5054,3.0000
-0.7493,-0.5859,-1.7547,0.8258,-0.9319,3.0068,0.2408,2.6380,-1.5552,3.0000
0.4952,1.5074,0.0235,0.4593,1.1539,0.6469,-2.4916,1.7784,0.4470,2.0000
1.0698,-3.0490,-1.7257,0.7508,0.7558,2.4313,-1.8813,-0.5777,0.6951,3.0000
-0.4292,-1.8147,-3.0359,-0.0004,-1.9552,2.3872,-0.0730,2.7296,-1.8102,3.0000
-1.4013,-1.7000,1.2939,-0.8390,0.9634,1.4074,1.2193,-2.3018,1.9869,1.0000
-3.2328,-0.5995,-2.1891,-0.5799,-1.6469,-2.5745,0.4700,3.0370,2.1865,0.0000
-1.5596,-0.9547,-0.8881,0.7108,1.4261,2.0916,1.0950,1.0832,1.2565,3.0000
-0.9677,-1.3264,-1.2747,-0.8378,1.7295,-0.2143,1.2764,0.1484,1.9823,3.0000
-1.1548,-0.8545,-0.5342,-0.7746,1.6166,0.0288,1.8193,-0.1736,1.6387,1.0000
-1.0307,-1.1220,0.9130,-1.0653,0.4078,1.9381,0.8144,-1.2391,0.8168,1.0000
-0.4550,2.2598,0.3878,1.8994,1.4684,-1.3003,3.0623,0.7560,-0.5272,0.0000
-3.0987,-1.5815,-2.1006,-1.4349,-1.7949,-2.0471,-1.2106,2.4802,3.0627,0.0000
-1.9320,3.8214,6.2286,0.2173,-0.2157,-0.4604,-1.7990,-1.8755,1.9655,2.0000
-1.7510,-0.7070,-2.3352,0.0449,-0.6120,1.3177,-1.2455,3.5980,0.8282,0.0000
-1.8682,1.8368,4.4527,-0.1345,1.2294,2.2358,-3.4891,-0.8711,3.2098,2.0000
-1.6179,-2.9159,-2.2556,0.2384,-2.2677,-1.3210,-0.2246,0.5640,1.4127,0.0000
-0.2815,-0.4725,0.7675,-0.4461,1.7771,1.0904,0.1669,-1.0855,1.4359,2.0000
-0.4226,-0.9902,0.3042,-0.3399,1.0231,-1.9118,0.4499,-1.7649,2.3253,1.0000
-3.9759,2.5951,7.9320,1.1135,-0.8512,1.0406,-1.8322,-3.3355,3.7080,2.0000
1.6230,1.3203,-1.2124,0.4006,2.5946,0.4736,-0.0557,1.5740,-0.6995,2.0000
-0.6202,-0.3294,0.5439,-0.5734,0.6590,2.0431,0.2813,-0.1724,0.3205,1.0000
-2.3640,0.4635,0.4106,-0.8291,-1.1835,-0.2143,-0.2356,1.4204,1.1822,0.0000
0.8027,-1.1965,-1.9179,1.3719,2.1169,0.1654,1.3885,0.0377,0.3254,0.0000
-1.2950,-1.2177,-0.9982,0.4396,2.2759,0.5997,1.0078,0.3474,2.4383,3.0000
-0.8739,-0.0840,0.3598,-0.4655,3.1173,1.8828,0.6199,0.0283,2.0445,3.0000
-0.5377,1.5095,-0.4181,1.4077,-0.3280,-1.5316,2.3672,1.2728,-1.1364,0.0000
-3.7571,-0.7154,2.1450,-0.5161,0.3239,0.3552,-1.5219,-0.5611,4.8699,0.0000
-2.0331,0.5939,2.6100,-0.7697,2.5784,2.8205,-2.4817,-0.1436,3.8330,2.0000
-0.7613,-2.5034,-0.7793,-0.5260,1.5951,3.4488,0.1465,-0.3936,1.4349,3.0000
-1.7804,-0.7909,-0.4158,-0.9685,1.7195,2.3435,1.1397,0.8623,1.5571,1.0000
-0.6166,0.8708,1.6917,0.5930,0.4551,0.0748,-1.6438,-0.3447,1.5109,2.0000
-1.4793,3.2268,2.4046,0.4306,-0.5709,-1.2990,1.8488,0.5064,-0.6089,0.0000
-1.0491,1.8081,2.7979,0.1451,0.8195,0.6902,-1.1967,-0.4219,1.4414,2.0000
0.9268,-0.3086,-2.4600,-0.2311,-2.1839,-2.3145,1.6069,1.1624,-2.5552,0.0000
-0.1966,-1.0252,-0.5114,0.0414,2.1803,1.4126,-0.2770,-0.0907,1.6975,3.0000
-0.6600,0.9838,1.8197,-0.1062,2.9709,3.8696,-2.2695,0.5298,2.0041,2.0000
-2.0959,-0.8969,-1.7263,0.9768,-4.1622,-0.2319,-2.4242,3.1734,0.0038,0.0000
-0.3581,0.6714,2.4610,-1.1033,0.8801,0.5503,0.5700,-1.9777,0.7025,2.0000
-1.8909,-0.3530,-1.8968,1.6186,-1.2873,2.7521,2.2250,3.1507,-1.8031,3.0000
-0.6415,-0.8104,1.0489,-0.7919,0.4533,1.5246,0.2866,-1.2971,0.8002,1.0000
-0.0603,1.2284,-1.0661,-0.0949,0.8504,-2.0498,1.3556,1.4406,-0.0196,3.0000
-1.5049,-1.5302,0.1767,-0.2926,1.5165,1.4226,1.4113,-0.9400,2.0035,1.0000
0.3742,0.6756,1.1304,0.3406,-0.2514,2.0674,1.1251,-0.5159,-1.9680,1.0000
1.0543,1.2169,0.7984,-0.7745,-0.5883,1.8944,1.6458,-0.1416,-3.3267,3.0000
0.3130,0.6967,1.0215,0.4381,-0.0378,1.8354,1.6563,-0.5501,-1.9426,1.0000
0.0013,-0.9720,-1.1661,0.5966,1.6050,0.2892,-0.3795,0.3665,1.4439,3.0000
0.5358,0.1444,0.7755,0.8302,-0.6143,0.3203,2.2902,-1.4162,-1.9482,1.0000
-1.0948,1.3490,-1.7043,0.0728,-2.8360,-0.1603,-0.3666,4.1289,-2.0666,0.0000
-1.3091,-1.5462,-0.0407,-0.4994,0.4642,1.6186,2.3365,-0.8806,0.5305,1.0000
0.8365,0.5289,-0.1615,-0.7747,-0.7837,0.0372,4.0795,-0.6563,-3.4605,1.0000
0.5205,-1.4222,-1.3953,-0.4047,0.9215,1.4426,-0.7929,0.3764,0.3978,3.0000
-1.5887,-2.0340,0.5714,1.5669,1.9184,-0.3994,0.5009,-2.1183,3.9275,1.0000
-0.4126,-2.1288,-1.8732,1.2609,-0.3081,3.8017,-0.8471,1.5128,-0.4185,3.0000
-1.6127,-1.4994,0.8147,1.7148,1.3158,2.0493,0.4071,-1.1358,2.2816,1.0000
-1.8050,-2.2778,0.1512,1.5380,1.2925,0.6429,1.5099,-1.6638,2.7849,1.0000
-1.3406,-0.9341,1.2218,-1.1609,0.9475,3.2837,-1.1488,-0.4674,1.7576,1.0000
-0.0888,-0.6778,-0.7263,-0.6055,-0.6109,0.1823,4.1657,-0.6669,-2.1392,1.0000
-0.5956,-0.6546,0.1087,-1.6495,1.1594,-0.0760,0.7988,-0.7453,1.3971,1.0000
-0.4310,0.7365,1.6408,-0.9020,3.2533,3.0587,-2.6329,0.2089,2.6148,2.0000
-0.4194,0.8234,-1.6621,-2.2191,-3.1639,-1.4778,0.3158,2.7314,-2.3209,0.0000
-2.5320,2.8945,7.0547,-0.0001,-0.8451,0.6578,-3.6639,-2.5428,3.1007,2.0000
-1.2857,-1.9519,0.4524,0.4412,1.2935,-0.6245,1.5560,-2.3201,2.7647,1.0000
-0.1560,-0.0458,-0.1195,-0.5313,0.4227,0.8453,1.8156,-0.0767,-0.7484,1.0000
-1.2161,-1.5201,0.1425,1.5599,3.2775,2.9402,0.3126,-0.5762,2.8695,3.0000
-1.6521,-0.1347,-1.9488,0.4594,-1.0341,1.0677,2.4120,2.7703,-1.3220,3.0000
-1.7735,-0.3778,-2.1504,1.2031,0.5052,-1.1498,1.9427,2.1971,1.1301,3.0000
-0.7379,2.2607,4.0844,-0.0728,1.9112,1.2787,-2.1409,-1.3273,2.2231,2.0000
0.8508,0.5120,-2.3118,-0.5942,-2.8115,0.0261,0.0772,2.8672,-3.6616,0.0000
-1.1588,-0.9446,0.2660,-1.3457,1.5749,0.8429,-0.4367,-0.3927,2.5376,1.0000
0.6907,0.3125,-0.6319,2.0692,-1.3780,-3.2330,2.2755,-0.6298,-1.5616,0.0000
-2.8440,-0.6475,0.2178,-0.4293,1.4091,-0.9307,0.3774,0.2367,4.0478,0.0000
-1.3716,-0.6903,-2.0789,-0.8708,-2.5708,-3.4842,1.4859,1.4111,-0.0417,0.0000
-1.5036,-1.8281,-0.2139,0.8275,1.8241,-0.9220,1.7986,-1.5319,3.1114,1.0000
0.5560,-1.8600,-0.9313,3.3183,2.7657,1.1868,-1.4937,-0.6700,2.4840,3.0000
-0.8381,-1.0994,-1.0162,-1.2060,1.1022,1.5331,0.5578,0.7015,0.9424,3.0000
-1.3867,-1.1642,-2.1966,-0.2554,-0.5756,2.8388,0.7121,2.7376,-0.6978,3.0000
-0.9652,-1.7142,-1.2718,-0.1436,1.7642,0.0506,0.3662,0.0558,2.5172,3.0000
-2.5672,-3.2070,0.7873,-1.8821,2.3597,-0.7667,0.4635,-3.0684,5.9413,1.0000
-1.1566,-0.9022,-0.9899,-0.6406,2.7064,-0.3252,1.3054,0.2036,2.7210,3.0000
-2.1572,0.4503,-1.5696,-1.2065,1.0856,-1.8718,3.0937,2.0311,1.3530,3.0000
-2.9340,-1.4726,3.8568,-0.0513,3.6325,4.1644,-2.5422,-2.7429,6.2585,2.0000
1.0166,0.8463,1.0365,-0.5571,-0.7776,1.1835,1.7480,-0.9306,-2.9117,1.0000
-0.9187,-1.2388,-0.1123,0.2494,0.5184,0.8651,2.7192,-1.0190,0.2019,1.0000
-1.5190,-1.8295,-0.7222,0.5788,1.7173,-1.5137,1.1785,-0.9572,3.4508,1.0000
-0.4421,-0.2113,-0.3805,0.3796,-3.2517,-2.4132,0.7225,-0.0009,-1.2582,0.0000
-2.0307,1.6230,1.5354,-0.7253,1.2567,0.7172,0.6546,0.8714,1.5164,0.0000
0.1868,-0.6525,-1.3173,-0.7256,0.3967,0.8882,-0.3199,1.0060,-0.0807,3.0000
-1.9211,-1.4765,-2.1340,0.6746,-0.5545,1.9410,1.5542,2.2284,-0.0442,3.0000
-2.3342,4.0735,4.5495,-0.7447,1.3030,1.1461,1.4611,-0.0548,0.6801,0.0000
-0.9764,-2.0005,-4.6895,-1.0603,-2.6831,-2.6928,1.0569,3.1647,-0.5431,0.0000
1.1439,2.2216,1.1410,1.5817,1.5002,0.0262,-0.5769,0.2046,-0.5577,2.0000
-2.0357,-0.2950,3.1127,-1.5356,0.3995,0.9990,-0.0937,-2.3676,2.5718,2.0000
0.1980,0.6334,-0.1119,-0.7597,0.8716,0.3157,-0.0458,0.6220,-0.0262,1.0000
-1.6743,0.4875,-0.1272,-1.8608,0.5314,-0.8384,1.9219,0.8035,0.9818,0.0000
-1.3479,0.8258,1.7331,0.6274,0.6534,0.0003,-1.8834,-0.0115,2.4448,2.0000
-1.9871,-2.5292,-0.4859,-1.3323,2.4308,-2.0473,2.0582,-2.0513,4.6336,1.0000
0.3365,3.6943,0.5270,-0.1892,2.0899,-0.2523,4.3441,1.4378,-2.5207,0.0000
-0.0386,0.4478,0.5065,-1.8140,0.3213,1.9626,1.0007,0.1313,-1.1394,1.0000
-0.1467,0.0697,-2.3257,1.5275,-1.2243,-1.0433,1.3896,2.2558,-1.5741,3.0000
-0.6449,-0.5438,0.6183,0.4420,0.0664,2.7684,0.9026,-0.3407,-0.5396,1.0000
-3.0982,0.6395,2.2276,-1.3351,0.0766,1.5456,-1.5764,0.6263,2.9328,0.0000
-1.0768,1.6564,4.2145,-1.1090,0.0097,1.5694,-1.2063,-1.8074,0.9528,2.0000
-0.7471,-2.3007,-1.4626,-0.8057,1.1191,1.7313,0.1149,0.1564,1.5391,3.0000
-3.0858,2.9776,4.0216,1.5083,2.0324,2.2829,-0.0172,0.4770,2.4910,0.0000
-1.8552,-1.2094,1.4279,-0.3970,1.9867,2.3809,-1.5866,-0.9156,3.7269,1.0000
-0.1069,0.0916,1.1522,0.2253,0.2541,1.9615,-0.6165,-0.4978,-0.0399,1.0000
-0.7259,-0.7181,0.8899,0.3858,0.2387,2.0612,1.0777,-1.0094,0.0394,1.0000
-2.1467,-2.5320,-1.7838,-1.8320,0.6670,3.0730,0.9737,1.2656,1.4768,3.0000
-2.8697,-2.4079,-0.5477,1.0108,2.9593,0.4993,1.8642,-0.7161,4.6804,1.0000
-0.3708,1.9251,-1.9559,-0.4890,-1.1085,-1.0600,1.8351,3.6173,-2.4196,0.0000
-0.5862,-1.1963,0.7456,0.0520,0.3294,0.4305,2.2136,-2.0910,0.3935,1.0000
-1.1004,-1.3233,-1.4955,-0.1411,0.3792,1.0057,0.8957,1.0224,0.7134,3.0000
-0.0862,-0.1298,0.1089,-0.1712,0.3967,0.3060,2.2730,-0.6972,-0.6991,1.0000
-1.9535,-1.0325,2.1794,1.3626,0.7240,0.8309,0.1330,-2.2117,2.8735,2.0000
-2.9443,-3.6323,-3.1364,-0.0373,-2.4466,-3.3489,-0.4913,1.1435,3.5522,0.0000
-0.2325,1.7813,0.8055,2.5549,1.0392,-0.5136,3.3579,-0.1066,-1.1243,0.0000
-3.7038,3.1697,10.2559,0.4780,-0.9222,2.7653,-1.1660,-5.2173,2.6680,2.0000
-0.0481,0.2713,1.3769,1.9912,-0.1857,2.9152,0.3179,-0.5336,-1.2767,1.0000
-0.8392,-0.7068,1.7692,0.5193,0.4996,2.8324,-1.2576,-1.1832,1.2674,1.0000
-1.0994,-1.4151,-1.3135,-1.7886,0.8347,2.9191,0.7454,1.2238,0.3922,3.0000
-0.5528,-0.4451,-0.7217,0.8938,2.4963,-0.9179,1.7724,-0.2383,1.9195,3.0000
0.0244,2.8431,3.8970,-1.1940,1.5702,1.1451,-0.7280,-1.3210,0.3866,2.0000
-1.1813,-2.6648,-0.9787,-0.2337,1.4578,3.5138,0.5321,-0.1531,1.5250,3.0000
-1.1849,-1.1824,-4.2992,-1.8874,-3.8780,-3.2338,0.4381,3.7562,-1.0707,0.0000
-0.1828,-0.4006,0.9410,0.6786,1.5524,0.7651,-0.0197,-1.2823,1.4177,2.0000
-2.0895,-1.5526,0.2772,-0.4895,2.2720,1.0255,0.6538,-0.7523,3.5905,1.0000
0.4890,-0.0040,1.3341,2.3051,-0.5304,1.1261,1.9170,-1.8607,-1.7991,1.0000
-0.1240,-1.1425,-1.1033,2.2287,1.2782,2.0115,-0.6079,0.7450,0.7931,3.0000
-0.7948,0.4104,0.9716,-0.2770,-1.0823,-1.2939,0.8634,-0.6797,0.0690,0.0000
-0.6186,1.7369,4.2465,1.5248,1.4553,1.8374,-2.0794,-1.8935,1.8562,2.0000
-1.3907,-1.7463,-1.1188,-0.4222,1.3877,1.6504,0.6375,0.4871,1.8565,3.0000
-0.6926,-1.3915,0.2293,1.0963,0.7832,-0.2861,1.7574,-1.7721,1.2978,1.0000
-1.5372,-3.4854,-2.0416,-0.0679,-0.6615,5.3674,0.2757,1.2121,-0.1996,3.0000
-0.5526,-1.1910,0.5630,-1.3933,2.2000,3.0987,-1.1258,-0.6022,2.0413,2.0000
-0.9294,-1.1199,-0.5437,-0.2611,3.2151,-0.6646,1.1143,-0.7232,3.3608,3.0000
-0.5157,-0.2922,1.0531,0.1253,2.7810,1.8880,-2.6073,-0.3375,3.2462,2.0000
-1.6565,0.3525,-1.7589,-0.1344,0.2298,-1.2249,2.1475,2.3543,0.4710,3.0000
1.8582,-0.7833,-3.2129,-1.4922,2.9652,-0.2876,0.9106,1.1913,-0.0969,2.0000
-0.5110,-2.1358,-2.6647,0.0368,-0.3198,1.5221,-0.3491,1.7236,0.2036,3.0000
-0.0873,-3.6560,-2.8377,-1.3474,-3.0744,-0.8892,-1.4846,0.1522,0.1850,0.0000
0.3046,0.1873,0.8101,-0.5329,-0.9023,2.6841,2.2438,-0.6225,-2.9612,1.0000
-1.3710,-1.1885,0.0101,0.2437,1.2739,0.8544,1.1061,-0.5549,1.8655,1.0000
0.0610,0.3678,0.3229,-0.7245,2.1551,1.6672,-0.0208,0.1772,0.6864,2.0000
0.1030,1.8454,2.4115,-1.1057,0.8214,-1.3941,-1.1507,-1.1556,1.2204,2.0000
-0.8206,-1.9628,-1.9353,-0.8561,0.1957,1.9410,0.0544,1.2107,0.5664,3.0000
-0.1025,-0.4615,0.3120,-0.3430,-0.2260,0.9095,1.8057,-0.8957,-0.9475,1.0000
-2.7314,1.5003,0.5644,0.5456,4.1954,-2.9916,3.9749,0.1521,4.1280,3.0000
-0.9204,-0.8655,-0.9737,-0.7406,2.6876,-1.4425,1.4603,-0.2394,2.8979,3.0000
-2.4644,-0.3566,-0.8356,-0.3430,1.4080,1.9183,2.1738,1.7980,1.2765,3.0000
-0.8163,-0.2017,-2.4679,-1.2558,-1.8861,-0.8732,-0.1006,2.9936,-0.7751,0.0000
0.1029,0.7155,-0.9832,0.3157,1.2890,-0.4202,0.2912,1.4041,0.2500,3.0000
-1.2439,-0.1575,-1.0224,-0.0215,0.6874,0.0586,0.7087,1.4516,1.0252,0.0000
-0.5433,-1.1652,0.3510,-0.2542,1.0623,-0.6354,0.9398,-1.7013,1.7987,1.0000
-2.0313,0.2931,0.9755,-0.9681,-0.0332,0.5195,-0.6042,0.6061,1.8247,0.0000
-1.2070,-0.7684,0.3318,-0.5973,1.9823,0.3825,-0.0415,-0.5284,2.8101,1.0000
-2.4560,-1.5266,-0.2165,1.0454,3.1342,2.0451,1.8795,-0.0879,3.3948,3.0000
-0.8651,-0.6421,0.8750,-1.3058,1.1830,1.0366,0.4317,-1.0580,1.5212,1.0000
-0.8546,-0.3573,0.2687,-1.2502,1.2492,2.0725,0.6419,0.0975,0.7144,1.0000
-1.0732,1.2359,0.1332,-0.9496,0.0833,-1.4394,1.6303,0.8524,0.1954,0.0000
-3.0216,-2.1201,-2.2568,0.5028,-4.0368,-4.8866,-0.1027,1.3207,2.3410,0.0000
1.3319,1.6647,0.2550,0.8761,-1.8360,0.3945,0.5736,0.7252,-3.7229,0.0000
0.7642,2.7554,1.4489,0.2009,0.9893,-0.5089,-1.0333,0.6031,-0.3880,2.0000
-0.2965,-0.9974,-2.0040,0.3174,-1.0385,3.6296,-0.3080,2.5763,-1.8680,3.0000
-0.5576,-1.0623,-1.8957,-0.3706,2.2966,-1.9464,0.3151,0.5760,2.9156,3.0000
-1.2857,2.0131,0.6392,0.6939,1.1633,-0.7209,2.2880,1.0701,0.2541,0.0000
-2.4891,-3.1866,1.0084,0.4556,2.1533,0.2514,-0.9812,-2.7057,5.9910,1.0000
-2.1900,0.3519,2.4896,0.8070,1.3215,1.7392,-2.7846,-0.2353,3.7558,2.0000
0.3340,-0.4873,0.7679,1.7888,-0.4352,-0.3148,3.7123,-2.4218,-1.6768,1.0000
-1.9711,1.0090,4.2095,-1.2308,0.8506,-0.5099,-1.3799,-2.5171,3.6300,2.0000
-0.9275,2.8113,1.3163,-1.7196,-1.2321,-0.3305,0.5117,1.6543,-1.4076,0.0000
-1.1865,1.0151,1.2749,-0.7412,-1.2207,-0.5145,0.4125,0.1040,-0.0839,0.0000
-0.3293,-0.9120,-3.9001,-1.2599,-0.9567,-1.4538,1.5510,2.9958,-0.9870,0.0000
-1.6986,-1.7413,0.0637,0.5419,2.0888,-0.3583,0.9874,-1.3362,3.6164,1.0000
-0.5555,-1.4576,-1.4153,-0.0959,2.4190,-1.5702,0.5863,-0.3143,3.0586,3.0000
-0.5008,-0.3691,1.3041,2.5185,0.3641,1.6794,0.4193,-1.2191,0.3143,1.0000
-0.4022,1.7340,1.6499,-0.4324,-4.7179,-0.7150,-1.2095,0.6349,-2.7518,0.0000
-2.9988,-2.6805,-1.2185,3.4737,1.5637,2.4950,2.0703,0.4626,2.8174,3.0000
0.5894,0.0448,1.0215,0.2623,-0.8113,0.8760,1.0666,-1.3574,-1.7021,1.0000
0.4418,0.8430,1.4603,0.2017,2.4605,2.3822,-1.7849,-0.2698,1.1077,2.0000
-1.9084,-1.8624,0.7889,-0.3917,2.1518,1.0948,-0.4874,-1.4155,4.1374,1.0000
-0.5895,1.2851,2.6226,-1.8069,-0.5663,-0.2719,-0.2440,-1.3158,0.2743,2.0000
0.1610,-0.4155,0.1361,2.0603,0.2877,-0.7619,1.9567,-1.3317,-0.2251,1.0000
0.4566,1.7574,1.7122,0.2810,0.8373,-1.3366,0.8853,-1.1282,-0.1394,2.0000
-1.9078,-2.4413,-0.0374,0.0523,1.9345,-0.5742,2.6286,-2.2058,3.3895,1.0000
-1.7917,0.4961,0.2579,0.1246,-0.2347,-0.8452,0.8844,0.7731,1.0919,0.0000
-0.5768,-0.3760,0.3596,-0.3074,0.0464,2.7817,0.7187,0.1184,-0.6917,1.0000
0.4187,-2.5104,-3.2324,1.4067,-0.9643,0.8613,-1.0193,1.5334,-0.3995,3.0000
-0.9376,3.0409,4.5261,0.7362,0.2323,-0.6714,-2.9442,-1.1105,2.0551,2.0000
-1.5295,1.9261,2.5022,-1.4265,0.1458,-1.7421,2.3469,-1.1246,0.6528,0.0000
1.8076,3.6997,1.8263,-0.3170,0.3654,-2.9726,-0.2353,-0.2669,-1.4512,2.0000
-0.3924,-0.2837,-0.4062,0.1034,-1.9794,-1.1880,0.0257,0.2860,-0.5538,0.0000
-0.7501,0.8226,2.2743,0.7402,-0.6018,-0.5531,-0.2486,-1.3502,0.6707,2.0000
1.1974,0.9752,0.7755,1.1164,-0.6681,0.1853,1.9086,-0.9300,-2.7695,1.0000
2.1216,3.0724,1.1350,-0.0674,0.5207,0.3657,2.8147,-0.1326,-4.2333,0.0000
-1.1042,-1.0866,1.8668,-0.3861,0.2223,3.0913,0.2414,-1.7656,0.7358,1.0000
-0.2004,0.5735,-0.7265,1.4961,2.2836,-1.7567,0.9043,0.5509,1.6586,3.0000
-0.0767,0.4465,0.3791,-1.2554,0.4573,1.5851,1.5893,0.0398,-1.1462,1.0000
-2.2376,0.8167,4.2048,-0.7455,-0.1590,-0.2318,-0.8167,-2.5027,2.8562,2.0000
-1.3335,-0.9589,0.3031,0.6147,1.7219,0.7195,1.0481,-0.7507,2.1897,1.0000
-0.7590,-1.1517,0.2282,-0.9769,0.9410,-0.5273,2.3357,-1.7223,1.1773,1.0000
-0.2432,-0.5333,0.6326,-0.7665,0.1434,0.5802,2.9724,-1.6443,-0.8285,1.0000
-2.7233,0.6224,-1.0067,0.0802,-3.6660,-2.5371,-0.3574,3.0228,0.2869,0.0000
-0.4852,-0.5341,-1.8014,0.3237,0.6280,-0.8039,0.4377,1.3806,0.8418,3.0000
-0.6314,-1.3102,1.5780,-0.8189,-0.6289,2.7488,2.1603,-2.3769,-0.9493,1.0000
1.8412,1.0020,-2.8228,1.4078,-3.2661,-2.0258,1.7144,2.4721,-5.0891,0.0000
-2.6787,-1.7658,3.3744,-1.0221,0.7910,2.9967,0.1291,-3.2731,3.3183,2.0000
-0.6343,-2.5213,-1.1690,0.3571,2.0393,1.6466,0.0229,-0.5394,2.3823,3.0000
-0.1717,0.2040,0.8458,1.7713,0.7298,1.1931,0.1487,-0.4474,0.2000,1.0000
-0.3204,2.8311,3.7349,-0.9127,-0.1737,0.1426,1.1221,-1.4820,-1.0274,0.0000
-0.1111,-0.0695,0.4372,-0.6970,0.5363,0.6232,0.4803,-0.4963,0.1481,1.0000
-1.3800,0.0888,-0.4214,1.2914,1.8278,0.8622,1.4425,1.0128,1.3080,3.0000
1.6708,2.5906,0.8443,-0.0526,-0.7924,2.8012,-0.0364,1.4351,-4.3604,1.0000
-0.8941,0.6504,0.0470,1.2912,-0.6590,-0.6863,1.4918,0.5985,-0.4505,0.0000
-0.3689,-1.5082,-0.6727,-0.7434,2.2320,1.8534,-0.1708,-0.1913,1.8682,3.0000
-1.5429,-0.1914,0.0941,0.6418,3.6261,0.4531,1.3106,-0.0008,3.2628,3.0000
0.5889,3.7592,1.5715,0.3080,1.2249,0.5063,3.0731,0.7902,-2.8768,0.0000
0.3506,1.7999,2.6536,-0.6336,1.4403,0.6908,-0.7767,-1.2101,0.4897,2.0000
1.0545,1.4520,1.0058,-0.0085,-1.2160,3.0409,1.3412,0.2914,-4.2067,1.0000
0.3626,-0.6303,0.0034,-1.6155,-6.0711,-1.3743,-1.8571,-0.0946,-2.9219,0.0000
-0.4190,-2.0290,-2.3504,0.4436,-0.1142,1.0180,0.7362,1.0136,0.0200,3.0000
1.5388,2.6908,0.9543,1.1086,1.1242,-0.3228,0.1573,0.4138,-1.6498,2.0000
-1.2439,0.1021,-0.6529,-0.3471,-3.2968,-2.3891,0.1126,1.2014,-0.5917,0.0000
-1.0515,-1.7053,-0.0316,0.3147,2.9936,2.8161,0.1033,-0.6042,2.7306,3.0000
-1.1711,-0.9600,0.6279,-0.4970,0.4445,2.7154,1.5263,-0.6579,0.1478,1.0000
-1.9434,-0.4999,-0.7364,0.1638,2.2903,-1.1433,3.3363,0.0885,2.3568,3.0000
0.9737,-2.9358,-2.0802,0.8882,-0.0247,3.2665,-2.3185,0.3825,-0.0979,3.0000
-2.5167,-1.0521,-1.6856,-0.2020,0.0899,1.1176,2.9072,1.8607,0.5429,3.0000
-0.5033,-0.5988,0.2242,-0.7992,0.7124,0.8692,1.1969,-0.6707,0.4131,1.0000
-1.5567,0.1567,-0.9081,-0.3725,1.1265,-0.6661,3.1436,0.9839,0.6707,3.0000
-0.0361,0.6545,2.8051,0.2123,0.9847,1.7934,0.0990,-2.1268,0.2877,2.0000
0.7712,1.0100,0.5952,-0.0266,-0.4838,1.7119,2.4830,-0.2137,-3.2516,1.0000
-2.4443,0.8113,-0.7195,1.3351,-1.3365,-3.2844,1.8248,1.7719,1.0367,0.0000
-0.2245,1.6074,-1.6886,-0.0772,0.2635,-1.3801,1.0946,2.8845,-0.8384,3.0000
0.2547,-0.6423,-0.0955,1.3305,2.5631,1.0522,-0.6488,-0.4845,1.8113,3.0000
-2.4843,1.2174,0.0289,0.2472,1.2863,0.4192,1.5388,2.1190,1.4866,0.0000
0.2901,-2.0710,-1.4625,0.3719,2.3886,0.6456,-1.6787,-0.1927,2.7299,3.0000
-1.9966,-1.0824,-2.0574,0.3836,-0.0423,0.5310,2.8892,1.8200,0.1895,3.0000
-1.9675,-0.4892,-1.1954,0.6470,-1.2229,-1.4460,0.3540,1.6162,1.1922,0.0000
-1.4283,-0.5410,-3.2828,-0.6841,0.2673,-2.0130,1.6138,2.9839,0.9854,0.0000
-0.0478,-2.3618,-1.1951,0.7599,0.8549,3.8328,-1.4623,0.3675,0.6796,3.0000
-1.5773,-0.1774,0.0446,-1.8342,1.4634,2.7861,1.8291,0.8030,0.4818,3.0000
-0.8607,-0.3305,-1.1389,-0.4021,1.5206,-1.4001,2.0010,0.4261,1.4067,3.0000
-6.5718,2.2248,12.0742,1.2009,-0.4329,5.0000,-3.4076,-5.4796,6.4777,2.0000
-2.4123,0.6824,5.4884,0.3662,0.1241,2.1247,-0.1404,-3.5302,2.2994,2.0000
-1.8849,0.7252,-2.2765,1.6316,-0.1392,-2.5151,3.3250,2.8314,0.0777,3.0000
-1.2123,3.6250,2.5714,-0.9345,3.5728,1.3479,3.5908,0.4043,0.0714,0.0000
-2.4426,0.0296,1.5719,1.7902,-1.2519,1.8555,-2.7345,0.9041,1.9804,0.0000
-1.9963,-1.3804,-2.6802,-1.4684,0.7314,-1.1735,1.4759,2.0337,2.1174,0.0000
-1.7559,-1.4819,-0.2055,-0.4880,2.1440,-0.3042,0.7768,-0.6992,3.5660,1.0000
-1.3229,-0.4849,-0.5610,-0.6793,-4.5982,-3.5340,-0.6124,0.5893,-0.3056,0.0000
-0.6963,2.3258,1.1598,0.2245,1.1952,1.4295,1.1775,1.2888,-0.6713,0.0000
-0.9488,-0.0129,-0.1710,2.4452,-1.0933,-0.9224,0.1258,0.5455,0.3078,0.0000
0.0368,-0.9857,-1.1165,0.2179,3.8114,2.1318,-1.1439,0.7149,2.5900,2.0000
-1.3118,0.4708,-0.3568,-0.7835,-2.3868,-1.8200,-0.0936,1.3656,-0.1528,0.0000
-2.1134,-2.0992,-1.6210,-0.1363,0.5310,3.3951,1.7898,1.3844,0.6487,3.0000
-0.1107,-1.3948,1.2307,-0.6065,-1.4581,1.6272,3.3777,-2.8582,-2.1015,1.0000
-2.0819,1.6203,1.0963,0.8453,1.8144,0.6983,0.9703,1.2472,1.7177,0.0000
-1.0231,0.2158,1.0165,1.3204,0.9933,3.2135,-1.1357,0.6555,0.8647,0.0000
-1.2745,-0.9336,-2.5501,-2.2692,-0.0308,-0.6985,1.6183,2.0857,0.4806,3.0000
-2.2450,-2.2561,-0.0266,0.6919,2.3125,0.0773,1.3393,-1.4160,4.1530,1.0000
-0.0986,-2.2959,-1.0468,-0.3983,2.5505,1.0328,-0.9171,-0.7492,2.8941,3.0000
-0.4522,-0.9083,0.8934,-0.1800,0.7038,-0.1794,2.3293,-2.2817,0.6381,1.0000
-1.6609,0.9849,-0.1127,-0.0576,-1.9800,-1.0737,0.0267,1.9040,-0.1568,0.0000
1.2160,-3.9538,-1.1445,-1.1328,1.5306,3.9374,-2.6265,-1.6756,1.4716,3.0000
0.9990,-0.5473,-0.5833,0.7302,3.2716,2.2858,-0.5746,-0.0315,0.9624,2.0000
-1.8003,-2.5686,0.4295,1.7799,1.8762,-0.4655,0.7394,-2.4228,4.2526,1.0000
-2.3257,-0.9310,-2.1559,0.2658,-1.2898,2.0351,3.0772,2.7378,-1.2679,3.0000
-2.0569,-1.6878,0.2972,0.2531,2.0300,1.8392,0.0001,-0.5271,3.4166,1.0000
-2.7347,2.4826,6.6940,0.1627,-0.8292,-0.1285,-0.1048,-3.4753,2.1434,2.0000
-1.7640,0.7904,2.5333,0.6847,-0.2143,1.8376,-0.0208,-0.5715,0.7674,2.0000
-1.0949,0.9049,-1.4751,0.9442,-1.3803,-1.3257,0.8594,2.7012,-0.7711,0.0000
-0.4446,1.2168,0.2738,-0.5937,-2.4489,-1.2572,0.5471,0.8981,-1.7054,0.0000
-1.6875,0.3391,-0.2463,-1.1663,2.1402,0.9907,2.5080,0.9761,1.1637,3.0000
-0.3114,-4.0205,-1.0281,-0.5543,3.1544,1.7579,-0.8800,-2.1784,4.1348,3.0000
-2.3813,3.4709,0.8746,-0.7087,0.0933,-0.4730,2.0983,3.0290,-0.3564,0.0000
-0.8874,-0.6733,-0.2612,-1.1301,1.4533,-0.3715,3.0906,-0.8424,0.8616,1.0000
-1.0482,-1.2940,-2.9775,0.1685,-2.9140,3.2211,1.1033,3.5455,-3.1391,3.0000
-0.2033,-0.5008,-0.8495,0.5485,1.2075,2.3526,-0.9556,1.2989,0.5334,3.0000
-0.8135,-0.3329,0.8031,1.8600,2.7060,2.9285,-1.9186,0.1849,2.6476,2.0000
-0.3318,0.0230,1.0964,-0.0276,-0.1030,3.0287,-0.3673,-0.1175,-0.6519,1.0000
-0.1727,0.0784,0.4717,1.1040,0.9347,0.3317,0.6060,-0.5076,0.4827,1.0000
-1.1653,-0.2093,0.0052,0.0047,1.6173,1.9957,0.3935,0.7043,1.2387,1.0000
0.1623,-0.3197,-2.7315,-0.3186,-3.0286,-2.8547,1.6969,1.8023,-2.3958,0.0000
-3.2269,1.3050,3.9385,0.9244,1.3203,3.6103,-3.5279,0.3082,4.0128,2.0000
-1.6079,0.8887,2.0036,-2.3712,-0.9939,-0.5104,-0.1628,-0.4786,0.9474,0.0000
0.5753,-0.1227,1.2404,1.0168,-0.6369,0.0720,2.2799,-2.2702,-1.6229,1.0000
-1.1687,-1.9580,0.9598,-1.0014,1.0456,-0.2805,2.5207,-3.0672,2.0371,1.0000
-2.2192,-2.1474,0.6489,-0.7521,1.5650,1.6699,-0.3095,-1.1891,3.7706,1.0000
-2.3378,-2.4247,1.2234,1.1976,2.4627,0.7806,-0.5802,-2.2898,5.3177,1.0000
-0.5710,-0.3608,-0.4872,0.3767,-2.2523,-0.9822,-0.4605,0.5996,-0.4469,0.0000
-0.9411,3.1957,5.1597,0.7900,1.0089,0.7193,-0.7186,-1.9080,1.0979,2.0000
-2.2539,0.7592,-0.3050,0.2930,-1.4217,-1.5237,-0.4930,2.1779,1.2469,0.0000
1.2123,1.0745,-1.2369,-0.7252,-0.0941,-2.2394,3.3871,0.3442,-2.5695,0.0000
0.4565,1.0912,1.7038,2.5399,0.8813,-1.6607,0.4398,-1.7388,0.5948,2.0000
-0.8158,1.8945,0.4152,-0.3113,-1.3095,-1.7676,2.1318,0.9644,-1.4043,0.0000
-0.8562,-0.1663,-1.3539,-0.2280,1.0702,-2.2472,2.5577,0.5112,1.0416,3.0000
-1.9034,-2.1920,0.8721,0.1158,0.8136,2.0307,1.6073,-1.9364,2.0233,1.0000
-1.8971,2.5374,6.2081,-0.4919,-0.5801,0.5571,-2.0037,-2.7430,2.0314,2.0000
2.6665,3.6573,1.3314,-0.3612,-1.5218,-1.3064,3.5552,-0.4979,-6.0619,3.0000
-2.3751,0.7192,-0.5977,-0.6826,0.3922,-0.5127,0.9955,2.2562,1.5045,0.0000
-1.8672,-2.4899,0.9588,-2.0625,1.0251,1.0165,2.1464,-2.7539,2.5190,1.0000
-2.6102,-0.2559,0.3880,-0.7658,0.9980,-1.8689,1.9767,-0.2919,3.0589,0.0000
1.5214,1.8109,0.7503,-0.1561,-1.0846,1.5288,0.8934,0.3534,-3.9209,1.0000
-1.1946,-1.0027,-1.0982,-1.7156,1.2185,1.6298,0.4150,1.1298,1.2759,3.0000
-0.7953,-0.2854,0.7008,-1.3416,1.2064,1.6324,-0.1199,-0.2776,1.2353,1.0000
-1.8504,0.8751,-0.0742,-0.6638,0.4625,0.2902,0.8590,1.7685,0.8813,0.0000
-2.0822,-0.9990,-0.0451,-0.1697,-1.9258,-1.0412,-1.0792,0.4349,1.8279,0.0000
-0.1004,1.7978,4.0375,-1.2096,0.5092,1.2625,0.1061,-2.4617,-0.0930,2.0000
-0.0101,3.8524,1.9802,-0.5607,0.2204,1.6512,1.4582,1.5465,-2.8032,0.0000
-2.2001,0.3927,-0.2280,-1.5138,2.1790,0.9535,1.7420,1.4591,1.9603,3.0000
-2.7315,3.7950,7.6211,1.0317,-0.6179,0.9796,-2.9618,-2.3078,2.6287,2.0000
-1.2020,-1.1029,-2.7338,2.2839,-0.9863,0.6478,1.1415,2.6551,-0.5820,3.0000
1.7870,0.3488,-2.0189,-0.2834,-2.2043,-1.2964,1.5654,1.1022,-3.9567,0.0000
-1.8246,-1.0152,0.0700,0.4253,3.0337,1.0810,1.6848,-0.4656,3.0812,3.0000
-2.7530,3.9397,8.3089,2.4568,-1.4779,0.2392,-1.8271,-3.2966,1.9230,2.0000
-1.1942,0.5623,0.3016,0.9761,-1.5118,-1.4164,0.5123,0.5272,0.0520,0.0000
-2.7071,-3.3324,0.2022,0.5412,2.2490,-0.3282,1.4866,-2.5759,5.2503,1.0000
-0.4950,-0.9917,0.3211,0.4306,0.8289,1.5681,1.8029,-1.1298,0.1592,2.0000
-5.9391,-0.3753,7.5516,-0.6946,-1.7646,1.3998,-1.1957,-4.6190,5.7922,2.0000
-0.9467,0.1243,-1.1038,0.1765,-1.2288,-0.8251,0.5558,1.6495,-0.3398,0.0000
0.1498,-1.0560,-1.2998,1.2715,-1.2300,0.1888,0.0741,0.5141,-0.8798,0.0000
0.0297,0.1471,-0.1879,-1.0801,0.6211,0.3256,-0.6010,0.4962,0.4285,2.0000
-1.0914,0.2097,2.0679,0.3056,2.3274,1.9569,-1.4107,-0.8853,2.8154,2.0000
0.0807,-0.7321,0.2517,-1.5267,0.6402,-1.8765,2.8557,-2.2611,0.3681,1.0000
-2.6707,0.7847,-0.6346,-1.1010,-1.4643,-2.4790,0.8903,2.2247,1.2506,0.0000
-1.9609,-0.3349,-0.2220,-0.3129,1.2285,3.4362,2.0286,1.3100,0.2869,3.0000
-0.3629,-0.0820,0.6103,-1.2552,-1.5761,-3.1498,1.3792,-1.5469,0.0834,0.0000
-0.9937,-0.2702,1.0025,-1.1920,1.7856,1.6892,-0.2531,-0.5022,1.9252,1.0000
-2.2551,-0.1994,3.4610,0.3385,0.5428,1.2512,-1.2083,-2.2259,3.2924,2.0000
0.2908,0.9080,0.7880,1.4592,0.2576,2.2291,0.6669,0.2309,-1.6060,1.0000
-2.1069,-1.3321,2.6744,-0.3634,0.8654,2.0895,-1.6528,-2.2224,3.6663,2.0000
-1.4771,-1.0734,-0.1059,0.4914,1.5144,1.1856,1.6390,-0.3217,1.6543,1.0000
0.0241,0.2378,0.6668,-0.5643,-0.5206,2.8173,0.7561,0.0888,-1.8978,1.0000
0.9258,2.8773,0.8866,1.6767,-1.3258,0.4907,1.1917,1.2311,-3.8371,0.0000
0.8386,-0.5797,-1.4917,0.3307,1.8147,-0.4847,1.2262,0.0317,0.1967,2.0000
-4.8405,-0.6904,-0.0410,0.7439,0.5341,-1.3069,0.6883,1.5095,5.0732,0.0000
-0.8385,4.7289,7.2589,-0.9795,-0.6482,0.3896,-1.2327,-2.6268,-0.1209,2.0000
-2.5641,-3.2295,0.6359,-1.0812,2.3052,-0.3955,0.5475,-2.8398,5.6773,1.0000
-0.3026,-1.0858,0.5179,0.5763,-0.0146,0.7921,1.1965,-1.5175,0.0935,1.0000
-4.0390,2.6278,8.3338,-0.0934,-1.3840,1.1105,-3.1350,-3.3327,4.0192,2.0000
-1.1556,0.2440,-0.8944,0.5590,1.8456,-1.6017,2.1664,0.7400,1.6479,3.0000
1.0274,2.9571,0.9330,-0.1005,4.1443,1.1848,4.4021,0.0501,-1.7478,0.0000
-1.4821,1.8893,2.8777,0.9877,1.2256,1.2412,-0.9613,-0.1461,1.7343,2.0000
-1.4868,-0.3182,1.6456,1.0078,1.9236,2.5303,-0.4219,-0.7420,2.3480,2.0000
-0.0364,0.1208,0.1636,-0.6648,0.7228,0.6503,1.4094,-0.2849,-0.3853,1.0000
1.1117,1.3527,-2.2211,0.5434,-3.1328,-2.9950,2.5342,2.0794,-4.3762,0.0000
-1.2265,-0.9672,1.4833,-1.3647,3.2946,2.6534,-2.3417,-0.9804,4.2494,2.0000
-0.5512,1.6985,3.3098,1.8271,1.8327,0.4158,-1.2743,-1.5310,2.0964,2.0000
-1.4224,0.8310,4.8611,0.2708,-0.0675,0.7496,1.2269,-3.9067,1.0542,2.0000
-2.6780,-0.2622,-0.6804,-0.2355,2.4725,-0.4738,3.4989,0.7792,2.6322,3.0000
0.3240,-1.6420,-1.0071,1.2003,-2.7538,-1.5430,0.1381,-0.7792,-1.0239,0.0000
-0.2214,0.2609,1.4710,-0.2468,3.1009,2.1205,0.3396,-1.1088,1.6021,2.0000
-1.6569,-1.0324,0.6975,-0.4181,1.6992,2.4973,0.9207,-0.5793,1.8872,1.0000
-0.0427,1.3951,2.7669,-0.8659,-0.8000,1.3746,0.4343,-1.3779,-1.3855,2.0000
-1.2568,-1.6749,-3.1685,0.0738,-1.4594,1.0339,0.5991,2.9024,-0.5937,3.0000
-1.9827,1.5465,5.0045,-0.2316,1.7580,3.2753,-1.6146,-1.9240,2.6983,2.0000
-0.0741,-2.6053,-2.7270,-1.2492,-1.2072,3.2907,-0.9293,1.7980,-1.0541,3.0000
0.3887,0.7348,0.4390,-1.2330,-0.3871,2.2358,1.8564,0.1859,-2.6884,1.0000
-1.5990,-1.1795,-0.2107,-0.5539,2.4530,-0.1455,1.4582,-0.6441,3.1147,1.0000
-0.9950,-0.0007,1.9059,0.3375,2.2954,3.1695,-1.8630,-0.5299,2.4740,1.0000
-2.3198,3.0698,7.1141,0.6676,-1.3438,-0.5494,-2.6939,-3.0551,2.5560,2.0000
-1.4021,-1.0708,-0.9977,-0.3849,1.3632,1.8561,1.6286,0.8249,0.9735,3.0000
-2.0929,0.2584,-0.0768,-0.9997,2.1756,-0.1974,2.1745,0.6984,2.2739,0.0000
-1.1747,1.5064,1.3969,-0.2622,-0.9685,-0.9335,1.1990,0.1076,-0.3270,0.0000
-1.4145,1.7471,1.5151,0.8249,-0.5632,-1.4939,1.8577,-0.0071,0.0065,0.0000
-0.0952,0.3172,-0.8834,0.3427,1.3432,-0.3835,0.4379,0.9923,0.6177,3.0000
-2.4893,-1.9580,-0.1796,0.8444,2.7534,0.7655,0.2647,-0.4359,4.6676,1.0000
-1.8726,-2.4317,0.2068,-1.4541,1.9496,-0.6273,0.3485,-1.9620,4.4803,1.0000
-1.1946,1.1418,-0.6627,-1.4385,2.7998,-2.8437,2.6429,0.8215,2.2498,3.0000
-1.0745,-1.6494,-2.3575,-0.5994,-1.0588,1.5678,1.1071,1.9025,-0.7223,3.0000
-0.6682,0.5248,-0.9733,0.0688,-1.8872,-1.4374,0.8954,1.5590,-1.1294,0.0000
-1.2114,-0.5781,0.2461,-0.9854,1.3548,2.0277,-0.1868,0.2838,1.5998,1.0000
-2.3746,-1.7724,0.3359,2.0765,2.3309,1.8989,-1.9249,-0.0335,4.8021,1.0000
-1.5886,2.6309,5.0547,1.0879,-0.4486,0.1642,-0.4937,-2.0184,1.0073,2.0000
-0.9958,-2.2917,-1.2306,-0.4483,1.8553,2.8338,0.3399,0.2050,1.7638,3.0000
-1.3030,4.5541,8.8811,-0.5483,-1.8254,-3.1695,-0.2623,-5.3828,1.0031,2.0000
-3.6766,-0.2241,1.0302,1.2182,-0.3269,0.8638,-1.7560,1.3591,3.6687,0.0000
1.3541,4.3711,3.9287,0.0162,1.0630,-0.2982,-0.5317,-1.0096,-1.4036,2.0000
-1.7071,-2.0486,-0.7070,-0.6692,0.5792,1.0505,3.0465,-0.7285,0.9756,1.0000
-0.9166,-2.4622,-1.8905,1.5325,0.7961,2.3791,-0.2528,0.8631,1.3188,3.0000
-1.4010,-2.9115,-1.7915,-0.3459,0.5218,3.1203,0.1399,0.7236,1.3071,3.0000
-2.1071,0.9224,-1.1201,-0.0957,1.0954,-1.1841,3.5049,2.0366,0.6948,3.0000
-1.7463,0.5720,-1.6266,-0.1060,0.1486,-0.9981,3.2058,2.2835,-0.1735,2.0000
0.6487,-0.1331,0.7205,-0.6343,-0.3936,-1.3375,3.3232,-2.3869,-1.5070,1.0000
-0.7625,-0.6673,-3.2114,0.7491,-1.5167,-0.0758,1.0713,3.2391,-1.3558,3.0000
-3.8216,0.6424,2.2376,-1.2222,1.8551,1.0795,-0.4045,0.4333,4.4966,0.0000
-0.0593,-0.9055,-0.8633,0.1290,1.3035,0.5281,-0.6977,0.2969,1.3597,2.0000
-1.0763,0.1182,-1.0159,-0.8130,-1.6874,0.6764,-0.6402,2.3446,-0.6348,0.0000
-0.7414,-1.2219,-1.7519,0.2452,-4.8779,-1.6788,-1.5617,1.6295,-1.2558,0.0000
-1.5750,-1.3486,-1.5077,-0.3652,0.5045,1.5592,0.9471,1.3955,0.9555,3.0000
-2.5203,-0.7964,-2.0100,-0.9006,-0.8133,-2.5382,1.1499,2.0161,2.0201,0.0000
0.3659,-2.5575,-0.4638,-0.0518,2.3798,3.3189,-2.0240,-1.0224,2.1989,3.0000
-3.4121,1.9248,6.2342,-1.1274,-0.4834,1.9779,-1.7252,-2.2181,2.9885,2.0000
1.0849,1.8572,2.0012,-2.1172,0.7503,-1.1996,-0.2221,-1.3949,-0.2704,2.0000
0.2886,-2.6158,-1.3179,0.8315,0.9694,3.3670,-1.6226,-0.0215,0.8579,3.0000
-1.3678,-2.1901,1.3936,0.4302,0.8118,0.6304,0.3819,-2.8888,2.8520,1.0000
-0.4483,-1.6729,-2.3089,1.7680,-2.3287,-0.9850,-0.7757,1.3859,-0.2049,0.0000
-0.7652,0.3417,-0.0669,0.1457,2.1050,0.7899,1.2412,0.5189,1.0639,3.0000
-0.5797,-0.9903,1.4156,0.4842,-0.0162,1.9683,1.4113,-2.0116,-0.0962,1.0000
